,159920,159949,300033,510300,510500,512290,512660,512760,512800,512880,512980,513500,518880,600089,600570,651
2017-12-11,0.0,0.0,0.0,0.0,0.0,0.0,0.0,0.0,0.0,0.0,0.0,0.0,0.0,0.0,0.0,0.0
2017-12-12,0.0,0.0,0.0,0.0,0.0,0.0,0.0,0.0,0.0,0.0,0.0,0.0,0.0,0.0,0.0,0.0
2017-12-13,0.0,0.0,0.0,0.0,0.0,0.0,0.0,0.0,0.0,0.0,0.0,0.0,0.0,0.0,0.0,0.0
2017-12-14,0.0,0.0,0.0,34600.0,0.0,0.0,0.0,0.0,0.0,0.0,0.0,0.0,0.0,0.0,0.0,0.0
2017-12-15,0.0,0.0,0.0,34600.0,0.0,0.0,0.0,0.0,0.0,0.0,0.0,0.0,0.0,0.0,0.0,0.0
2017-12-18,0.0,0.0,0.0,34600.0,0.0,0.0,0.0,0.0,0.0,0.0,0.0,0.0,0.0,0.0,0.0,0.0
2017-12-19,0.0,0.0,0.0,34600.0,0.0,0.0,0.0,0.0,0.0,0.0,0.0,0.0,0.0,0.0,0.0,0.0
2017-12-20,0.0,0.0,0.0,34600.0,0.0,0.0,0.0,0.0,0.0,0.0,0.0,0.0,0.0,0.0,0.0,0.0
2017-12-21,0.0,0.0,0.0,34600.0,0.0,0.0,0.0,0.0,0.0,0.0,0.0,0.0,0.0,0.0,0.0,0.0
2017-12-22,0.0,0.0,0.0,34600.0,0.0,0.0,0.0,0.0,0.0,0.0,0.0,0.0,0.0,0.0,0.0,0.0
2017-12-25,0.0,0.0,0.0,34600.0,0.0,0.0,0.0,0.0,0.0,0.0,0.0,0.0,0.0,0.0,0.0,0.0
2017-12-26,0.0,0.0,0.0,34600.0,0.0,0.0,0.0,0.0,0.0,0.0,0.0,0.0,0.0,0.0,0.0,0.0
2017-12-27,0.0,0.0,0.0,34600.0,0.0,0.0,0.0,0.0,0.0,0.0,0.0,0.0,0.0,0.0,0.0,0.0
2017-12-28,0.0,0.0,0.0,34600.0,0.0,0.0,0.0,0.0,0.0,0.0,0.0,0.0,0.0,0.0,0.0,0.0
2017-12-29,0.0,0.0,0.0,34600.0,0.0,0.0,0.0,0.0,0.0,0.0,0.0,0.0,0.0,0.0,0.0,0.0
2018-01-02,0.0,0.0,0.0,34600.0,0.0,0.0,0.0,0.0,0.0,0.0,0.0,0.0,0.0,0.0,0.0,0.0
2018-01-03,0.0,0.0,0.0,39400.0,0.0,0.0,0.0,0.0,0.0,0.0,0.0,0.0,0.0,0.0,0.0,0.0
2018-01-04,0.0,0.0,0.0,39400.0,0.0,0.0,0.0,0.0,0.0,0.0,0.0,0.0,0.0,0.0,0.0,0.0
2018-01-05,0.0,0.0,0.0,39400.0,0.0,0.0,0.0,0.0,0.0,0.0,0.0,0.0,0.0,0.0,0.0,0.0
2018-01-08,0.0,0.0,0.0,39400.0,0.0,0.0,0.0,0.0,0.0,0.0,0.0,0.0,0.0,0.0,0.0,0.0
2018-01-09,0.0,0.0,0.0,39400.0,0.0,0.0,0.0,0.0,0.0,0.0,0.0,0.0,0.0,0.0,0.0,0.0
2018-01-10,0.0,0.0,0.0,39400.0,0.0,0.0,0.0,0.0,0.0,0.0,0.0,0.0,0.0,0.0,0.0,0.0
2018-01-11,0.0,0.0,0.0,39400.0,0.0,0.0,0.0,0.0,0.0,0.0,0.0,0.0,0.0,0.0,0.0,0.0
2018-01-12,0.0,0.0,0.0,39400.0,0.0,0.0,0.0,0.0,0.0,0.0,0.0,0.0,0.0,0.0,0.0,0.0
2018-01-15,0.0,0.0,0.0,39400.0,0.0,0.0,0.0,0.0,0.0,0.0,0.0,0.0,0.0,0.0,0.0,0.0
2018-01-16,0.0,0.0,0.0,39400.0,0.0,0.0,0.0,0.0,0.0,0.0,0.0,0.0,0.0,0.0,0.0,0.0
2018-01-17,0.0,0.0,0.0,39400.0,0.0,0.0,0.0,0.0,0.0,0.0,0.0,0.0,0.0,0.0,0.0,0.0
2018-01-18,0.0,0.0,0.0,44000.0,0.0,0.0,0.0,0.0,0.0,0.0,0.0,0.0,0.0,0.0,0.0,0.0
2018-01-19,0.0,0.0,0.0,44000.0,0.0,0.0,0.0,0.0,0.0,0.0,0.0,0.0,0.0,0.0,0.0,0.0
2018-01-22,0.0,0.0,0.0,44000.0,0.0,0.0,0.0,0.0,0.0,0.0,0.0,0.0,0.0,0.0,0.0,0.0
2018-01-23,0.0,0.0,0.0,44000.0,0.0,0.0,0.0,0.0,0.0,0.0,0.0,0.0,0.0,0.0,0.0,0.0
2018-01-24,0.0,0.0,0.0,44000.0,0.0,0.0,0.0,0.0,0.0,0.0,0.0,0.0,0.0,0.0,0.0,0.0
2018-01-25,0.0,0.0,0.0,44000.0,0.0,0.0,0.0,0.0,0.0,0.0,0.0,0.0,0.0,0.0,0.0,0.0
2018-01-26,0.0,0.0,0.0,44000.0,0.0,0.0,0.0,0.0,0.0,0.0,0.0,0.0,0.0,0.0,0.0,0.0
2018-01-29,0.0,0.0,0.0,44000.0,0.0,0.0,0.0,0.0,0.0,0.0,0.0,0.0,0.0,0.0,0.0,0.0
2018-01-30,0.0,0.0,0.0,44000.0,0.0,0.0,0.0,0.0,0.0,0.0,0.0,0.0,0.0,0.0,0.0,0.0
2018-01-31,0.0,0.0,0.0,44000.0,0.0,0.0,0.0,0.0,0.0,0.0,0.0,0.0,0.0,0.0,0.0,0.0
2018-02-01,0.0,0.0,0.0,48700.0,0.0,0.0,0.0,0.0,0.0,0.0,0.0,0.0,0.0,0.0,0.0,0.0
2018-02-02,0.0,0.0,0.0,48700.0,6300.0,0.0,0.0,0.0,0.0,0.0,0.0,0.0,0.0,0.0,0.0,0.0
2018-02-05,0.0,0.0,0.0,48700.0,6300.0,0.0,0.0,0.0,0.0,0.0,0.0,0.0,0.0,0.0,0.0,0.0
2018-02-06,0.0,0.0,0.0,48700.0,6300.0,0.0,0.0,0.0,0.0,0.0,0.0,0.0,0.0,0.0,0.0,0.0
2018-02-07,0.0,0.0,0.0,48700.0,6300.0,0.0,0.0,0.0,0.0,0.0,0.0,0.0,0.0,0.0,0.0,0.0
2018-02-08,0.0,0.0,0.0,48700.0,6300.0,0.0,0.0,0.0,0.0,0.0,0.0,0.0,0.0,0.0,0.0,0.0
2018-02-09,0.0,0.0,0.0,48700.0,6300.0,0.0,0.0,0.0,0.0,0.0,0.0,0.0,0.0,0.0,0.0,0.0
2018-02-12,0.0,0.0,0.0,53900.0,6300.0,0.0,0.0,0.0,0.0,0.0,0.0,0.0,0.0,0.0,0.0,0.0
2018-02-13,0.0,0.0,0.0,53900.0,6300.0,0.0,0.0,0.0,0.0,0.0,0.0,0.0,0.0,0.0,0.0,0.0
2018-02-14,0.0,0.0,0.0,53900.0,6300.0,0.0,0.0,0.0,0.0,0.0,0.0,0.0,0.0,0.0,0.0,0.0
2018-02-22,0.0,0.0,0.0,53900.0,6300.0,0.0,0.0,0.0,0.0,0.0,0.0,0.0,0.0,0.0,0.0,0.0
2018-02-23,0.0,0.0,0.0,53900.0,6300.0,0.0,0.0,0.0,0.0,0.0,0.0,0.0,0.0,0.0,0.0,0.0
2018-02-26,0.0,0.0,0.0,53900.0,6300.0,0.0,0.0,0.0,0.0,0.0,0.0,0.0,0.0,0.0,0.0,0.0
2018-02-27,0.0,0.0,0.0,53900.0,6300.0,0.0,0.0,0.0,0.0,0.0,0.0,0.0,0.0,0.0,0.0,0.0
2018-02-28,0.0,0.0,0.0,53900.0,6300.0,0.0,0.0,0.0,0.0,0.0,0.0,0.0,0.0,0.0,0.0,0.0
2018-03-01,0.0,0.0,0.0,53900.0,6300.0,0.0,0.0,0.0,0.0,0.0,0.0,0.0,0.0,0.0,0.0,0.0
2018-03-02,0.0,0.0,0.0,53900.0,6300.0,0.0,0.0,0.0,0.0,0.0,0.0,0.0,0.0,0.0,0.0,0.0
2018-03-05,0.0,0.0,0.0,53900.0,6300.0,0.0,0.0,0.0,0.0,0.0,0.0,0.0,0.0,0.0,0.0,0.0
2018-03-06,0.0,0.0,0.0,53900.0,6300.0,0.0,0.0,0.0,0.0,0.0,0.0,0.0,0.0,0.0,0.0,0.0
2018-03-07,0.0,0.0,0.0,53900.0,6300.0,0.0,0.0,0.0,0.0,0.0,0.0,0.0,0.0,0.0,0.0,0.0
2018-03-08,0.0,0.0,0.0,53900.0,6300.0,0.0,0.0,0.0,0.0,0.0,0.0,0.0,0.0,0.0,0.0,0.0
2018-03-09,0.0,0.0,0.0,53900.0,6300.0,0.0,0.0,0.0,0.0,0.0,0.0,0.0,0.0,0.0,0.0,0.0
2018-03-12,0.0,0.0,0.0,53900.0,6300.0,0.0,0.0,0.0,0.0,0.0,0.0,0.0,0.0,0.0,0.0,0.0
2018-03-13,0.0,0.0,0.0,53900.0,6300.0,0.0,0.0,0.0,0.0,0.0,0.0,0.0,0.0,0.0,0.0,0.0
2018-03-14,0.0,0.0,0.0,53900.0,6300.0,0.0,0.0,0.0,0.0,0.0,0.0,0.0,0.0,0.0,0.0,0.0
2018-03-15,0.0,0.0,0.0,63700.0,6300.0,0.0,0.0,0.0,0.0,0.0,0.0,0.0,0.0,0.0,0.0,0.0
2018-03-16,0.0,0.0,0.0,63700.0,6300.0,0.0,0.0,0.0,0.0,0.0,0.0,0.0,0.0,0.0,0.0,0.0
2018-03-19,0.0,0.0,0.0,63700.0,6300.0,0.0,0.0,0.0,0.0,0.0,0.0,0.0,0.0,0.0,0.0,0.0
2018-03-20,0.0,0.0,0.0,63700.0,6300.0,0.0,0.0,0.0,0.0,0.0,0.0,0.0,0.0,0.0,0.0,0.0
2018-03-21,0.0,0.0,0.0,63700.0,6300.0,0.0,0.0,0.0,0.0,0.0,0.0,0.0,0.0,0.0,0.0,0.0
2018-03-22,0.0,0.0,0.0,63700.0,6300.0,0.0,0.0,0.0,0.0,0.0,0.0,0.0,0.0,0.0,0.0,0.0
2018-03-23,0.0,0.0,0.0,63700.0,6300.0,0.0,0.0,0.0,0.0,0.0,0.0,0.0,0.0,0.0,0.0,0.0
2018-03-26,0.0,0.0,0.0,63700.0,6300.0,0.0,0.0,0.0,0.0,0.0,0.0,0.0,0.0,0.0,0.0,0.0
2018-03-27,0.0,0.0,0.0,63700.0,6300.0,0.0,0.0,0.0,0.0,0.0,0.0,0.0,0.0,0.0,0.0,0.0
2018-03-28,0.0,0.0,0.0,63700.0,6300.0,0.0,0.0,0.0,0.0,0.0,0.0,0.0,0.0,0.0,0.0,0.0
2018-03-29,0.0,0.0,0.0,63700.0,6300.0,0.0,0.0,0.0,0.0,0.0,0.0,0.0,0.0,0.0,0.0,0.0
2018-03-30,0.0,0.0,0.0,63700.0,6300.0,0.0,0.0,0.0,0.0,0.0,0.0,0.0,0.0,0.0,0.0,0.0
2018-04-02,0.0,0.0,0.0,63700.0,6300.0,0.0,0.0,0.0,0.0,0.0,0.0,0.0,0.0,0.0,0.0,0.0
2018-04-03,0.0,0.0,0.0,63700.0,6300.0,0.0,0.0,0.0,0.0,0.0,0.0,0.0,0.0,0.0,0.0,0.0
2018-04-04,0.0,0.0,0.0,68900.0,6300.0,0.0,0.0,0.0,0.0,0.0,0.0,0.0,0.0,0.0,0.0,0.0
2018-04-09,0.0,0.0,0.0,68900.0,6300.0,0.0,0.0,0.0,0.0,0.0,0.0,0.0,0.0,0.0,0.0,0.0
2018-04-10,0.0,0.0,0.0,68900.0,6300.0,0.0,0.0,0.0,0.0,0.0,0.0,0.0,0.0,0.0,0.0,0.0
2018-04-11,0.0,0.0,0.0,68900.0,6300.0,0.0,0.0,0.0,0.0,0.0,0.0,0.0,0.0,0.0,0.0,0.0
2018-04-12,0.0,0.0,0.0,68900.0,6300.0,0.0,0.0,0.0,0.0,0.0,0.0,0.0,0.0,0.0,0.0,0.0
2018-04-13,0.0,0.0,0.0,68900.0,6300.0,0.0,0.0,0.0,0.0,0.0,0.0,0.0,0.0,0.0,0.0,0.0
2018-04-16,0.0,0.0,0.0,74100.0,6300.0,0.0,0.0,0.0,0.0,0.0,0.0,0.0,0.0,0.0,0.0,0.0
2018-04-17,0.0,0.0,0.0,74100.0,6300.0,0.0,0.0,0.0,0.0,0.0,0.0,0.0,0.0,0.0,0.0,0.0
2018-04-18,0.0,0.0,0.0,74100.0,6300.0,0.0,0.0,0.0,0.0,0.0,0.0,0.0,0.0,0.0,0.0,0.0
2018-04-19,0.0,0.0,0.0,74100.0,6300.0,0.0,0.0,0.0,0.0,0.0,0.0,0.0,0.0,0.0,0.0,0.0
2018-04-20,0.0,0.0,0.0,74100.0,6300.0,0.0,0.0,0.0,0.0,0.0,0.0,0.0,0.0,0.0,0.0,0.0
2018-04-23,0.0,0.0,0.0,74100.0,6300.0,0.0,0.0,0.0,0.0,0.0,0.0,0.0,0.0,0.0,0.0,0.0
2018-04-24,0.0,0.0,0.0,74100.0,6300.0,0.0,0.0,0.0,0.0,0.0,0.0,0.0,0.0,0.0,0.0,0.0
2018-04-25,0.0,0.0,0.0,74100.0,6300.0,0.0,0.0,0.0,0.0,0.0,0.0,0.0,0.0,0.0,0.0,0.0
2018-04-26,0.0,0.0,0.0,74100.0,6300.0,0.0,0.0,0.0,0.0,0.0,0.0,0.0,0.0,0.0,0.0,0.0
2018-04-27,0.0,0.0,0.0,74100.0,6300.0,0.0,0.0,0.0,0.0,0.0,0.0,0.0,0.0,0.0,0.0,0.0
2018-05-02,0.0,0.0,0.0,74100.0,6300.0,0.0,0.0,0.0,0.0,0.0,0.0,0.0,0.0,0.0,0.0,0.0
2018-05-03,0.0,0.0,0.0,74100.0,6300.0,0.0,0.0,0.0,0.0,0.0,0.0,0.0,0.0,0.0,0.0,0.0
2018-05-04,0.0,0.0,0.0,74100.0,6300.0,0.0,0.0,0.0,0.0,0.0,0.0,0.0,0.0,0.0,0.0,0.0
2018-05-07,0.0,0.0,0.0,74100.0,6300.0,0.0,0.0,0.0,0.0,0.0,0.0,0.0,0.0,0.0,0.0,0.0
2018-05-08,0.0,0.0,0.0,74100.0,6300.0,0.0,0.0,0.0,0.0,0.0,0.0,0.0,0.0,0.0,0.0,0.0
2018-05-09,0.0,0.0,0.0,74100.0,6300.0,0.0,0.0,0.0,0.0,0.0,0.0,0.0,0.0,0.0,0.0,0.0
2018-05-10,0.0,0.0,0.0,74100.0,6300.0,0.0,0.0,0.0,0.0,0.0,0.0,0.0,0.0,0.0,0.0,0.0
2018-05-11,0.0,0.0,0.0,79300.0,6300.0,0.0,0.0,0.0,0.0,0.0,0.0,0.0,0.0,0.0,0.0,0.0
2018-05-14,0.0,0.0,0.0,79300.0,6300.0,0.0,0.0,0.0,0.0,0.0,0.0,0.0,0.0,0.0,0.0,0.0
2018-05-15,0.0,0.0,0.0,79300.0,6300.0,0.0,0.0,0.0,0.0,0.0,0.0,0.0,0.0,0.0,0.0,0.0
2018-05-16,0.0,0.0,0.0,79300.0,6300.0,0.0,0.0,0.0,0.0,0.0,0.0,0.0,0.0,0.0,0.0,0.0
2018-05-17,0.0,0.0,0.0,79300.0,6300.0,0.0,0.0,0.0,0.0,0.0,0.0,0.0,0.0,0.0,0.0,0.0
2018-05-18,0.0,0.0,0.0,79300.0,6300.0,0.0,0.0,0.0,0.0,0.0,0.0,0.0,0.0,0.0,0.0,0.0
2018-05-21,0.0,0.0,0.0,79300.0,6300.0,0.0,0.0,0.0,0.0,0.0,0.0,0.0,0.0,0.0,0.0,0.0
2018-05-22,0.0,0.0,0.0,79300.0,6300.0,0.0,0.0,0.0,0.0,0.0,0.0,0.0,0.0,0.0,0.0,0.0
2018-05-23,0.0,0.0,0.0,84500.0,6300.0,0.0,0.0,0.0,0.0,0.0,0.0,0.0,0.0,0.0,0.0,0.0
2018-05-24,0.0,0.0,0.0,84500.0,6300.0,0.0,0.0,0.0,0.0,0.0,0.0,0.0,0.0,0.0,0.0,0.0
2018-05-25,0.0,0.0,0.0,84500.0,6300.0,0.0,0.0,0.0,0.0,0.0,0.0,0.0,0.0,0.0,0.0,0.0
2018-05-28,0.0,0.0,0.0,84500.0,6300.0,0.0,0.0,0.0,0.0,0.0,0.0,0.0,0.0,0.0,0.0,0.0
2018-05-29,0.0,0.0,0.0,84500.0,6300.0,0.0,0.0,0.0,0.0,0.0,0.0,0.0,0.0,0.0,0.0,0.0
2018-05-30,0.0,0.0,0.0,84500.0,6300.0,0.0,0.0,0.0,0.0,0.0,0.0,0.0,0.0,0.0,0.0,0.0
2018-05-31,0.0,0.0,0.0,84500.0,6300.0,0.0,0.0,0.0,0.0,0.0,0.0,0.0,0.0,0.0,0.0,0.0
2018-06-01,0.0,0.0,0.0,84500.0,6300.0,0.0,0.0,0.0,0.0,0.0,0.0,0.0,0.0,0.0,0.0,0.0
2018-06-04,0.0,0.0,0.0,84500.0,6300.0,0.0,0.0,0.0,0.0,0.0,0.0,0.0,0.0,0.0,0.0,0.0
2018-06-05,0.0,0.0,0.0,89700.0,6300.0,0.0,0.0,0.0,0.0,0.0,0.0,0.0,0.0,0.0,0.0,0.0
2018-06-06,0.0,0.0,0.0,89700.0,6300.0,0.0,0.0,0.0,0.0,0.0,0.0,0.0,0.0,0.0,0.0,0.0
2018-06-07,0.0,0.0,0.0,89700.0,6300.0,0.0,0.0,0.0,0.0,0.0,0.0,0.0,0.0,0.0,0.0,0.0
2018-06-08,0.0,0.0,0.0,89700.0,6300.0,0.0,0.0,0.0,0.0,0.0,0.0,0.0,0.0,0.0,0.0,0.0
2018-06-11,0.0,0.0,0.0,89700.0,6300.0,0.0,0.0,0.0,0.0,0.0,0.0,0.0,0.0,0.0,0.0,0.0
2018-06-12,0.0,0.0,0.0,89700.0,6300.0,0.0,0.0,0.0,0.0,0.0,0.0,0.0,0.0,0.0,0.0,0.0
2018-06-13,0.0,0.0,0.0,89700.0,6300.0,0.0,0.0,0.0,0.0,0.0,0.0,0.0,0.0,0.0,0.0,0.0
2018-06-14,0.0,0.0,0.0,89700.0,6300.0,0.0,0.0,0.0,0.0,0.0,0.0,0.0,0.0,0.0,0.0,0.0
2018-06-15,0.0,0.0,0.0,89700.0,6300.0,0.0,0.0,0.0,0.0,0.0,0.0,0.0,0.0,0.0,0.0,0.0
2018-06-19,0.0,0.0,0.0,89700.0,6300.0,0.0,0.0,0.0,0.0,0.0,0.0,0.0,0.0,0.0,0.0,0.0
2018-06-20,0.0,0.0,0.0,89700.0,6300.0,0.0,0.0,0.0,0.0,0.0,0.0,0.0,0.0,0.0,0.0,0.0
2018-06-21,0.0,0.0,0.0,89700.0,6300.0,0.0,0.0,0.0,0.0,0.0,0.0,0.0,0.0,0.0,0.0,0.0
2018-06-22,0.0,0.0,0.0,89700.0,6300.0,0.0,0.0,0.0,0.0,0.0,0.0,0.0,0.0,0.0,0.0,0.0
2018-06-25,0.0,0.0,0.0,89700.0,6300.0,0.0,0.0,0.0,0.0,0.0,0.0,0.0,0.0,0.0,0.0,0.0
2018-06-26,0.0,0.0,0.0,101000.0,6300.0,0.0,0.0,0.0,0.0,0.0,0.0,0.0,0.0,0.0,0.0,0.0
2018-06-27,0.0,0.0,0.0,101000.0,6300.0,0.0,0.0,0.0,0.0,0.0,0.0,0.0,0.0,0.0,0.0,0.0
2018-06-28,0.0,0.0,0.0,101000.0,6300.0,0.0,0.0,0.0,0.0,0.0,0.0,0.0,0.0,0.0,0.0,0.0
2018-06-29,0.0,0.0,0.0,101000.0,6300.0,0.0,0.0,0.0,0.0,0.0,0.0,0.0,0.0,0.0,0.0,0.0
2018-07-02,0.0,0.0,0.0,101000.0,6300.0,0.0,0.0,0.0,0.0,0.0,0.0,0.0,0.0,0.0,0.0,0.0
2018-07-03,0.0,0.0,0.0,101000.0,6300.0,0.0,0.0,0.0,0.0,0.0,0.0,0.0,0.0,0.0,0.0,0.0
2018-07-04,0.0,0.0,0.0,101000.0,6300.0,0.0,0.0,0.0,0.0,0.0,0.0,0.0,0.0,0.0,0.0,0.0
2018-07-05,0.0,0.0,0.0,101000.0,6300.0,0.0,0.0,0.0,0.0,0.0,0.0,0.0,0.0,0.0,0.0,0.0
2018-07-06,0.0,0.0,0.0,101000.0,6300.0,0.0,0.0,0.0,0.0,0.0,0.0,0.0,0.0,0.0,0.0,0.0
2018-07-09,0.0,0.0,0.0,101000.0,6300.0,0.0,0.0,0.0,0.0,0.0,0.0,0.0,0.0,0.0,0.0,0.0
2018-07-10,0.0,0.0,0.0,101000.0,6300.0,0.0,0.0,0.0,0.0,0.0,0.0,0.0,0.0,0.0,0.0,0.0
2018-07-11,0.0,0.0,0.0,101000.0,6300.0,0.0,0.0,0.0,0.0,0.0,0.0,0.0,0.0,0.0,0.0,0.0
2018-07-12,0.0,0.0,0.0,101000.0,6300.0,0.0,0.0,0.0,0.0,0.0,0.0,0.0,0.0,0.0,0.0,0.0
2018-07-13,0.0,0.0,0.0,101000.0,6300.0,0.0,0.0,0.0,0.0,0.0,0.0,0.0,0.0,0.0,0.0,0.0
2018-07-16,0.0,0.0,0.0,101000.0,6300.0,0.0,0.0,0.0,0.0,0.0,0.0,0.0,0.0,0.0,0.0,0.0
2018-07-17,0.0,0.0,0.0,101000.0,6300.0,0.0,0.0,0.0,0.0,0.0,0.0,0.0,0.0,0.0,0.0,0.0
2018-07-18,0.0,0.0,0.0,101000.0,6300.0,0.0,0.0,0.0,0.0,0.0,0.0,0.0,0.0,0.0,0.0,0.0
2018-07-19,0.0,0.0,0.0,106700.0,6300.0,0.0,0.0,0.0,0.0,0.0,0.0,0.0,0.0,0.0,0.0,0.0
2018-07-20,0.0,0.0,0.0,106700.0,6300.0,0.0,0.0,0.0,0.0,0.0,0.0,0.0,0.0,0.0,0.0,0.0
2018-07-23,0.0,0.0,0.0,106700.0,6300.0,0.0,0.0,0.0,0.0,0.0,0.0,0.0,0.0,0.0,0.0,0.0
2018-07-24,0.0,0.0,0.0,106700.0,6300.0,0.0,0.0,0.0,0.0,0.0,0.0,0.0,0.0,0.0,0.0,0.0
2018-07-25,0.0,0.0,0.0,106700.0,6300.0,0.0,0.0,0.0,0.0,0.0,0.0,0.0,0.0,0.0,0.0,0.0
2018-07-26,0.0,0.0,0.0,106700.0,6300.0,0.0,0.0,0.0,0.0,0.0,0.0,0.0,0.0,0.0,0.0,0.0
2018-07-27,0.0,0.0,0.0,106700.0,6300.0,0.0,0.0,0.0,0.0,0.0,0.0,0.0,0.0,0.0,0.0,0.0
2018-07-30,0.0,0.0,0.0,106700.0,6300.0,0.0,0.0,0.0,0.0,0.0,0.0,0.0,0.0,0.0,0.0,0.0
2018-07-31,0.0,0.0,0.0,106700.0,6300.0,0.0,0.0,0.0,0.0,0.0,0.0,0.0,0.0,0.0,0.0,0.0
2018-08-01,0.0,0.0,0.0,106700.0,6300.0,0.0,0.0,0.0,0.0,0.0,0.0,0.0,0.0,0.0,0.0,0.0
2018-08-02,0.0,0.0,0.0,106700.0,6300.0,0.0,0.0,0.0,0.0,0.0,0.0,0.0,0.0,0.0,0.0,0.0
2018-08-03,0.0,0.0,0.0,106700.0,6300.0,0.0,0.0,0.0,0.0,0.0,0.0,0.0,0.0,0.0,0.0,0.0
2018-08-06,0.0,0.0,0.0,112800.0,6300.0,0.0,0.0,0.0,21000.0,0.0,0.0,0.0,0.0,0.0,0.0,0.0
2018-08-07,0.0,0.0,0.0,112800.0,6300.0,0.0,0.0,0.0,21000.0,0.0,0.0,0.0,0.0,0.0,0.0,0.0
2018-08-08,0.0,0.0,0.0,112800.0,6300.0,0.0,0.0,0.0,21000.0,0.0,0.0,0.0,0.0,0.0,0.0,0.0
2018-08-09,0.0,0.0,0.0,112800.0,6300.0,0.0,0.0,0.0,21000.0,0.0,0.0,0.0,0.0,0.0,0.0,0.0
2018-08-10,0.0,0.0,0.0,112800.0,6300.0,0.0,0.0,0.0,21000.0,0.0,0.0,0.0,0.0,0.0,0.0,0.0
2018-08-13,0.0,0.0,0.0,118900.0,6300.0,0.0,0.0,0.0,21000.0,0.0,0.0,0.0,0.0,0.0,0.0,0.0
2018-08-14,0.0,0.0,0.0,118900.0,6300.0,0.0,0.0,0.0,21000.0,0.0,0.0,0.0,0.0,0.0,0.0,0.0
2018-08-15,0.0,0.0,0.0,118900.0,6300.0,0.0,0.0,0.0,21000.0,0.0,0.0,0.0,0.0,0.0,0.0,0.0
2018-08-16,0.0,0.0,0.0,118900.0,6300.0,0.0,0.0,0.0,21000.0,0.0,0.0,0.0,0.0,0.0,0.0,0.0
2018-08-17,0.0,0.0,0.0,118900.0,6300.0,0.0,0.0,0.0,21000.0,0.0,0.0,0.0,0.0,0.0,0.0,0.0
2018-08-20,0.0,0.0,0.0,118900.0,6300.0,0.0,0.0,0.0,0.0,0.0,0.0,10400.0,0.0,0.0,0.0,0.0
2018-08-21,0.0,0.0,0.0,118900.0,6300.0,0.0,0.0,0.0,0.0,0.0,0.0,10400.0,0.0,0.0,0.0,0.0
2018-08-22,0.0,0.0,0.0,118900.0,6300.0,0.0,0.0,0.0,0.0,0.0,0.0,10400.0,0.0,0.0,0.0,0.0
2018-08-23,0.0,0.0,0.0,118900.0,6300.0,0.0,0.0,0.0,0.0,0.0,0.0,10400.0,0.0,0.0,0.0,0.0
2018-08-24,0.0,0.0,0.0,118900.0,6300.0,0.0,0.0,0.0,0.0,0.0,0.0,10400.0,0.0,0.0,0.0,0.0
2018-08-27,0.0,0.0,0.0,118900.0,6300.0,0.0,0.0,0.0,0.0,0.0,0.0,10400.0,0.0,0.0,0.0,0.0
2018-08-28,0.0,0.0,0.0,118900.0,6300.0,0.0,0.0,0.0,0.0,0.0,0.0,10400.0,0.0,0.0,0.0,0.0
2018-08-29,0.0,0.0,0.0,118900.0,6300.0,0.0,0.0,0.0,0.0,0.0,0.0,10400.0,0.0,0.0,0.0,0.0
2018-08-30,0.0,0.0,0.0,118900.0,6300.0,0.0,0.0,0.0,0.0,0.0,0.0,10400.0,0.0,0.0,0.0,0.0
2018-08-31,0.0,0.0,0.0,118900.0,6300.0,0.0,0.0,0.0,0.0,0.0,0.0,10400.0,0.0,0.0,0.0,0.0
2018-09-03,0.0,0.0,0.0,124800.0,6300.0,0.0,0.0,0.0,21000.0,0.0,0.0,10400.0,0.0,0.0,0.0,0.0
2018-09-04,0.0,0.0,0.0,124800.0,6300.0,0.0,0.0,0.0,21000.0,0.0,0.0,10400.0,0.0,0.0,0.0,0.0
2018-09-05,0.0,0.0,0.0,124800.0,6300.0,0.0,28400.0,0.0,21000.0,0.0,0.0,10400.0,0.0,0.0,0.0,0.0
2018-09-06,0.0,0.0,0.0,114800.0,6300.0,0.0,74500.0,0.0,21000.0,0.0,0.0,10400.0,0.0,0.0,0.0,0.0
2018-09-07,0.0,0.0,0.0,114800.0,6300.0,0.0,74500.0,0.0,21000.0,0.0,0.0,10400.0,0.0,0.0,0.0,0.0
2018-09-10,0.0,0.0,0.0,114800.0,6300.0,0.0,74500.0,0.0,21000.0,0.0,0.0,10400.0,0.0,0.0,0.0,0.0
2018-09-11,0.0,0.0,0.0,114800.0,6300.0,0.0,74500.0,0.0,21000.0,0.0,0.0,10400.0,0.0,0.0,0.0,0.0
2018-09-12,0.0,0.0,0.0,114800.0,6300.0,0.0,74500.0,0.0,21000.0,0.0,0.0,10400.0,0.0,0.0,0.0,0.0
2018-09-13,0.0,0.0,0.0,114800.0,6300.0,0.0,74500.0,0.0,21000.0,0.0,0.0,10400.0,0.0,0.0,0.0,0.0
2018-09-14,0.0,0.0,0.0,104800.0,6300.0,0.0,120400.0,0.0,21000.0,0.0,0.0,10400.0,0.0,0.0,0.0,0.0
2018-09-17,0.0,0.0,0.0,104800.0,6300.0,0.0,120400.0,0.0,21000.0,0.0,0.0,10400.0,0.0,0.0,0.0,0.0
2018-09-18,0.0,0.0,0.0,104800.0,6300.0,0.0,120400.0,0.0,21000.0,0.0,0.0,10400.0,0.0,0.0,0.0,0.0
2018-09-19,0.0,0.0,0.0,104800.0,6300.0,0.0,120400.0,0.0,21000.0,0.0,0.0,10400.0,0.0,0.0,0.0,0.0
2018-09-20,0.0,0.0,0.0,104800.0,6300.0,0.0,120400.0,0.0,21000.0,0.0,0.0,10400.0,0.0,0.0,0.0,0.0
2018-09-21,0.0,0.0,0.0,104800.0,6300.0,0.0,120400.0,0.0,21000.0,0.0,0.0,10400.0,0.0,0.0,0.0,0.0
2018-09-25,0.0,0.0,0.0,104800.0,6300.0,0.0,120400.0,0.0,21000.0,0.0,0.0,10400.0,0.0,0.0,0.0,0.0
2018-09-26,0.0,0.0,0.0,104800.0,6300.0,0.0,120400.0,0.0,21000.0,0.0,0.0,10400.0,0.0,0.0,0.0,0.0
2018-09-27,0.0,0.0,0.0,104800.0,6300.0,0.0,120400.0,0.0,21000.0,0.0,0.0,10400.0,0.0,0.0,0.0,0.0
2018-09-28,0.0,0.0,0.0,104800.0,6300.0,0.0,120400.0,0.0,21000.0,0.0,0.0,10400.0,0.0,0.0,0.0,0.0
2018-10-08,0.0,0.0,0.0,104800.0,6300.0,0.0,120400.0,0.0,21000.0,0.0,0.0,10400.0,0.0,0.0,0.0,0.0
2018-10-09,0.0,0.0,0.0,104800.0,6300.0,0.0,120400.0,0.0,21000.0,0.0,0.0,10400.0,0.0,0.0,0.0,0.0
2018-10-10,0.0,0.0,0.0,104800.0,6300.0,0.0,120400.0,0.0,21000.0,0.0,0.0,10400.0,0.0,0.0,0.0,0.0
2018-10-11,0.0,0.0,0.0,104800.0,6300.0,0.0,120400.0,0.0,21000.0,0.0,0.0,10400.0,0.0,0.0,0.0,0.0
2018-10-12,0.0,0.0,0.0,104800.0,6300.0,0.0,120400.0,0.0,21000.0,0.0,0.0,10400.0,0.0,0.0,0.0,0.0
2018-10-15,0.0,0.0,0.0,104800.0,6300.0,0.0,120400.0,0.0,21000.0,0.0,0.0,10400.0,0.0,0.0,0.0,0.0
2018-10-16,0.0,0.0,0.0,104800.0,6300.0,0.0,120400.0,0.0,21000.0,0.0,0.0,10400.0,0.0,0.0,0.0,0.0
2018-10-17,0.0,0.0,0.0,104800.0,6300.0,0.0,120400.0,0.0,21000.0,0.0,0.0,10400.0,0.0,0.0,0.0,0.0
2018-10-18,0.0,0.0,0.0,104800.0,6300.0,0.0,120400.0,0.0,21000.0,0.0,0.0,10400.0,0.0,0.0,0.0,0.0
2018-10-19,0.0,0.0,0.0,104800.0,6300.0,0.0,120400.0,0.0,21000.0,0.0,0.0,10400.0,0.0,0.0,0.0,0.0
2018-10-22,0.0,0.0,0.0,104800.0,6300.0,0.0,120400.0,0.0,21000.0,0.0,0.0,10400.0,0.0,0.0,0.0,0.0
2018-10-23,0.0,0.0,0.0,104800.0,6300.0,0.0,120400.0,0.0,21000.0,0.0,0.0,10400.0,0.0,0.0,0.0,0.0
2018-10-24,0.0,0.0,0.0,104800.0,6300.0,0.0,120400.0,0.0,21000.0,0.0,0.0,10400.0,0.0,0.0,0.0,0.0
2018-10-25,0.0,0.0,0.0,104800.0,6300.0,0.0,120400.0,0.0,21000.0,0.0,0.0,10400.0,0.0,0.0,0.0,0.0
2018-10-26,0.0,0.0,0.0,104800.0,6300.0,0.0,120400.0,0.0,21000.0,0.0,0.0,10400.0,0.0,0.0,0.0,0.0
2018-10-29,0.0,0.0,0.0,104800.0,6300.0,0.0,120400.0,0.0,21000.0,0.0,0.0,10400.0,0.0,0.0,0.0,0.0
2018-10-30,0.0,0.0,0.0,104800.0,6300.0,0.0,120400.0,0.0,21000.0,0.0,0.0,10400.0,0.0,0.0,0.0,0.0
2018-10-31,0.0,0.0,0.0,104800.0,6300.0,0.0,120400.0,0.0,21000.0,0.0,0.0,10400.0,0.0,0.0,0.0,0.0
2018-11-01,0.0,0.0,0.0,104800.0,6300.0,0.0,120400.0,0.0,21000.0,0.0,0.0,10400.0,0.0,0.0,0.0,0.0
2018-11-02,0.0,0.0,0.0,104800.0,6300.0,0.0,120400.0,0.0,21000.0,0.0,0.0,10400.0,0.0,0.0,0.0,0.0
2018-11-05,0.0,0.0,0.0,104800.0,6300.0,0.0,120400.0,0.0,21000.0,0.0,0.0,10400.0,0.0,0.0,0.0,0.0
2018-11-06,0.0,0.0,0.0,104800.0,6300.0,0.0,120400.0,0.0,21000.0,0.0,0.0,10400.0,0.0,0.0,0.0,0.0
2018-11-07,0.0,0.0,0.0,104800.0,6300.0,0.0,120400.0,0.0,21000.0,0.0,0.0,10400.0,0.0,0.0,0.0,0.0
2018-11-08,0.0,0.0,0.0,104800.0,6300.0,0.0,120400.0,0.0,21000.0,0.0,0.0,10400.0,0.0,0.0,0.0,0.0
2018-11-09,0.0,0.0,0.0,104800.0,6300.0,0.0,120400.0,0.0,21000.0,0.0,0.0,10400.0,0.0,0.0,0.0,0.0
2018-11-12,0.0,0.0,0.0,104800.0,6300.0,0.0,120400.0,0.0,21000.0,0.0,0.0,10400.0,0.0,0.0,0.0,0.0
2018-11-13,0.0,0.0,0.0,104800.0,6300.0,0.0,120400.0,0.0,21000.0,0.0,0.0,10400.0,0.0,0.0,0.0,0.0
2018-11-14,0.0,0.0,0.0,104800.0,6300.0,0.0,120400.0,0.0,21000.0,0.0,0.0,10400.0,0.0,0.0,0.0,0.0
2018-11-15,0.0,0.0,0.0,104800.0,6300.0,0.0,120400.0,0.0,21000.0,0.0,0.0,10400.0,0.0,0.0,0.0,0.0
2018-11-16,0.0,0.0,0.0,104800.0,6300.0,0.0,120400.0,0.0,21000.0,0.0,0.0,10400.0,0.0,0.0,0.0,0.0
2018-11-19,0.0,0.0,0.0,104800.0,6300.0,0.0,120400.0,0.0,21000.0,0.0,0.0,10400.0,0.0,0.0,0.0,0.0
2018-11-20,0.0,0.0,0.0,104800.0,6300.0,0.0,120400.0,0.0,21000.0,0.0,0.0,10400.0,0.0,0.0,0.0,0.0
2018-11-21,0.0,0.0,0.0,104800.0,6300.0,0.0,120400.0,0.0,21000.0,0.0,0.0,10400.0,0.0,0.0,0.0,0.0
2018-11-22,0.0,0.0,0.0,104800.0,6300.0,0.0,120400.0,0.0,21000.0,0.0,0.0,10400.0,0.0,0.0,0.0,0.0
2018-11-23,0.0,0.0,0.0,104800.0,6300.0,0.0,120400.0,0.0,21000.0,0.0,0.0,10400.0,0.0,0.0,0.0,0.0
2018-11-26,0.0,0.0,0.0,104800.0,6300.0,0.0,120400.0,0.0,21000.0,0.0,0.0,10400.0,0.0,0.0,0.0,0.0
2018-11-27,0.0,0.0,0.0,104800.0,6300.0,0.0,120400.0,0.0,21000.0,0.0,0.0,10400.0,0.0,0.0,0.0,0.0
2018-11-28,0.0,0.0,0.0,104800.0,6300.0,0.0,120400.0,0.0,21000.0,0.0,0.0,10400.0,0.0,0.0,0.0,0.0
2018-11-29,0.0,0.0,0.0,104800.0,6300.0,0.0,120400.0,0.0,21000.0,0.0,0.0,10400.0,0.0,0.0,0.0,0.0
2018-11-30,0.0,0.0,0.0,104800.0,6300.0,0.0,120400.0,0.0,21000.0,0.0,0.0,10400.0,0.0,0.0,0.0,0.0
2018-12-03,0.0,0.0,0.0,104800.0,6300.0,0.0,120400.0,0.0,21000.0,0.0,0.0,10400.0,0.0,0.0,0.0,0.0
2018-12-04,0.0,0.0,0.0,104800.0,6300.0,0.0,120400.0,0.0,21000.0,0.0,0.0,10400.0,0.0,0.0,0.0,0.0
2018-12-05,0.0,0.0,0.0,104800.0,6300.0,0.0,120400.0,0.0,21000.0,0.0,0.0,10400.0,0.0,0.0,0.0,0.0
2018-12-06,0.0,0.0,0.0,104800.0,6300.0,0.0,120400.0,0.0,21000.0,0.0,0.0,10400.0,0.0,0.0,0.0,0.0
2018-12-07,0.0,0.0,0.0,104800.0,6300.0,0.0,120400.0,0.0,21000.0,0.0,0.0,10400.0,0.0,0.0,0.0,0.0
2018-12-10,0.0,0.0,0.0,104800.0,6300.0,0.0,120400.0,0.0,21000.0,0.0,0.0,10400.0,0.0,0.0,0.0,0.0
2018-12-11,0.0,0.0,0.0,104800.0,6300.0,0.0,120400.0,0.0,21000.0,0.0,0.0,10400.0,0.0,0.0,0.0,0.0
2018-12-12,0.0,0.0,0.0,104800.0,6300.0,0.0,120400.0,0.0,21000.0,0.0,0.0,10400.0,0.0,0.0,0.0,0.0
2018-12-13,0.0,0.0,0.0,104800.0,6300.0,0.0,120400.0,0.0,21000.0,0.0,0.0,10400.0,0.0,0.0,0.0,0.0
2018-12-14,0.0,0.0,0.0,110800.0,6300.0,0.0,120400.0,0.0,21000.0,0.0,0.0,10400.0,0.0,0.0,0.0,0.0
2018-12-17,0.0,0.0,0.0,110800.0,6300.0,0.0,120400.0,0.0,21000.0,0.0,0.0,10400.0,0.0,0.0,0.0,0.0
2018-12-18,0.0,0.0,0.0,116800.0,6300.0,0.0,120400.0,0.0,21000.0,0.0,0.0,10400.0,0.0,0.0,0.0,0.0
2018-12-19,0.0,0.0,0.0,116800.0,6300.0,0.0,120400.0,0.0,21000.0,0.0,0.0,10400.0,0.0,0.0,0.0,0.0
2018-12-20,0.0,0.0,0.0,116800.0,6300.0,0.0,120400.0,0.0,21000.0,0.0,0.0,10400.0,0.0,0.0,0.0,0.0
2018-12-21,0.0,0.0,0.0,116800.0,6300.0,0.0,120400.0,0.0,21000.0,0.0,0.0,10400.0,0.0,0.0,0.0,0.0
2018-12-24,0.0,0.0,0.0,116800.0,6300.0,0.0,120400.0,0.0,21000.0,0.0,0.0,10400.0,0.0,0.0,0.0,0.0
2018-12-25,0.0,0.0,0.0,116800.0,6300.0,0.0,120400.0,0.0,21000.0,0.0,0.0,10400.0,0.0,0.0,0.0,0.0
2018-12-26,0.0,0.0,0.0,116800.0,6300.0,0.0,120400.0,0.0,21000.0,0.0,0.0,10400.0,0.0,0.0,0.0,0.0
2018-12-27,0.0,0.0,0.0,116800.0,6300.0,0.0,120400.0,0.0,21000.0,0.0,0.0,10400.0,0.0,0.0,0.0,0.0
2018-12-28,0.0,0.0,0.0,116800.0,6300.0,0.0,120400.0,0.0,21000.0,0.0,0.0,10400.0,0.0,0.0,0.0,0.0
2019-01-02,0.0,0.0,0.0,116800.0,6300.0,0.0,120400.0,0.0,21000.0,0.0,0.0,10400.0,0.0,0.0,0.0,0.0
2019-01-03,0.0,0.0,0.0,136800.0,6300.0,0.0,120400.0,0.0,21000.0,0.0,0.0,10400.0,0.0,0.0,0.0,0.0
2019-01-04,0.0,0.0,0.0,136800.0,6300.0,0.0,120400.0,0.0,21000.0,0.0,0.0,10400.0,0.0,0.0,0.0,0.0
2019-01-07,0.0,0.0,0.0,136800.0,6300.0,0.0,120400.0,0.0,21000.0,0.0,0.0,10400.0,0.0,0.0,0.0,0.0
2019-01-08,0.0,0.0,0.0,136800.0,6300.0,0.0,120400.0,0.0,21000.0,0.0,0.0,10400.0,0.0,0.0,0.0,0.0
2019-01-09,0.0,0.0,0.0,136800.0,6300.0,0.0,120400.0,0.0,21000.0,0.0,0.0,10400.0,0.0,0.0,0.0,0.0
2019-01-10,0.0,0.0,0.0,136800.0,6300.0,0.0,120400.0,0.0,21000.0,0.0,0.0,10400.0,0.0,0.0,0.0,0.0
2019-01-11,0.0,0.0,0.0,136800.0,6300.0,0.0,120400.0,0.0,21000.0,0.0,0.0,10400.0,0.0,0.0,0.0,0.0
2019-01-14,0.0,0.0,0.0,136800.0,6300.0,0.0,120400.0,0.0,21000.0,0.0,0.0,10400.0,0.0,0.0,0.0,0.0
2019-01-15,0.0,0.0,0.0,136800.0,6300.0,0.0,120400.0,0.0,21000.0,0.0,0.0,10400.0,0.0,0.0,0.0,0.0
2019-01-16,0.0,0.0,0.0,136800.0,6300.0,0.0,120400.0,0.0,21000.0,0.0,0.0,10400.0,0.0,0.0,0.0,0.0
2019-01-17,0.0,0.0,0.0,136800.0,6300.0,0.0,120400.0,0.0,21000.0,0.0,0.0,10400.0,0.0,0.0,0.0,0.0
2019-01-18,0.0,0.0,0.0,136800.0,6300.0,0.0,120400.0,0.0,21000.0,0.0,0.0,10400.0,0.0,0.0,0.0,0.0
2019-01-21,0.0,0.0,0.0,136800.0,6300.0,0.0,120400.0,0.0,21000.0,0.0,0.0,10400.0,0.0,0.0,0.0,0.0
2019-01-22,0.0,0.0,0.0,136800.0,6300.0,0.0,120400.0,0.0,21000.0,0.0,0.0,10400.0,0.0,0.0,0.0,0.0
2019-01-23,0.0,0.0,0.0,136800.0,6300.0,0.0,120400.0,0.0,21000.0,0.0,0.0,10400.0,0.0,0.0,0.0,0.0
2019-01-24,0.0,0.0,0.0,136800.0,6300.0,0.0,120400.0,0.0,21000.0,0.0,0.0,10400.0,0.0,0.0,0.0,0.0
2019-01-25,0.0,0.0,0.0,136800.0,6300.0,0.0,120400.0,0.0,21000.0,0.0,0.0,10400.0,0.0,0.0,0.0,0.0
2019-01-28,0.0,0.0,0.0,136800.0,6300.0,0.0,120400.0,0.0,21000.0,0.0,0.0,10400.0,0.0,0.0,0.0,0.0
2019-01-29,0.0,0.0,0.0,136800.0,6300.0,0.0,120400.0,0.0,21000.0,0.0,0.0,10400.0,0.0,0.0,0.0,0.0
2019-01-30,0.0,0.0,0.0,136800.0,6300.0,0.0,120400.0,0.0,21000.0,0.0,0.0,10400.0,0.0,0.0,0.0,0.0
2019-01-31,0.0,0.0,0.0,136800.0,6300.0,0.0,120400.0,0.0,21000.0,0.0,0.0,10400.0,0.0,0.0,0.0,0.0
2019-02-01,0.0,0.0,0.0,136800.0,6300.0,0.0,120400.0,0.0,21000.0,0.0,0.0,10400.0,0.0,0.0,0.0,0.0
2019-02-11,0.0,0.0,0.0,136800.0,6300.0,0.0,120400.0,0.0,21000.0,0.0,0.0,10400.0,0.0,0.0,0.0,0.0
2019-02-12,0.0,0.0,0.0,136800.0,6300.0,0.0,120400.0,0.0,21000.0,0.0,0.0,10400.0,0.0,0.0,0.0,0.0
2019-02-13,0.0,0.0,0.0,136800.0,6300.0,0.0,120400.0,0.0,21000.0,0.0,0.0,10400.0,0.0,0.0,0.0,0.0
2019-02-14,0.0,0.0,0.0,136800.0,6300.0,0.0,120400.0,0.0,21000.0,0.0,0.0,10400.0,0.0,0.0,0.0,0.0
2019-02-15,0.0,0.0,0.0,136800.0,6300.0,0.0,120400.0,0.0,21000.0,0.0,0.0,10400.0,0.0,0.0,0.0,0.0
2019-02-18,0.0,0.0,0.0,136800.0,6300.0,0.0,120400.0,0.0,21000.0,0.0,0.0,10400.0,0.0,0.0,0.0,0.0
2019-02-19,0.0,0.0,0.0,136800.0,6300.0,0.0,120400.0,0.0,21000.0,0.0,0.0,10400.0,0.0,0.0,0.0,0.0
2019-02-20,0.0,0.0,0.0,136800.0,6300.0,0.0,120400.0,0.0,21000.0,0.0,0.0,10400.0,0.0,0.0,0.0,0.0
2019-02-21,0.0,0.0,0.0,136800.0,6300.0,0.0,120400.0,0.0,21000.0,0.0,0.0,10400.0,0.0,0.0,0.0,0.0
2019-02-22,0.0,0.0,0.0,136800.0,6300.0,0.0,120400.0,0.0,21000.0,0.0,0.0,10400.0,0.0,0.0,0.0,0.0
2019-02-25,0.0,0.0,0.0,136800.0,6300.0,0.0,120400.0,0.0,21000.0,0.0,0.0,10400.0,0.0,0.0,0.0,0.0
2019-02-26,0.0,0.0,0.0,136800.0,6300.0,0.0,120400.0,0.0,21000.0,0.0,0.0,10400.0,0.0,0.0,0.0,0.0
2019-02-27,0.0,0.0,0.0,136800.0,6300.0,0.0,120400.0,0.0,21000.0,0.0,0.0,10400.0,0.0,0.0,0.0,0.0
2019-02-28,0.0,0.0,0.0,136800.0,6300.0,0.0,120400.0,0.0,21000.0,0.0,0.0,10400.0,0.0,0.0,0.0,0.0
2019-03-01,0.0,0.0,0.0,106800.0,6300.0,0.0,120400.0,0.0,21000.0,0.0,0.0,10400.0,0.0,0.0,0.0,0.0
2019-03-04,0.0,0.0,0.0,106800.0,6300.0,0.0,120400.0,0.0,21000.0,0.0,0.0,10400.0,0.0,0.0,0.0,0.0
2019-03-05,0.0,0.0,0.0,106800.0,6300.0,0.0,120400.0,0.0,21000.0,0.0,0.0,10400.0,0.0,0.0,0.0,0.0
2019-03-06,0.0,0.0,0.0,106800.0,6300.0,0.0,120400.0,0.0,21000.0,0.0,0.0,10400.0,0.0,0.0,0.0,0.0
2019-03-07,0.0,0.0,0.0,106800.0,6300.0,0.0,120400.0,0.0,21000.0,0.0,0.0,10400.0,0.0,0.0,0.0,0.0
2019-03-08,0.0,0.0,0.0,106800.0,6300.0,0.0,120400.0,0.0,21000.0,0.0,0.0,10400.0,0.0,0.0,0.0,0.0
2019-03-11,0.0,0.0,0.0,106800.0,6300.0,0.0,120400.0,0.0,21000.0,0.0,0.0,10400.0,0.0,0.0,0.0,0.0
2019-03-12,0.0,0.0,0.0,106800.0,6300.0,0.0,120400.0,0.0,21000.0,0.0,0.0,10400.0,0.0,0.0,0.0,0.0
2019-03-13,0.0,0.0,0.0,106800.0,6300.0,0.0,120400.0,0.0,21000.0,0.0,0.0,10400.0,0.0,0.0,0.0,0.0
2019-03-14,0.0,0.0,0.0,106800.0,6300.0,0.0,120400.0,0.0,21000.0,0.0,0.0,10400.0,0.0,0.0,0.0,0.0
2019-03-15,0.0,0.0,0.0,106800.0,6300.0,0.0,120400.0,0.0,21000.0,0.0,0.0,10400.0,0.0,0.0,0.0,0.0
2019-03-18,0.0,0.0,0.0,106800.0,6300.0,0.0,120400.0,0.0,21000.0,0.0,0.0,10400.0,0.0,0.0,0.0,0.0
2019-03-19,0.0,0.0,0.0,106800.0,6300.0,0.0,120400.0,0.0,21000.0,0.0,0.0,10400.0,0.0,0.0,0.0,0.0
2019-03-20,0.0,0.0,0.0,106800.0,6300.0,0.0,120400.0,0.0,21000.0,0.0,0.0,10400.0,0.0,0.0,0.0,0.0
2019-03-21,0.0,0.0,0.0,106800.0,6300.0,0.0,120400.0,0.0,21000.0,0.0,0.0,10400.0,0.0,0.0,0.0,0.0
2019-03-22,0.0,0.0,0.0,106800.0,6300.0,0.0,120400.0,0.0,21000.0,0.0,0.0,10400.0,0.0,0.0,0.0,0.0
2019-03-25,0.0,0.0,0.0,106800.0,6300.0,0.0,120400.0,0.0,21000.0,0.0,0.0,10400.0,0.0,0.0,0.0,0.0
2019-03-26,0.0,0.0,0.0,106800.0,6300.0,0.0,120400.0,0.0,21000.0,0.0,0.0,10400.0,0.0,0.0,0.0,0.0
2019-03-27,0.0,0.0,0.0,106800.0,6300.0,0.0,120400.0,0.0,21000.0,0.0,0.0,10400.0,0.0,0.0,0.0,0.0
2019-03-28,0.0,0.0,0.0,106800.0,6300.0,0.0,120400.0,0.0,21000.0,0.0,0.0,10400.0,0.0,0.0,0.0,0.0
2019-03-29,0.0,0.0,0.0,106800.0,6300.0,0.0,120400.0,0.0,21000.0,0.0,0.0,10400.0,0.0,0.0,0.0,0.0
2019-04-01,0.0,0.0,0.0,106800.0,6300.0,0.0,120400.0,0.0,21000.0,0.0,0.0,10400.0,0.0,0.0,0.0,0.0
2019-04-02,0.0,0.0,0.0,106800.0,6300.0,0.0,120400.0,0.0,21000.0,0.0,0.0,10400.0,0.0,0.0,0.0,0.0
2019-04-03,0.0,0.0,0.0,106800.0,6300.0,0.0,120400.0,0.0,21000.0,0.0,0.0,10400.0,0.0,0.0,0.0,0.0
2019-04-04,0.0,0.0,0.0,106800.0,6300.0,0.0,120400.0,0.0,21000.0,0.0,0.0,10400.0,0.0,0.0,0.0,0.0
2019-04-08,0.0,0.0,0.0,106800.0,6300.0,0.0,120400.0,0.0,21000.0,0.0,0.0,10400.0,0.0,0.0,0.0,0.0
2019-04-09,0.0,0.0,0.0,106800.0,6300.0,0.0,120400.0,0.0,21000.0,0.0,0.0,10400.0,0.0,0.0,0.0,0.0
2019-04-10,0.0,0.0,0.0,106800.0,6300.0,0.0,120400.0,0.0,21000.0,0.0,0.0,10400.0,0.0,0.0,0.0,0.0
2019-04-11,0.0,0.0,0.0,106800.0,6300.0,0.0,120400.0,0.0,21000.0,0.0,0.0,10400.0,0.0,0.0,0.0,0.0
2019-04-12,0.0,0.0,0.0,106800.0,6300.0,0.0,120400.0,0.0,21000.0,0.0,0.0,10400.0,0.0,0.0,0.0,0.0
2019-04-15,0.0,0.0,0.0,106800.0,6300.0,0.0,120400.0,0.0,21000.0,0.0,0.0,10400.0,0.0,0.0,0.0,0.0
2019-04-16,0.0,0.0,0.0,106800.0,6300.0,0.0,120400.0,0.0,21000.0,0.0,0.0,10400.0,0.0,0.0,0.0,0.0
2019-04-17,0.0,0.0,0.0,106800.0,6300.0,0.0,120400.0,0.0,21000.0,0.0,0.0,10400.0,0.0,0.0,0.0,0.0
2019-04-18,0.0,0.0,0.0,106800.0,6300.0,0.0,120400.0,0.0,21000.0,0.0,0.0,10400.0,0.0,0.0,0.0,0.0
2019-04-19,0.0,0.0,0.0,106800.0,6300.0,0.0,120400.0,0.0,21000.0,0.0,0.0,10400.0,0.0,0.0,0.0,0.0
2019-04-22,0.0,0.0,0.0,106800.0,6300.0,0.0,120400.0,0.0,21000.0,0.0,0.0,10400.0,0.0,0.0,0.0,0.0
2019-04-23,0.0,0.0,0.0,106800.0,6300.0,0.0,120400.0,0.0,21000.0,0.0,0.0,10400.0,0.0,0.0,0.0,0.0
2019-04-24,0.0,0.0,0.0,106800.0,6300.0,0.0,120400.0,0.0,21000.0,0.0,0.0,10400.0,0.0,0.0,0.0,0.0
2019-04-25,0.0,0.0,0.0,106800.0,6300.0,0.0,120400.0,0.0,21000.0,0.0,0.0,10400.0,0.0,0.0,0.0,0.0
2019-04-26,0.0,0.0,0.0,106800.0,6300.0,0.0,120400.0,0.0,21000.0,0.0,0.0,10400.0,0.0,0.0,0.0,0.0
2019-04-29,0.0,0.0,0.0,106800.0,6300.0,0.0,120400.0,0.0,21000.0,0.0,0.0,10400.0,0.0,0.0,0.0,0.0
2019-04-30,0.0,0.0,0.0,106800.0,6300.0,0.0,120400.0,0.0,21000.0,0.0,0.0,10400.0,0.0,0.0,0.0,0.0
2019-05-06,0.0,0.0,0.0,106800.0,6300.0,0.0,120400.0,0.0,21000.0,0.0,0.0,10400.0,0.0,0.0,0.0,0.0
2019-05-07,0.0,0.0,0.0,106800.0,6300.0,0.0,120400.0,0.0,21000.0,0.0,0.0,10400.0,0.0,0.0,0.0,0.0
2019-05-08,0.0,0.0,0.0,112800.0,6300.0,0.0,120400.0,0.0,21000.0,0.0,0.0,10400.0,0.0,0.0,0.0,0.0
2019-05-09,0.0,0.0,0.0,112800.0,6300.0,0.0,120400.0,0.0,21000.0,0.0,0.0,10400.0,0.0,0.0,0.0,0.0
2019-05-10,0.0,0.0,0.0,112800.0,6300.0,0.0,120400.0,0.0,21000.0,0.0,0.0,10400.0,0.0,0.0,0.0,0.0
2019-05-13,0.0,0.0,0.0,85500.0,6300.0,0.0,256600.0,0.0,21000.0,0.0,0.0,10400.0,0.0,0.0,0.0,0.0
2019-05-14,0.0,0.0,0.0,85500.0,6300.0,0.0,256600.0,0.0,21000.0,0.0,0.0,10400.0,0.0,0.0,0.0,0.0
2019-05-15,0.0,0.0,0.0,85500.0,6300.0,0.0,256600.0,0.0,21000.0,0.0,0.0,10400.0,0.0,0.0,0.0,0.0
2019-05-16,0.0,0.0,0.0,85500.0,6300.0,0.0,256600.0,0.0,21000.0,0.0,0.0,10400.0,0.0,0.0,0.0,0.0
2019-05-17,0.0,0.0,0.0,85500.0,6300.0,0.0,256600.0,0.0,21000.0,0.0,0.0,10400.0,0.0,0.0,0.0,0.0
2019-05-20,0.0,0.0,0.0,85500.0,6300.0,0.0,256600.0,0.0,21000.0,0.0,0.0,10400.0,0.0,0.0,0.0,0.0
2019-05-21,0.0,0.0,0.0,85500.0,6300.0,0.0,256600.0,0.0,21000.0,0.0,0.0,10400.0,0.0,0.0,0.0,0.0
2019-05-22,0.0,0.0,0.0,85500.0,6300.0,0.0,256600.0,0.0,21000.0,0.0,0.0,10400.0,0.0,0.0,0.0,0.0
2019-05-23,0.0,0.0,0.0,85500.0,6300.0,0.0,256600.0,0.0,21000.0,0.0,0.0,10400.0,0.0,0.0,0.0,0.0
2019-05-24,0.0,0.0,0.0,85500.0,6300.0,0.0,256600.0,0.0,21000.0,0.0,0.0,10400.0,0.0,0.0,0.0,0.0
2019-05-27,0.0,0.0,0.0,85500.0,6300.0,0.0,256600.0,0.0,21000.0,0.0,0.0,10400.0,0.0,0.0,0.0,0.0
2019-05-28,0.0,0.0,0.0,85500.0,6300.0,0.0,256600.0,0.0,21000.0,0.0,0.0,10400.0,0.0,0.0,0.0,0.0
2019-05-29,0.0,0.0,0.0,85500.0,6300.0,0.0,256600.0,0.0,21000.0,0.0,0.0,10400.0,0.0,0.0,0.0,0.0
2019-05-30,0.0,0.0,0.0,85500.0,6300.0,0.0,256600.0,0.0,21000.0,0.0,0.0,10400.0,0.0,0.0,0.0,0.0
2019-05-31,0.0,0.0,0.0,85500.0,6300.0,0.0,256600.0,0.0,21000.0,0.0,0.0,10400.0,0.0,0.0,0.0,0.0
2019-06-03,0.0,0.0,0.0,85500.0,6300.0,0.0,256600.0,0.0,21000.0,0.0,0.0,10400.0,0.0,0.0,0.0,0.0
2019-06-04,0.0,0.0,0.0,85500.0,6300.0,0.0,256600.0,0.0,21000.0,0.0,0.0,10400.0,0.0,0.0,0.0,0.0
2019-06-05,0.0,0.0,0.0,85500.0,6300.0,0.0,256600.0,0.0,21000.0,0.0,0.0,10400.0,0.0,0.0,0.0,0.0
2019-06-06,0.0,0.0,0.0,85500.0,6300.0,0.0,256600.0,0.0,21000.0,0.0,0.0,10400.0,0.0,0.0,0.0,0.0
2019-06-10,0.0,0.0,0.0,85500.0,6300.0,0.0,256600.0,0.0,21000.0,0.0,0.0,10400.0,0.0,0.0,0.0,0.0
2019-06-11,0.0,0.0,0.0,85500.0,6300.0,0.0,256600.0,0.0,21000.0,0.0,0.0,10400.0,0.0,0.0,0.0,0.0
2019-06-12,0.0,0.0,0.0,68500.0,6300.0,0.0,256600.0,166000.0,21000.0,0.0,0.0,10400.0,0.0,0.0,0.0,0.0
2019-06-13,0.0,0.0,0.0,68500.0,6300.0,0.0,256600.0,166000.0,21000.0,0.0,0.0,10400.0,0.0,0.0,0.0,0.0
2019-06-14,0.0,0.0,0.0,68500.0,6300.0,0.0,256600.0,166000.0,21000.0,0.0,0.0,10400.0,0.0,0.0,0.0,0.0
2019-06-17,0.0,0.0,0.0,62500.0,6300.0,0.0,256600.0,166000.0,21000.0,0.0,0.0,10400.0,0.0,0.0,0.0,0.0
2019-06-18,0.0,0.0,0.0,62500.0,6300.0,0.0,256600.0,166000.0,21000.0,0.0,0.0,10400.0,0.0,0.0,0.0,0.0
2019-06-19,0.0,0.0,0.0,62500.0,6300.0,0.0,256600.0,166000.0,21000.0,0.0,0.0,10400.0,0.0,0.0,0.0,0.0
2019-06-20,0.0,0.0,0.0,62500.0,6300.0,0.0,256600.0,166000.0,21000.0,0.0,0.0,10400.0,0.0,0.0,0.0,0.0
2019-06-21,0.0,0.0,0.0,62500.0,6300.0,0.0,256600.0,166000.0,21000.0,0.0,0.0,10400.0,0.0,0.0,0.0,0.0
2019-06-24,0.0,0.0,0.0,62500.0,6300.0,0.0,256600.0,166000.0,21000.0,0.0,0.0,10400.0,0.0,0.0,0.0,0.0
2019-06-25,0.0,0.0,0.0,62500.0,6300.0,0.0,256600.0,166000.0,21000.0,0.0,0.0,10400.0,0.0,0.0,0.0,0.0
2019-06-26,0.0,0.0,0.0,62500.0,6300.0,0.0,256600.0,166000.0,21000.0,0.0,0.0,10400.0,0.0,0.0,0.0,0.0
2019-06-27,0.0,0.0,0.0,62500.0,6300.0,0.0,256600.0,166000.0,21000.0,0.0,0.0,10400.0,0.0,0.0,0.0,0.0
2019-06-28,0.0,0.0,0.0,62500.0,6300.0,0.0,256600.0,166000.0,21000.0,0.0,0.0,10400.0,0.0,0.0,0.0,0.0
2019-07-01,0.0,0.0,0.0,62500.0,6300.0,0.0,256600.0,166000.0,21000.0,0.0,0.0,10400.0,0.0,0.0,0.0,0.0
2019-07-02,0.0,0.0,0.0,62500.0,6300.0,0.0,256600.0,166000.0,21000.0,0.0,0.0,10400.0,0.0,0.0,0.0,0.0
2019-07-03,0.0,0.0,0.0,62500.0,6300.0,0.0,256600.0,166000.0,21000.0,0.0,0.0,10400.0,0.0,0.0,0.0,0.0
2019-07-04,0.0,0.0,0.0,62500.0,6300.0,0.0,256600.0,166000.0,21000.0,0.0,0.0,10400.0,0.0,0.0,0.0,0.0
2019-07-05,0.0,0.0,0.0,62500.0,6300.0,0.0,256600.0,166000.0,21000.0,0.0,0.0,10400.0,0.0,0.0,0.0,0.0
2019-07-08,0.0,0.0,0.0,62500.0,6300.0,0.0,256600.0,166000.0,21000.0,0.0,0.0,10400.0,0.0,0.0,0.0,0.0
2019-07-09,0.0,0.0,0.0,62500.0,6300.0,0.0,256600.0,166000.0,21000.0,0.0,0.0,10400.0,0.0,0.0,0.0,0.0
2019-07-10,0.0,0.0,0.0,62500.0,6300.0,0.0,256600.0,166000.0,21000.0,0.0,0.0,10400.0,0.0,0.0,0.0,0.0
2019-07-11,0.0,0.0,0.0,62500.0,6300.0,0.0,256600.0,166000.0,21000.0,0.0,0.0,10400.0,0.0,0.0,0.0,0.0
2019-07-12,0.0,0.0,0.0,62500.0,6300.0,0.0,256600.0,166000.0,21000.0,0.0,0.0,10400.0,0.0,0.0,0.0,0.0
2019-07-15,0.0,0.0,0.0,62500.0,6300.0,0.0,256600.0,166000.0,21000.0,0.0,0.0,10400.0,0.0,0.0,0.0,0.0
2019-07-16,0.0,0.0,0.0,62500.0,6300.0,0.0,256600.0,166000.0,21000.0,0.0,0.0,10400.0,0.0,0.0,0.0,0.0
2019-07-17,0.0,0.0,0.0,0.0,6300.0,0.0,256600.0,166000.0,21000.0,0.0,0.0,10400.0,0.0,0.0,0.0,0.0
2019-07-18,0.0,0.0,0.0,0.0,6300.0,0.0,256600.0,166000.0,21000.0,0.0,0.0,10400.0,0.0,0.0,0.0,0.0
2019-07-19,0.0,0.0,0.0,0.0,6300.0,0.0,256600.0,166000.0,21000.0,0.0,0.0,10400.0,0.0,0.0,0.0,0.0
2019-07-22,0.0,0.0,0.0,0.0,6300.0,0.0,256600.0,166000.0,21000.0,0.0,0.0,10400.0,0.0,0.0,0.0,0.0
2019-07-23,0.0,0.0,0.0,0.0,6300.0,0.0,256600.0,166000.0,21000.0,0.0,0.0,10400.0,0.0,0.0,0.0,0.0
2019-07-24,0.0,0.0,0.0,0.0,6300.0,0.0,256600.0,166000.0,21000.0,0.0,0.0,10400.0,0.0,0.0,0.0,0.0
2019-07-25,0.0,0.0,0.0,0.0,6300.0,0.0,256600.0,166000.0,21000.0,0.0,0.0,10400.0,0.0,0.0,0.0,0.0
2019-07-26,0.0,0.0,0.0,0.0,6300.0,0.0,256600.0,166000.0,21000.0,0.0,0.0,10400.0,0.0,0.0,0.0,0.0
2019-07-29,0.0,0.0,0.0,0.0,6300.0,0.0,256600.0,166000.0,21000.0,0.0,0.0,10400.0,0.0,0.0,0.0,0.0
2019-07-30,0.0,0.0,0.0,0.0,6300.0,0.0,256600.0,166000.0,21000.0,0.0,0.0,10400.0,0.0,0.0,0.0,0.0
2019-07-31,0.0,0.0,0.0,0.0,6300.0,0.0,256600.0,166000.0,21000.0,0.0,0.0,10400.0,0.0,0.0,0.0,0.0
2019-08-01,0.0,0.0,0.0,0.0,6300.0,0.0,256600.0,166000.0,21000.0,0.0,0.0,10400.0,0.0,0.0,0.0,0.0
2019-08-02,0.0,0.0,0.0,0.0,6300.0,0.0,256600.0,166000.0,21000.0,0.0,0.0,10400.0,0.0,0.0,0.0,0.0
2019-08-05,0.0,0.0,0.0,0.0,6300.0,0.0,256600.0,166000.0,21000.0,0.0,0.0,10400.0,0.0,0.0,0.0,0.0
2019-08-06,0.0,0.0,0.0,0.0,6300.0,0.0,256600.0,166000.0,21000.0,0.0,0.0,10400.0,0.0,0.0,0.0,0.0
2019-08-07,0.0,0.0,0.0,0.0,6300.0,0.0,256600.0,166000.0,21000.0,0.0,0.0,10400.0,0.0,0.0,0.0,0.0
2019-08-08,0.0,0.0,0.0,0.0,6300.0,0.0,256600.0,166000.0,21000.0,0.0,0.0,10400.0,0.0,0.0,0.0,0.0
2019-08-09,0.0,0.0,0.0,0.0,6300.0,0.0,256600.0,166000.0,21000.0,0.0,0.0,10400.0,0.0,0.0,0.0,0.0
2019-08-12,0.0,0.0,0.0,0.0,6300.0,0.0,256600.0,166000.0,21000.0,0.0,0.0,10400.0,0.0,0.0,0.0,0.0
2019-08-13,0.0,0.0,0.0,0.0,6300.0,0.0,256600.0,166000.0,21000.0,0.0,0.0,10400.0,0.0,0.0,0.0,0.0
2019-08-14,0.0,0.0,0.0,0.0,6300.0,0.0,256600.0,166000.0,21000.0,0.0,0.0,10400.0,0.0,0.0,0.0,0.0
2019-08-15,0.0,0.0,0.0,0.0,6300.0,0.0,256600.0,166000.0,21000.0,0.0,0.0,10400.0,0.0,0.0,0.0,0.0
2019-08-16,0.0,0.0,0.0,0.0,6300.0,0.0,256600.0,166000.0,21000.0,0.0,0.0,10400.0,0.0,0.0,0.0,0.0
2019-08-19,0.0,0.0,0.0,0.0,6300.0,0.0,256600.0,166000.0,21000.0,0.0,0.0,10400.0,0.0,0.0,0.0,0.0
2019-08-20,0.0,0.0,0.0,0.0,6300.0,0.0,256600.0,166000.0,21000.0,0.0,0.0,10400.0,0.0,0.0,0.0,0.0
2019-08-21,0.0,0.0,0.0,0.0,6300.0,0.0,256600.0,166000.0,21000.0,0.0,0.0,10400.0,0.0,0.0,0.0,0.0
2019-08-22,0.0,0.0,0.0,0.0,6300.0,0.0,256600.0,166000.0,21000.0,0.0,0.0,10400.0,0.0,0.0,0.0,0.0
2019-08-23,0.0,0.0,0.0,0.0,6300.0,0.0,256600.0,166000.0,21000.0,0.0,0.0,10400.0,0.0,0.0,0.0,0.0
2019-08-26,0.0,0.0,0.0,0.0,6300.0,0.0,256600.0,166000.0,21000.0,0.0,0.0,10400.0,0.0,0.0,0.0,0.0
2019-08-27,0.0,0.0,0.0,0.0,6300.0,0.0,256600.0,166000.0,21000.0,0.0,0.0,10400.0,0.0,0.0,0.0,0.0
2019-08-28,0.0,0.0,0.0,0.0,6300.0,0.0,256600.0,166000.0,21000.0,0.0,0.0,10400.0,0.0,0.0,0.0,0.0
2019-08-29,0.0,0.0,0.0,0.0,6300.0,0.0,256600.0,166000.0,21000.0,0.0,0.0,0.0,0.0,0.0,0.0,0.0
2019-08-30,0.0,0.0,0.0,67500.0,6300.0,0.0,256600.0,124500.0,21000.0,0.0,0.0,0.0,0.0,0.0,0.0,0.0
2019-09-02,0.0,0.0,0.0,67500.0,6300.0,0.0,256600.0,124500.0,21000.0,0.0,0.0,0.0,0.0,0.0,0.0,0.0
2019-09-03,0.0,0.0,0.0,67500.0,6300.0,0.0,256600.0,124500.0,0.0,0.0,0.0,0.0,0.0,0.0,0.0,0.0
2019-09-04,0.0,0.0,0.0,67500.0,6300.0,0.0,256600.0,124500.0,0.0,0.0,0.0,0.0,0.0,0.0,0.0,0.0
2019-09-05,0.0,0.0,0.0,67500.0,6300.0,0.0,128300.0,83000.0,0.0,0.0,0.0,0.0,0.0,0.0,0.0,0.0
2019-09-06,0.0,0.0,0.0,67500.0,6300.0,0.0,64200.0,83000.0,0.0,0.0,0.0,0.0,0.0,0.0,0.0,0.0
2019-09-09,0.0,0.0,0.0,67500.0,6300.0,0.0,64200.0,83000.0,0.0,0.0,0.0,0.0,0.0,0.0,0.0,0.0
2019-09-10,0.0,0.0,0.0,67500.0,6300.0,0.0,64200.0,41500.0,0.0,0.0,0.0,0.0,0.0,0.0,0.0,0.0
2019-09-11,0.0,0.0,0.0,7500.0,0.0,0.0,64200.0,20800.0,0.0,0.0,0.0,0.0,0.0,0.0,0.0,0.0
2019-09-12,0.0,0.0,0.0,7500.0,0.0,0.0,64200.0,20800.0,0.0,0.0,0.0,0.0,0.0,0.0,0.0,0.0
2019-09-16,0.0,0.0,0.0,7500.0,0.0,0.0,64200.0,20800.0,0.0,0.0,0.0,0.0,0.0,0.0,0.0,0.0
2019-09-17,0.0,0.0,0.0,7500.0,0.0,0.0,64200.0,20800.0,0.0,0.0,0.0,0.0,0.0,0.0,0.0,0.0
2019-09-18,0.0,0.0,0.0,7500.0,0.0,0.0,64200.0,20800.0,0.0,0.0,0.0,0.0,0.0,0.0,0.0,0.0
2019-09-19,0.0,0.0,0.0,7500.0,0.0,0.0,64200.0,71900.0,0.0,0.0,0.0,0.0,0.0,0.0,0.0,0.0
2019-09-20,0.0,0.0,0.0,7500.0,0.0,0.0,64200.0,71900.0,0.0,0.0,0.0,0.0,0.0,0.0,0.0,0.0
2019-09-23,0.0,0.0,0.0,7500.0,0.0,0.0,64200.0,71900.0,0.0,0.0,0.0,0.0,0.0,0.0,0.0,0.0
2019-09-24,0.0,0.0,0.0,7500.0,0.0,0.0,64200.0,71900.0,0.0,0.0,0.0,0.0,0.0,0.0,0.0,0.0
2019-09-25,0.0,0.0,0.0,7500.0,0.0,0.0,64200.0,71900.0,0.0,0.0,0.0,0.0,0.0,0.0,0.0,0.0
2019-09-26,0.0,0.0,0.0,7500.0,0.0,0.0,0.0,0.0,0.0,0.0,0.0,0.0,0.0,0.0,0.0,0.0
2019-09-27,0.0,0.0,0.0,7500.0,0.0,0.0,0.0,0.0,0.0,0.0,0.0,0.0,0.0,0.0,0.0,0.0
2019-09-30,0.0,0.0,0.0,7500.0,0.0,0.0,0.0,0.0,0.0,0.0,0.0,0.0,0.0,0.0,0.0,0.0
2019-10-08,0.0,0.0,0.0,7500.0,0.0,0.0,0.0,0.0,0.0,0.0,0.0,0.0,0.0,0.0,0.0,0.0
2019-10-09,0.0,0.0,0.0,7500.0,0.0,0.0,0.0,0.0,0.0,0.0,0.0,0.0,0.0,0.0,0.0,0.0
2019-10-10,0.0,0.0,0.0,7500.0,0.0,0.0,0.0,0.0,0.0,0.0,0.0,0.0,0.0,0.0,0.0,0.0
2019-10-11,0.0,0.0,0.0,7500.0,0.0,0.0,0.0,0.0,0.0,0.0,0.0,0.0,0.0,0.0,0.0,0.0
2019-10-14,0.0,0.0,0.0,7500.0,0.0,50000.0,0.0,0.0,0.0,60000.0,0.0,0.0,0.0,0.0,0.0,0.0
2019-10-15,0.0,0.0,0.0,7500.0,0.0,50000.0,0.0,0.0,0.0,60000.0,0.0,0.0,0.0,0.0,0.0,0.0
2019-10-16,0.0,0.0,0.0,7500.0,0.0,100000.0,0.0,0.0,0.0,60000.0,0.0,0.0,0.0,0.0,0.0,0.0
2019-10-17,0.0,0.0,0.0,7500.0,0.0,100000.0,0.0,20000.0,0.0,60000.0,0.0,0.0,0.0,0.0,0.0,0.0
2019-10-18,0.0,0.0,0.0,7500.0,0.0,100000.0,0.0,20000.0,0.0,60000.0,0.0,0.0,0.0,0.0,0.0,0.0
2019-10-21,0.0,0.0,0.0,7500.0,0.0,100000.0,0.0,20000.0,0.0,60000.0,0.0,0.0,0.0,0.0,0.0,0.0
2019-10-22,0.0,0.0,0.0,7500.0,0.0,100000.0,0.0,20000.0,0.0,60000.0,0.0,0.0,0.0,0.0,0.0,0.0
2019-10-23,0.0,0.0,0.0,7500.0,0.0,100000.0,0.0,20000.0,0.0,60000.0,0.0,0.0,0.0,0.0,0.0,0.0
2019-10-24,0.0,0.0,0.0,7500.0,0.0,150000.0,0.0,20000.0,0.0,90000.0,0.0,0.0,0.0,0.0,0.0,0.0
2019-10-25,0.0,0.0,0.0,7500.0,0.0,150000.0,0.0,20000.0,0.0,90000.0,0.0,0.0,0.0,0.0,0.0,0.0
2019-10-28,0.0,0.0,0.0,7500.0,0.0,200000.0,0.0,70000.0,0.0,90000.0,0.0,0.0,0.0,0.0,0.0,0.0
2019-10-29,0.0,0.0,0.0,7500.0,0.0,200000.0,0.0,70000.0,0.0,90000.0,0.0,0.0,0.0,0.0,0.0,0.0
2019-10-30,0.0,0.0,0.0,7500.0,0.0,200000.0,0.0,70000.0,0.0,90000.0,0.0,0.0,0.0,0.0,0.0,0.0
2019-10-31,0.0,0.0,0.0,7500.0,0.0,200000.0,0.0,70000.0,0.0,90000.0,0.0,0.0,0.0,0.0,0.0,0.0
2019-11-01,0.0,0.0,0.0,7500.0,0.0,200000.0,0.0,70000.0,0.0,90000.0,0.0,0.0,0.0,0.0,0.0,0.0
2019-11-04,0.0,0.0,0.0,7500.0,0.0,200000.0,0.0,70000.0,0.0,90000.0,0.0,0.0,0.0,0.0,0.0,0.0
2019-11-05,0.0,0.0,0.0,7500.0,0.0,200000.0,0.0,70000.0,0.0,90000.0,0.0,0.0,0.0,0.0,0.0,0.0
2019-11-06,0.0,0.0,0.0,7500.0,0.0,200000.0,0.0,70000.0,0.0,90000.0,0.0,0.0,0.0,0.0,0.0,0.0
2019-11-07,0.0,0.0,0.0,7500.0,0.0,200000.0,0.0,70000.0,0.0,90000.0,0.0,0.0,0.0,0.0,0.0,0.0
2019-11-08,0.0,0.0,0.0,7500.0,0.0,200000.0,0.0,70000.0,0.0,90000.0,0.0,0.0,0.0,0.0,0.0,0.0
2019-11-11,0.0,0.0,0.0,7500.0,0.0,200000.0,0.0,70000.0,0.0,90000.0,0.0,0.0,0.0,0.0,0.0,0.0
2019-11-12,0.0,0.0,0.0,7500.0,0.0,200000.0,0.0,70000.0,0.0,90000.0,0.0,0.0,0.0,0.0,0.0,0.0
2019-11-13,0.0,0.0,0.0,7500.0,0.0,200000.0,0.0,70000.0,0.0,90000.0,0.0,0.0,0.0,0.0,0.0,0.0
2019-11-14,0.0,0.0,0.0,7500.0,0.0,200000.0,0.0,70000.0,0.0,45000.0,0.0,0.0,0.0,0.0,0.0,0.0
2019-11-15,0.0,0.0,0.0,7500.0,0.0,200000.0,0.0,70000.0,0.0,45000.0,0.0,0.0,0.0,0.0,0.0,0.0
2019-11-18,0.0,0.0,0.0,7500.0,0.0,200000.0,0.0,70000.0,0.0,45000.0,0.0,0.0,0.0,0.0,0.0,0.0
2019-11-19,0.0,0.0,0.0,7500.0,0.0,200000.0,0.0,70000.0,0.0,45000.0,0.0,0.0,0.0,0.0,0.0,0.0
2019-11-20,0.0,0.0,0.0,7500.0,0.0,200000.0,0.0,70000.0,0.0,45000.0,0.0,0.0,0.0,0.0,0.0,0.0
2019-11-21,0.0,0.0,0.0,7500.0,0.0,200000.0,0.0,70000.0,0.0,45000.0,0.0,0.0,0.0,0.0,0.0,0.0
2019-11-22,0.0,0.0,0.0,7500.0,0.0,200000.0,0.0,70000.0,0.0,45000.0,0.0,0.0,0.0,0.0,0.0,0.0
2019-11-25,0.0,0.0,0.0,7500.0,0.0,200000.0,0.0,70000.0,0.0,45000.0,0.0,0.0,0.0,0.0,0.0,0.0
2019-11-26,0.0,0.0,0.0,7500.0,0.0,200000.0,0.0,70000.0,0.0,45000.0,0.0,0.0,0.0,0.0,0.0,0.0
2019-11-27,0.0,0.0,0.0,7500.0,0.0,200000.0,0.0,70000.0,0.0,45000.0,0.0,0.0,0.0,0.0,0.0,0.0
2019-11-28,0.0,0.0,0.0,7500.0,0.0,200000.0,0.0,70000.0,0.0,45000.0,0.0,0.0,0.0,0.0,0.0,0.0
2019-11-29,0.0,0.0,0.0,7500.0,0.0,200000.0,0.0,70000.0,0.0,45000.0,0.0,0.0,0.0,0.0,0.0,0.0
2019-12-02,0.0,0.0,0.0,7500.0,0.0,200000.0,0.0,70000.0,0.0,45000.0,0.0,0.0,0.0,0.0,0.0,0.0
2019-12-03,0.0,0.0,0.0,7500.0,0.0,100000.0,0.0,170000.0,0.0,45000.0,0.0,0.0,0.0,0.0,0.0,0.0
2019-12-04,0.0,0.0,0.0,7500.0,0.0,100000.0,0.0,250000.0,0.0,45000.0,0.0,0.0,0.0,0.0,0.0,0.0
2019-12-05,0.0,0.0,0.0,7500.0,0.0,100000.0,0.0,250000.0,0.0,45000.0,0.0,0.0,0.0,0.0,0.0,0.0
2019-12-06,0.0,0.0,0.0,7500.0,0.0,100000.0,0.0,250000.0,0.0,45000.0,0.0,0.0,0.0,0.0,0.0,0.0
2019-12-09,0.0,0.0,0.0,7500.0,0.0,100000.0,0.0,250000.0,0.0,45000.0,0.0,0.0,0.0,0.0,0.0,0.0
2019-12-10,0.0,0.0,0.0,7500.0,0.0,100000.0,0.0,315000.0,0.0,45000.0,0.0,0.0,0.0,0.0,0.0,0.0
2019-12-11,0.0,0.0,0.0,7500.0,0.0,100000.0,0.0,315000.0,0.0,45000.0,0.0,0.0,0.0,0.0,0.0,0.0
2019-12-12,0.0,0.0,0.0,7500.0,0.0,100000.0,0.0,315000.0,0.0,45000.0,0.0,0.0,0.0,0.0,0.0,0.0
2019-12-13,0.0,0.0,0.0,7500.0,0.0,100000.0,0.0,315000.0,0.0,45000.0,0.0,0.0,0.0,0.0,0.0,0.0
2019-12-16,0.0,0.0,0.0,7500.0,0.0,100000.0,0.0,315000.0,0.0,45000.0,0.0,0.0,0.0,0.0,0.0,0.0
2019-12-17,0.0,160000.0,0.0,7500.0,0.0,100000.0,0.0,351500.0,0.0,45000.0,0.0,0.0,0.0,0.0,0.0,0.0
2019-12-18,0.0,160000.0,0.0,7500.0,0.0,0.0,0.0,175800.0,0.0,45000.0,0.0,0.0,0.0,0.0,0.0,0.0
2019-12-19,0.0,160000.0,0.0,7500.0,0.0,0.0,0.0,175800.0,0.0,45000.0,0.0,0.0,0.0,0.0,0.0,0.0
2019-12-20,0.0,160000.0,0.0,7500.0,0.0,0.0,0.0,175800.0,0.0,45000.0,0.0,0.0,0.0,0.0,0.0,0.0
2019-12-23,0.0,160000.0,0.0,7500.0,0.0,0.0,0.0,0.0,0.0,45000.0,0.0,0.0,0.0,0.0,0.0,0.0
2019-12-24,0.0,160000.0,0.0,7500.0,0.0,0.0,0.0,0.0,0.0,45000.0,0.0,0.0,0.0,0.0,0.0,0.0
2019-12-25,0.0,160000.0,0.0,7500.0,14200.0,0.0,0.0,0.0,0.0,45000.0,0.0,0.0,0.0,0.0,0.0,0.0
2019-12-26,0.0,160000.0,0.0,7500.0,14200.0,0.0,0.0,0.0,0.0,45000.0,0.0,0.0,0.0,0.0,0.0,0.0
2019-12-27,0.0,320000.0,0.0,7500.0,28400.0,0.0,0.0,0.0,0.0,125000.0,0.0,0.0,0.0,0.0,0.0,0.0
2019-12-30,0.0,407300.0,0.0,7500.0,42700.0,0.0,0.0,40600.0,0.0,173100.0,0.0,0.0,0.0,0.0,0.0,0.0
2019-12-31,0.0,407300.0,0.0,7500.0,42700.0,0.0,0.0,40600.0,0.0,173100.0,0.0,0.0,0.0,0.0,0.0,0.0
2020-01-02,0.0,407300.0,0.0,7500.0,42700.0,0.0,0.0,40600.0,0.0,221200.0,0.0,0.0,0.0,0.0,0.0,0.0
2020-01-03,0.0,407300.0,0.0,7500.0,42700.0,0.0,0.0,40600.0,0.0,221200.0,0.0,0.0,0.0,0.0,0.0,0.0
2020-01-06,0.0,407300.0,0.0,7500.0,42700.0,0.0,0.0,88400.0,0.0,221200.0,0.0,0.0,0.0,0.0,0.0,0.0
2020-01-07,0.0,407300.0,0.0,7500.0,42700.0,0.0,0.0,88400.0,0.0,221200.0,0.0,0.0,0.0,0.0,0.0,0.0
2020-01-08,0.0,407300.0,0.0,7500.0,42700.0,0.0,0.0,88400.0,0.0,221200.0,0.0,0.0,0.0,0.0,0.0,0.0
2020-01-09,0.0,407300.0,0.0,7500.0,42700.0,0.0,0.0,88400.0,0.0,221200.0,0.0,0.0,0.0,0.0,0.0,0.0
2020-01-10,0.0,407300.0,0.0,7500.0,42700.0,0.0,0.0,88400.0,0.0,221200.0,0.0,0.0,0.0,0.0,0.0,0.0
2020-01-13,0.0,407300.0,0.0,7500.0,42700.0,0.0,0.0,88400.0,0.0,111200.0,0.0,0.0,0.0,0.0,0.0,0.0
2020-01-14,0.0,407300.0,0.0,7500.0,42700.0,0.0,0.0,88400.0,0.0,111200.0,98800.0,0.0,0.0,0.0,0.0,0.0
2020-01-15,0.0,407300.0,0.0,7500.0,42700.0,0.0,0.0,88400.0,0.0,111200.0,98800.0,0.0,0.0,0.0,0.0,0.0
2020-01-16,0.0,407300.0,0.0,7500.0,42700.0,0.0,0.0,135900.0,0.0,111200.0,98800.0,0.0,0.0,0.0,0.0,0.0
2020-01-17,0.0,407300.0,0.0,7500.0,42700.0,0.0,0.0,135900.0,0.0,111200.0,98800.0,0.0,0.0,0.0,0.0,0.0
2020-01-20,0.0,407300.0,0.0,7500.0,42700.0,0.0,0.0,135900.0,0.0,111200.0,98800.0,0.0,0.0,0.0,0.0,0.0
2020-01-21,0.0,407300.0,0.0,7500.0,42700.0,120100.0,0.0,135900.0,0.0,111200.0,0.0,0.0,0.0,0.0,0.0,0.0
2020-01-22,0.0,407300.0,0.0,7500.0,42700.0,0.0,0.0,135900.0,0.0,0.0,0.0,0.0,0.0,0.0,0.0,0.0
2020-01-23,0.0,634400.0,0.0,7500.0,32100.0,0.0,0.0,187500.0,0.0,0.0,0.0,0.0,0.0,0.0,0.0,0.0
2020-02-03,0.0,842400.0,0.0,7500.0,32100.0,0.0,0.0,187500.0,0.0,0.0,0.0,0.0,0.0,0.0,0.0,0.0
2020-02-04,0.0,842400.0,0.0,7500.0,0.0,0.0,0.0,0.0,0.0,0.0,0.0,0.0,0.0,0.0,0.0,0.0
2020-02-05,0.0,662400.0,0.0,7500.0,0.0,0.0,0.0,0.0,0.0,0.0,0.0,0.0,0.0,0.0,0.0,0.0
2020-02-06,0.0,662400.0,0.0,7500.0,0.0,0.0,0.0,0.0,0.0,0.0,0.0,0.0,0.0,0.0,0.0,0.0
2020-02-07,0.0,768400.0,0.0,7500.0,0.0,0.0,0.0,30200.0,0.0,0.0,0.0,0.0,0.0,0.0,0.0,1100.0
2020-02-10,0.0,873400.0,0.0,7500.0,0.0,0.0,0.0,30200.0,0.0,0.0,0.0,0.0,0.0,0.0,0.0,1100.0
2020-02-11,0.0,893400.0,0.0,7500.0,0.0,0.0,0.0,30200.0,0.0,0.0,0.0,0.0,0.0,0.0,0.0,1100.0
2020-02-12,0.0,972200.0,0.0,7500.0,0.0,0.0,0.0,59200.0,0.0,0.0,0.0,0.0,0.0,0.0,0.0,2300.0
2020-02-13,0.0,972200.0,0.0,7500.0,0.0,0.0,0.0,87200.0,0.0,0.0,0.0,0.0,0.0,0.0,0.0,2300.0
2020-02-14,0.0,972200.0,0.0,7500.0,0.0,0.0,0.0,114200.0,0.0,0.0,0.0,0.0,0.0,0.0,0.0,2300.0
2020-02-17,0.0,1072200.0,0.0,7500.0,0.0,0.0,0.0,114200.0,0.0,0.0,0.0,0.0,0.0,0.0,0.0,2300.0
2020-02-18,0.0,1072200.0,0.0,7500.0,0.0,0.0,0.0,166200.0,0.0,0.0,0.0,0.0,0.0,0.0,0.0,1200.0
2020-02-19,0.0,1072200.0,0.0,0.0,0.0,0.0,0.0,192300.0,0.0,0.0,0.0,0.0,0.0,0.0,0.0,1200.0
2020-02-20,0.0,1072200.0,0.0,0.0,0.0,0.0,0.0,192300.0,0.0,0.0,0.0,0.0,0.0,0.0,0.0,1200.0
2020-02-21,0.0,1072200.0,0.0,0.0,0.0,0.0,0.0,192300.0,0.0,0.0,0.0,0.0,0.0,0.0,0.0,1200.0
2020-02-24,0.0,1072200.0,0.0,0.0,0.0,0.0,0.0,192300.0,0.0,0.0,0.0,0.0,0.0,0.0,0.0,1200.0
2020-02-25,0.0,790100.0,0.0,0.0,0.0,0.0,0.0,137388.0,0.0,0.0,0.0,0.0,0.0,0.0,0.0,1200.0
2020-02-26,0.0,0.0,0.0,0.0,0.0,0.0,0.0,0.0,0.0,0.0,0.0,0.0,0.0,0.0,0.0,0.0
2020-02-27,0.0,0.0,0.0,0.0,0.0,0.0,0.0,0.0,0.0,0.0,0.0,0.0,0.0,0.0,0.0,0.0
2020-02-28,0.0,0.0,0.0,0.0,0.0,0.0,0.0,0.0,0.0,0.0,0.0,0.0,0.0,0.0,0.0,0.0
2020-03-02,0.0,0.0,0.0,0.0,0.0,0.0,0.0,0.0,0.0,0.0,0.0,0.0,0.0,0.0,0.0,0.0
2020-03-03,0.0,0.0,0.0,0.0,0.0,0.0,0.0,0.0,0.0,0.0,0.0,0.0,0.0,0.0,0.0,0.0
2020-03-04,0.0,0.0,0.0,0.0,0.0,0.0,0.0,0.0,0.0,0.0,0.0,0.0,0.0,0.0,0.0,0.0
2020-03-05,0.0,0.0,0.0,0.0,0.0,0.0,0.0,0.0,0.0,0.0,0.0,0.0,0.0,0.0,0.0,0.0
2020-03-06,0.0,128000.0,0.0,0.0,0.0,0.0,0.0,0.0,0.0,0.0,0.0,0.0,0.0,0.0,0.0,0.0
2020-03-09,0.0,128000.0,0.0,0.0,0.0,0.0,0.0,0.0,0.0,0.0,0.0,0.0,0.0,9700.0,0.0,0.0
2020-03-10,0.0,128000.0,0.0,0.0,0.0,0.0,0.0,0.0,0.0,0.0,0.0,0.0,0.0,9700.0,0.0,0.0
2020-03-11,0.0,128000.0,0.0,0.0,0.0,0.0,0.0,0.0,0.0,0.0,0.0,0.0,0.0,9700.0,0.0,0.0
2020-03-12,0.0,0.0,0.0,0.0,0.0,0.0,0.0,0.0,0.0,0.0,0.0,0.0,0.0,9700.0,0.0,0.0
2020-03-13,0.0,0.0,0.0,0.0,0.0,0.0,0.0,0.0,0.0,0.0,0.0,0.0,0.0,9700.0,0.0,0.0
2020-03-16,0.0,0.0,0.0,0.0,0.0,0.0,0.0,0.0,0.0,0.0,0.0,0.0,0.0,0.0,0.0,0.0
2020-03-17,0.0,0.0,0.0,0.0,0.0,0.0,0.0,0.0,0.0,0.0,0.0,0.0,0.0,0.0,0.0,0.0
2020-03-18,0.0,0.0,0.0,0.0,0.0,0.0,0.0,0.0,0.0,0.0,0.0,0.0,0.0,0.0,0.0,0.0
2020-03-19,0.0,0.0,0.0,0.0,0.0,0.0,0.0,0.0,0.0,0.0,0.0,0.0,0.0,0.0,0.0,0.0
2020-03-20,0.0,0.0,0.0,0.0,0.0,0.0,0.0,0.0,0.0,0.0,0.0,0.0,0.0,0.0,0.0,0.0
2020-03-23,0.0,0.0,0.0,0.0,0.0,0.0,0.0,0.0,0.0,0.0,0.0,0.0,0.0,0.0,0.0,0.0
2020-03-24,0.0,0.0,0.0,0.0,0.0,0.0,0.0,0.0,0.0,0.0,0.0,0.0,0.0,0.0,0.0,0.0
2020-03-25,0.0,0.0,0.0,0.0,0.0,0.0,0.0,0.0,0.0,0.0,0.0,0.0,0.0,0.0,0.0,0.0
2020-03-26,0.0,0.0,0.0,0.0,0.0,0.0,0.0,0.0,0.0,0.0,0.0,0.0,0.0,0.0,0.0,0.0
2020-03-27,0.0,0.0,0.0,0.0,0.0,0.0,0.0,0.0,0.0,0.0,0.0,0.0,0.0,0.0,0.0,0.0
2020-03-30,0.0,0.0,0.0,0.0,0.0,0.0,0.0,0.0,0.0,0.0,0.0,0.0,0.0,0.0,0.0,0.0
2020-03-31,0.0,0.0,0.0,0.0,0.0,0.0,0.0,0.0,0.0,0.0,0.0,0.0,0.0,0.0,0.0,0.0
2020-04-01,0.0,0.0,0.0,0.0,0.0,0.0,0.0,0.0,0.0,0.0,0.0,0.0,0.0,0.0,0.0,0.0
2020-04-02,0.0,0.0,0.0,0.0,0.0,0.0,0.0,0.0,0.0,0.0,0.0,0.0,0.0,0.0,0.0,0.0
2020-04-03,0.0,0.0,0.0,0.0,0.0,0.0,0.0,0.0,0.0,0.0,0.0,0.0,0.0,0.0,0.0,0.0
2020-04-07,0.0,0.0,0.0,0.0,0.0,0.0,0.0,0.0,0.0,0.0,0.0,0.0,0.0,0.0,0.0,0.0
2020-04-08,0.0,0.0,0.0,0.0,0.0,0.0,0.0,0.0,0.0,0.0,0.0,0.0,0.0,0.0,0.0,0.0
2020-04-09,60000.0,91000.0,0.0,0.0,0.0,0.0,0.0,0.0,0.0,0.0,0.0,0.0,0.0,0.0,0.0,0.0
2020-04-10,60000.0,91000.0,0.0,0.0,0.0,0.0,0.0,0.0,0.0,0.0,0.0,0.0,0.0,0.0,0.0,0.0
2020-04-13,60000.0,91000.0,0.0,0.0,0.0,0.0,0.0,0.0,0.0,0.0,0.0,0.0,0.0,0.0,0.0,0.0
2020-04-14,120000.0,91000.0,0.0,0.0,0.0,0.0,0.0,0.0,0.0,0.0,0.0,0.0,0.0,0.0,0.0,0.0
2020-04-15,120000.0,91000.0,0.0,30800.0,0.0,0.0,0.0,0.0,0.0,0.0,0.0,0.0,0.0,0.0,0.0,0.0
2020-04-16,120000.0,91000.0,0.0,30800.0,0.0,0.0,0.0,0.0,0.0,0.0,0.0,0.0,0.0,0.0,0.0,0.0
2020-04-17,120000.0,235600.0,0.0,30800.0,0.0,0.0,0.0,0.0,0.0,0.0,0.0,0.0,45100.0,0.0,0.0,0.0
2020-04-20,120000.0,360300.0,0.0,77600.0,0.0,0.0,0.0,0.0,0.0,0.0,0.0,0.0,45100.0,0.0,0.0,0.0
2020-04-21,120000.0,360300.0,0.0,77600.0,0.0,0.0,0.0,0.0,0.0,0.0,0.0,0.0,45100.0,0.0,0.0,0.0
2020-04-22,120000.0,360300.0,0.0,77600.0,0.0,0.0,0.0,0.0,0.0,0.0,0.0,0.0,45100.0,0.0,0.0,0.0
2020-04-23,120000.0,360300.0,0.0,77600.0,0.0,0.0,0.0,0.0,0.0,0.0,0.0,0.0,45100.0,0.0,0.0,0.0
2020-04-24,120000.0,360300.0,0.0,77600.0,0.0,0.0,0.0,0.0,0.0,0.0,0.0,0.0,45100.0,0.0,0.0,0.0
2020-04-27,120000.0,215300.0,0.0,77600.0,0.0,0.0,0.0,0.0,0.0,0.0,0.0,0.0,45100.0,0.0,0.0,0.0
2020-04-28,231100.0,215300.0,0.0,27600.0,0.0,0.0,0.0,0.0,0.0,0.0,0.0,0.0,45100.0,0.0,0.0,0.0
2020-04-29,231100.0,215300.0,0.0,76100.0,0.0,0.0,0.0,0.0,0.0,0.0,0.0,0.0,45100.0,0.0,0.0,0.0
2020-04-30,231100.0,359800.0,0.0,76100.0,0.0,0.0,0.0,0.0,0.0,0.0,0.0,0.0,45100.0,0.0,0.0,0.0
2020-05-06,231100.0,499800.0,0.0,76100.0,0.0,0.0,0.0,0.0,0.0,0.0,0.0,0.0,45100.0,0.0,0.0,0.0
2020-05-07,231100.0,499800.0,0.0,76100.0,0.0,0.0,0.0,0.0,0.0,0.0,0.0,0.0,45100.0,0.0,0.0,0.0
2020-05-08,231100.0,499800.0,0.0,76100.0,0.0,0.0,0.0,0.0,0.0,0.0,0.0,0.0,45100.0,0.0,0.0,0.0
2020-05-11,231100.0,499800.0,0.0,76100.0,0.0,0.0,0.0,0.0,0.0,0.0,0.0,0.0,45100.0,0.0,0.0,0.0
2020-05-12,231100.0,499800.0,0.0,76100.0,0.0,0.0,0.0,0.0,0.0,0.0,0.0,0.0,45100.0,0.0,0.0,0.0
2020-05-13,231100.0,499800.0,0.0,76100.0,0.0,0.0,0.0,0.0,0.0,0.0,0.0,0.0,45100.0,0.0,0.0,0.0
2020-05-14,231100.0,499800.0,0.0,76100.0,0.0,0.0,0.0,0.0,0.0,0.0,0.0,0.0,45100.0,0.0,0.0,0.0
2020-05-15,231100.0,499800.0,0.0,76100.0,0.0,0.0,0.0,0.0,0.0,0.0,0.0,0.0,45100.0,0.0,0.0,0.0
2020-05-18,231100.0,499800.0,0.0,76100.0,0.0,0.0,0.0,0.0,0.0,0.0,0.0,0.0,45100.0,0.0,0.0,0.0
2020-05-19,231100.0,499800.0,0.0,76100.0,0.0,0.0,0.0,0.0,0.0,0.0,0.0,0.0,45100.0,0.0,0.0,0.0
2020-05-20,231100.0,499800.0,0.0,76100.0,0.0,0.0,0.0,0.0,0.0,0.0,0.0,0.0,45100.0,0.0,0.0,0.0
2020-05-21,231100.0,312800.0,0.0,76100.0,0.0,0.0,0.0,0.0,0.0,0.0,0.0,0.0,45100.0,0.0,0.0,0.0
2020-05-22,0.0,312800.0,0.0,0.0,0.0,0.0,0.0,0.0,0.0,0.0,0.0,0.0,45100.0,0.0,0.0,0.0
2020-05-25,0.0,312800.0,0.0,0.0,0.0,0.0,0.0,0.0,0.0,0.0,0.0,0.0,45100.0,0.0,0.0,0.0
2020-05-26,0.0,462100.0,0.0,0.0,0.0,0.0,0.0,0.0,0.0,0.0,0.0,0.0,45100.0,0.0,0.0,0.0
2020-05-27,0.0,462100.0,0.0,0.0,0.0,0.0,0.0,0.0,0.0,0.0,0.0,0.0,45100.0,0.0,0.0,0.0
2020-05-28,0.0,462100.0,0.0,0.0,0.0,0.0,0.0,0.0,0.0,0.0,0.0,0.0,45100.0,0.0,0.0,0.0
2020-05-29,0.0,462100.0,0.0,0.0,0.0,0.0,0.0,0.0,0.0,0.0,0.0,0.0,45100.0,0.0,0.0,0.0
2020-06-01,0.0,822300.0,0.0,0.0,0.0,0.0,0.0,0.0,0.0,0.0,0.0,0.0,45100.0,0.0,0.0,0.0
2020-06-02,0.0,822300.0,0.0,0.0,0.0,0.0,0.0,0.0,0.0,0.0,0.0,0.0,45100.0,0.0,0.0,0.0
2020-06-03,0.0,822300.0,0.0,0.0,0.0,0.0,0.0,0.0,0.0,0.0,0.0,0.0,45100.0,0.0,0.0,0.0
2020-06-04,0.0,822300.0,0.0,0.0,0.0,0.0,0.0,0.0,0.0,0.0,0.0,0.0,45100.0,0.0,0.0,0.0
2020-06-05,0.0,822300.0,0.0,0.0,0.0,0.0,0.0,0.0,0.0,0.0,0.0,0.0,45100.0,0.0,0.0,0.0
2020-06-08,0.0,971100.0,0.0,0.0,0.0,0.0,0.0,0.0,0.0,0.0,0.0,0.0,45100.0,0.0,0.0,0.0
2020-06-09,0.0,971100.0,0.0,0.0,0.0,0.0,0.0,0.0,0.0,0.0,0.0,0.0,45100.0,0.0,0.0,0.0
2020-06-10,0.0,1119900.0,0.0,0.0,0.0,0.0,0.0,0.0,0.0,0.0,0.0,0.0,45100.0,0.0,0.0,0.0
2020-06-11,0.0,1557600.0,0.0,0.0,0.0,0.0,0.0,0.0,0.0,0.0,0.0,0.0,22600.0,0.0,0.0,0.0
2020-06-12,0.0,1557600.0,0.0,0.0,0.0,0.0,0.0,0.0,0.0,0.0,0.0,0.0,22600.0,0.0,0.0,0.0
2020-06-15,0.0,1682600.0,0.0,0.0,0.0,0.0,0.0,0.0,0.0,0.0,0.0,0.0,22600.0,0.0,0.0,0.0
2020-06-16,0.0,1682600.0,0.0,0.0,0.0,0.0,0.0,0.0,0.0,0.0,0.0,0.0,22600.0,0.0,0.0,0.0
2020-06-17,0.0,1682600.0,0.0,0.0,0.0,0.0,0.0,0.0,0.0,0.0,0.0,0.0,22600.0,0.0,0.0,0.0
2020-06-18,0.0,1682600.0,0.0,0.0,0.0,0.0,0.0,0.0,0.0,0.0,0.0,0.0,22600.0,0.0,0.0,0.0
2020-06-19,0.0,1682600.0,0.0,0.0,0.0,0.0,0.0,0.0,0.0,0.0,0.0,0.0,22600.0,0.0,0.0,0.0
2020-06-22,0.0,1682600.0,0.0,0.0,0.0,0.0,0.0,0.0,0.0,0.0,0.0,0.0,22600.0,0.0,0.0,0.0
2020-06-23,0.0,1682600.0,0.0,0.0,0.0,0.0,0.0,0.0,0.0,0.0,0.0,0.0,22600.0,0.0,0.0,0.0
2020-06-24,0.0,1182600.0,0.0,0.0,0.0,0.0,0.0,0.0,0.0,0.0,0.0,0.0,22600.0,0.0,0.0,0.0
2020-06-29,0.0,1312600.0,0.0,0.0,0.0,0.0,0.0,0.0,0.0,0.0,0.0,0.0,22600.0,0.0,0.0,0.0
2020-06-30,0.0,1734600.0,0.0,0.0,0.0,0.0,0.0,0.0,0.0,0.0,0.0,0.0,22600.0,0.0,0.0,0.0
2020-07-01,0.0,1734600.0,0.0,0.0,0.0,0.0,0.0,0.0,0.0,0.0,0.0,0.0,0.0,0.0,0.0,0.0
2020-07-02,0.0,1734600.0,0.0,0.0,0.0,0.0,0.0,0.0,0.0,0.0,0.0,0.0,0.0,0.0,0.0,0.0
2020-07-03,0.0,1828400.0,0.0,0.0,0.0,0.0,0.0,0.0,0.0,0.0,0.0,0.0,0.0,0.0,0.0,0.0
2020-07-06,0.0,1828400.0,0.0,0.0,0.0,0.0,0.0,0.0,0.0,0.0,0.0,0.0,0.0,0.0,0.0,0.0
2020-07-07,0.0,1770000.0,0.0,0.0,0.0,0.0,0.0,0.0,0.0,0.0,0.0,0.0,0.0,0.0,500.0,0.0
2020-07-08,0.0,1770000.0,0.0,0.0,0.0,0.0,0.0,0.0,0.0,0.0,0.0,0.0,0.0,0.0,500.0,0.0
2020-07-09,0.0,1628700.0,600.0,0.0,0.0,0.0,0.0,30100.0,0.0,0.0,0.0,0.0,0.0,0.0,500.0,0.0
2020-07-10,0.0,1553700.0,600.0,0.0,0.0,0.0,0.0,59500.0,0.0,0.0,0.0,0.0,0.0,0.0,500.0,0.0
2020-07-13,0.0,1553700.0,600.0,0.0,0.0,0.0,0.0,59500.0,0.0,0.0,0.0,0.0,0.0,0.0,500.0,0.0
2020-07-14,0.0,1553700.0,600.0,0.0,0.0,0.0,0.0,59500.0,0.0,0.0,0.0,0.0,0.0,0.0,500.0,0.0
2020-07-15,0.0,1553700.0,300.0,0.0,0.0,0.0,0.0,59500.0,0.0,0.0,0.0,0.0,0.0,0.0,500.0,0.0
2020-07-16,0.0,0.0,0.0,0.0,0.0,0.0,0.0,0.0,0.0,0.0,0.0,0.0,0.0,0.0,0.0,0.0
2020-07-17,0.0,0.0,0.0,0.0,0.0,0.0,0.0,0.0,0.0,0.0,0.0,0.0,0.0,0.0,0.0,0.0
2020-07-20,0.0,0.0,0.0,0.0,0.0,0.0,0.0,0.0,0.0,0.0,0.0,0.0,0.0,0.0,0.0,0.0
2020-07-21,0.0,0.0,0.0,0.0,0.0,0.0,0.0,0.0,0.0,0.0,0.0,0.0,0.0,0.0,0.0,0.0
2020-07-22,0.0,0.0,0.0,0.0,0.0,0.0,0.0,0.0,0.0,0.0,0.0,0.0,0.0,0.0,0.0,0.0
2020-07-23,0.0,0.0,0.0,0.0,0.0,0.0,0.0,0.0,0.0,0.0,0.0,0.0,0.0,0.0,0.0,0.0
2020-07-24,0.0,0.0,0.0,0.0,0.0,0.0,0.0,0.0,0.0,0.0,0.0,0.0,0.0,0.0,0.0,0.0
2020-07-27,0.0,0.0,0.0,0.0,0.0,0.0,0.0,0.0,0.0,0.0,0.0,0.0,0.0,0.0,0.0,0.0
2020-07-28,0.0,0.0,0.0,0.0,0.0,0.0,0.0,0.0,0.0,0.0,0.0,0.0,0.0,0.0,0.0,0.0
2020-07-29,0.0,0.0,0.0,0.0,0.0,0.0,0.0,0.0,0.0,0.0,0.0,0.0,0.0,0.0,0.0,0.0
2020-07-30,0.0,0.0,0.0,0.0,0.0,0.0,0.0,0.0,0.0,0.0,0.0,0.0,0.0,0.0,0.0,0.0
2020-07-31,0.0,0.0,0.0,0.0,0.0,0.0,0.0,0.0,0.0,0.0,0.0,0.0,0.0,0.0,0.0,0.0
2020-08-03,0.0,0.0,0.0,0.0,0.0,0.0,0.0,0.0,0.0,0.0,0.0,0.0,0.0,0.0,0.0,0.0
2020-08-04,0.0,0.0,0.0,0.0,0.0,0.0,0.0,0.0,0.0,0.0,0.0,0.0,0.0,0.0,0.0,0.0
2020-08-05,0.0,0.0,0.0,0.0,0.0,0.0,0.0,0.0,0.0,0.0,0.0,0.0,0.0,0.0,0.0,0.0
2020-08-06,0.0,0.0,0.0,0.0,0.0,0.0,0.0,0.0,0.0,0.0,0.0,0.0,0.0,0.0,0.0,0.0
2020-08-07,0.0,0.0,0.0,0.0,0.0,0.0,0.0,0.0,0.0,0.0,0.0,0.0,0.0,0.0,0.0,0.0
2020-08-10,0.0,0.0,0.0,0.0,0.0,0.0,0.0,0.0,0.0,0.0,0.0,0.0,0.0,0.0,0.0,0.0
2020-08-11,0.0,0.0,0.0,0.0,0.0,0.0,0.0,0.0,0.0,0.0,0.0,0.0,0.0,0.0,0.0,0.0
2020-08-12,0.0,0.0,0.0,0.0,0.0,0.0,0.0,0.0,0.0,0.0,0.0,0.0,0.0,0.0,0.0,0.0
2020-08-13,0.0,0.0,0.0,0.0,0.0,0.0,0.0,0.0,0.0,0.0,0.0,0.0,0.0,0.0,0.0,0.0
2020-08-14,0.0,0.0,0.0,0.0,0.0,0.0,0.0,0.0,0.0,0.0,0.0,0.0,0.0,0.0,0.0,0.0
2020-08-17,0.0,0.0,0.0,0.0,0.0,0.0,0.0,0.0,0.0,0.0,0.0,0.0,0.0,0.0,0.0,0.0
2020-08-18,0.0,0.0,0.0,0.0,0.0,0.0,0.0,0.0,0.0,0.0,0.0,0.0,0.0,0.0,0.0,0.0
2020-08-19,0.0,0.0,0.0,0.0,0.0,0.0,0.0,0.0,0.0,0.0,0.0,0.0,0.0,0.0,0.0,0.0
2020-08-20,0.0,0.0,0.0,0.0,0.0,0.0,0.0,0.0,0.0,0.0,0.0,0.0,0.0,0.0,0.0,0.0
2020-08-21,0.0,0.0,0.0,0.0,0.0,0.0,0.0,0.0,0.0,0.0,0.0,0.0,0.0,0.0,0.0,0.0
2020-08-24,0.0,0.0,0.0,0.0,0.0,0.0,0.0,0.0,0.0,0.0,0.0,0.0,0.0,0.0,0.0,0.0
2020-08-25,0.0,0.0,0.0,0.0,0.0,0.0,0.0,0.0,0.0,0.0,0.0,0.0,0.0,0.0,0.0,0.0
2020-08-26,0.0,0.0,0.0,0.0,0.0,0.0,0.0,0.0,0.0,0.0,0.0,0.0,0.0,0.0,0.0,0.0
2020-08-27,0.0,0.0,0.0,0.0,0.0,0.0,0.0,0.0,0.0,0.0,0.0,0.0,0.0,0.0,0.0,0.0
2020-08-28,0.0,0.0,0.0,0.0,0.0,0.0,0.0,0.0,0.0,0.0,0.0,0.0,0.0,0.0,0.0,0.0
2020-08-31,0.0,0.0,0.0,0.0,0.0,0.0,0.0,0.0,0.0,0.0,0.0,0.0,0.0,0.0,0.0,0.0
2020-09-01,0.0,0.0,0.0,0.0,0.0,0.0,0.0,0.0,0.0,0.0,0.0,0.0,0.0,0.0,0.0,0.0
2020-09-02,0.0,0.0,0.0,0.0,0.0,0.0,0.0,0.0,0.0,0.0,0.0,0.0,0.0,0.0,0.0,0.0
2020-09-03,0.0,0.0,0.0,0.0,0.0,0.0,0.0,0.0,0.0,0.0,0.0,0.0,0.0,0.0,0.0,0.0
2020-09-04,0.0,0.0,0.0,0.0,0.0,0.0,0.0,0.0,0.0,0.0,0.0,0.0,0.0,0.0,0.0,0.0
2020-09-07,0.0,0.0,0.0,0.0,0.0,0.0,0.0,0.0,0.0,0.0,0.0,0.0,0.0,0.0,0.0,0.0
2020-09-08,0.0,0.0,0.0,0.0,0.0,0.0,0.0,0.0,0.0,0.0,0.0,0.0,0.0,0.0,0.0,0.0
2020-09-09,0.0,0.0,0.0,0.0,0.0,0.0,0.0,0.0,0.0,0.0,0.0,0.0,0.0,0.0,0.0,0.0
2020-09-10,0.0,0.0,0.0,0.0,0.0,0.0,0.0,0.0,0.0,0.0,0.0,0.0,0.0,0.0,0.0,0.0
2020-09-11,0.0,0.0,0.0,0.0,0.0,0.0,0.0,0.0,0.0,0.0,0.0,0.0,0.0,0.0,0.0,0.0
