,159920,159949,510300,510500,512290,512660,512760,512800,512880,512980,513500,600089,651,持仓金额,发生金额,账面现金,基金申赎,总资产,份额确认,基金份额,基金净值
2017-12-11,0.0,0.0,0.0,0.0,0.0,0.0,0.0,0.0,0.0,0.0,0.0,0.0,0.0,0.0,0.0,0.0,0,0.0,0.0,0.0,1.0
2017-12-12,0.0,0.0,0.0,0.0,0.0,0.0,0.0,0.0,0.0,0.0,0.0,0.0,0.0,0.0,0.0,0.0,0,0.0,0.0,0.0,1.0
2017-12-13,0.0,0.0,0.0,0.0,0.0,0.0,0.0,0.0,0.0,0.0,0.0,0.0,0.0,0.0,0.0,0.0,0,0.0,0.0,0.0,1.0
2017-12-14,0.0,0.0,141133.4,0.0,0.0,0.0,0.0,0.0,0.0,0.0,0.0,0.0,0.0,141133.4,0.0,0.0,0,141133.4,0.0,0.0,inf
2017-12-15,0.0,0.0,139265.0,0.0,0.0,0.0,0.0,0.0,0.0,0.0,0.0,0.0,0.0,139265.0,0.0,0.0,0,139265.0,0.0,0.0,inf
2017-12-18,0.0,0.0,139299.6,0.0,0.0,0.0,0.0,0.0,0.0,0.0,0.0,0.0,0.0,139299.6,0.0,0.0,0,139299.6,0.0,0.0,inf
2017-12-19,0.0,0.0,141133.4,0.0,0.0,0.0,0.0,0.0,0.0,0.0,0.0,0.0,0.0,141133.4,0.0,0.0,0,141133.4,0.0,0.0,inf
2017-12-20,0.0,0.0,140822.0,0.0,0.0,0.0,0.0,0.0,0.0,0.0,0.0,0.0,0.0,140822.0,0.0,0.0,0,140822.0,0.0,0.0,inf
2017-12-21,0.0,0.0,142552.0,0.0,0.0,0.0,0.0,0.0,0.0,0.0,0.0,0.0,0.0,142552.0,0.0,0.0,0,142552.0,0.0,0.0,inf
2017-12-22,0.0,0.0,141894.6,0.0,0.0,0.0,0.0,0.0,0.0,0.0,0.0,0.0,0.0,141894.6,0.0,0.0,0,141894.6,0.0,0.0,inf
2017-12-25,0.0,0.0,141237.19999999998,0.0,0.0,0.0,0.0,0.0,0.0,0.0,0.0,0.0,0.0,141237.19999999998,0.0,0.0,0,141237.19999999998,0.0,0.0,inf
2017-12-26,0.0,0.0,141652.4,0.0,0.0,0.0,0.0,0.0,0.0,0.0,0.0,0.0,0.0,141652.4,0.0,0.0,0,141652.4,0.0,0.0,inf
2017-12-27,0.0,0.0,139299.6,0.0,0.0,0.0,0.0,0.0,0.0,0.0,0.0,0.0,0.0,139299.6,0.0,0.0,0,139299.6,0.0,0.0,inf
2017-12-28,0.0,0.0,140579.8,0.0,0.0,0.0,0.0,0.0,0.0,0.0,0.0,0.0,0.0,140579.8,0.0,0.0,0,140579.8,0.0,0.0,inf
2017-12-29,0.0,0.0,141029.6,0.0,0.0,0.0,0.0,0.0,0.0,0.0,0.0,0.0,0.0,141029.6,0.0,0.0,0,141029.6,0.0,0.0,inf
2018-01-02,0.0,0.0,143105.6,0.0,0.0,0.0,0.0,0.0,0.0,0.0,0.0,0.0,0.0,143105.6,0.0,0.0,0,143105.6,0.0,0.0,inf
2018-01-03,0.0,0.0,163825.2,0.0,0.0,0.0,0.0,0.0,0.0,0.0,0.0,0.0,0.0,163825.2,40.409999999999854,40.409999999999854,0,163865.61000000002,0.0,0.0,inf
2018-01-04,0.0,0.0,164337.40000000002,0.0,0.0,0.0,0.0,0.0,0.0,0.0,0.0,0.0,0.0,164337.40000000002,40.409999999999854,40.409999999999854,0,164377.81000000003,0.0,0.0,inf
2018-01-05,0.0,0.0,164967.80000000002,0.0,0.0,0.0,0.0,0.0,0.0,0.0,0.0,0.0,0.0,164967.80000000002,40.409999999999854,40.409999999999854,0,165008.21000000002,0.0,0.0,inf
2018-01-08,0.0,0.0,165637.59999999998,0.0,0.0,0.0,0.0,0.0,0.0,0.0,0.0,0.0,0.0,165637.59999999998,40.409999999999854,40.409999999999854,0,165678.00999999998,0.0,0.0,inf
2018-01-09,0.0,0.0,166977.2,0.0,0.0,0.0,0.0,0.0,0.0,0.0,0.0,0.0,0.0,166977.2,40.409999999999854,40.409999999999854,0,167017.61000000002,0.0,0.0,inf
2018-01-10,0.0,0.0,167686.40000000002,0.0,0.0,0.0,0.0,0.0,0.0,0.0,0.0,0.0,0.0,167686.40000000002,40.409999999999854,40.409999999999854,0,167726.81000000003,0.0,0.0,inf
2018-01-11,0.0,0.0,167450.0,0.0,0.0,0.0,0.0,0.0,0.0,0.0,0.0,0.0,0.0,167450.0,40.409999999999854,40.409999999999854,0,167490.41,0.0,0.0,inf
2018-01-12,0.0,0.0,168356.19999999998,0.0,0.0,0.0,0.0,0.0,0.0,0.0,0.0,0.0,0.0,168356.19999999998,40.409999999999854,40.409999999999854,0,168396.61,0.0,0.0,inf
2018-01-15,0.0,0.0,168041.0,0.0,0.0,0.0,0.0,0.0,0.0,0.0,0.0,0.0,0.0,168041.0,40.409999999999854,40.409999999999854,0,168081.41,0.0,0.0,inf
2018-01-16,0.0,0.0,169735.19999999998,0.0,0.0,0.0,0.0,0.0,0.0,0.0,0.0,0.0,0.0,169735.19999999998,40.409999999999854,40.409999999999854,0,169775.61,0.0,0.0,inf
2018-01-17,0.0,0.0,169223.0,0.0,0.0,0.0,0.0,0.0,0.0,0.0,0.0,0.0,0.0,169223.0,40.409999999999854,40.409999999999854,0,169263.41,0.0,0.0,inf
2018-01-18,0.0,0.0,190212.00000000003,0.0,0.0,0.0,0.0,0.0,0.0,0.0,0.0,0.0,0.0,190212.00000000003,144.04000000000087,144.04000000000087,0,190356.04000000004,0.0,0.0,inf
2018-01-19,0.0,0.0,190740.0,0.0,0.0,0.0,0.0,0.0,0.0,0.0,0.0,0.0,0.0,190740.0,144.04000000000087,144.04000000000087,0,190884.04,0.0,0.0,inf
2018-01-22,0.0,0.0,193160.0,0.0,0.0,0.0,0.0,0.0,0.0,0.0,0.0,0.0,0.0,193160.0,144.04000000000087,144.04000000000087,0,193304.04,0.0,0.0,inf
2018-01-23,0.0,0.0,193072.0,0.0,0.0,0.0,0.0,0.0,0.0,0.0,0.0,0.0,0.0,193072.0,144.04000000000087,144.04000000000087,0,193216.04,0.0,0.0,inf
2018-01-24,0.0,0.0,193204.0,0.0,0.0,0.0,0.0,0.0,0.0,0.0,0.0,0.0,0.0,193204.0,144.04000000000087,144.04000000000087,0,193348.04,0.0,0.0,inf
2018-01-25,0.0,0.0,191972.00000000003,0.0,0.0,0.0,0.0,0.0,0.0,0.0,0.0,0.0,0.0,191972.00000000003,2168.040000000001,2168.040000000001,0,194140.04000000004,0.0,0.0,inf
2018-01-26,0.0,0.0,192940.0,0.0,0.0,0.0,0.0,0.0,0.0,0.0,0.0,0.0,0.0,192940.0,2168.040000000001,2168.040000000001,0,195108.04,0.0,0.0,inf
2018-01-29,0.0,0.0,189287.99999999997,0.0,0.0,0.0,0.0,0.0,0.0,0.0,0.0,0.0,0.0,189287.99999999997,2168.040000000001,2168.040000000001,0,191456.03999999998,0.0,0.0,inf
2018-01-30,0.0,0.0,187352.0,0.0,0.0,0.0,0.0,0.0,0.0,0.0,0.0,0.0,0.0,187352.0,2168.040000000001,2168.040000000001,0,189520.04,0.0,0.0,inf
2018-01-31,0.0,0.0,187924.0,0.0,0.0,0.0,0.0,0.0,0.0,0.0,0.0,0.0,0.0,187924.0,22168.04,22168.04,0,210092.04,0.0,0.0,inf
2018-02-01,0.0,0.0,206536.70000000004,0.0,0.0,0.0,0.0,0.0,0.0,0.0,0.0,0.0,0.0,206536.70000000004,2093.0200000000004,2093.0200000000004,0,208629.72000000003,0.0,0.0,inf
2018-02-02,0.0,0.0,207802.89999999997,39708.9,0.0,0.0,0.0,0.0,0.0,0.0,0.0,0.0,0.0,247511.79999999996,-2602.59,-2602.59,0,244909.20999999996,0.0,0.0,inf
2018-02-05,0.0,0.0,207608.1,39639.600000000006,0.0,0.0,0.0,0.0,0.0,0.0,0.0,0.0,0.0,247247.7,-2602.59,-2602.59,0,244645.11000000002,0.0,0.0,inf
2018-02-06,0.0,0.0,201764.09999999998,37844.100000000006,0.0,0.0,0.0,0.0,0.0,0.0,0.0,0.0,0.0,239608.19999999998,-2602.59,-2602.59,0,237005.61,0.0,0.0,inf
2018-02-07,0.0,0.0,196991.5,37888.2,0.0,0.0,0.0,0.0,0.0,0.0,0.0,0.0,0.0,234879.7,-2602.59,-2602.59,0,232277.11000000002,0.0,0.0,inf
2018-02-08,0.0,0.0,195384.39999999997,38222.1,0.0,0.0,0.0,0.0,0.0,0.0,0.0,0.0,0.0,233606.49999999997,-2602.59,-2602.59,0,231003.90999999997,0.0,0.0,inf
2018-02-09,0.0,0.0,186374.9,36766.8,0.0,0.0,0.0,0.0,0.0,0.0,0.0,0.0,0.0,223141.7,-2602.59,-2602.59,0,220539.11000000002,0.0,0.0,inf
2018-02-12,0.0,0.0,209239.8,37762.2,0.0,0.0,0.0,0.0,0.0,0.0,0.0,0.0,0.0,247002.0,-2774.2400000000016,-2774.2400000000016,0,244227.76,0.0,0.0,inf
2018-02-13,0.0,0.0,211773.09999999998,37995.3,0.0,0.0,0.0,0.0,0.0,0.0,0.0,0.0,0.0,249768.39999999997,-2774.2400000000016,-2774.2400000000016,0,246994.15999999997,0.0,0.0,inf
2018-02-14,0.0,0.0,213659.6,38121.3,0.0,0.0,0.0,0.0,0.0,0.0,0.0,0.0,0.0,251780.90000000002,-2774.2400000000016,-2774.2400000000016,0,249006.66000000003,0.0,0.0,inf
2018-02-22,0.0,0.0,218079.40000000002,38915.100000000006,0.0,0.0,0.0,0.0,0.0,0.0,0.0,0.0,0.0,256994.50000000003,-2774.2400000000016,-2774.2400000000016,0,254220.26000000004,0.0,0.0,inf
2018-02-23,0.0,0.0,219265.20000000004,38971.8,0.0,0.0,0.0,0.0,0.0,0.0,0.0,0.0,0.0,258237.00000000006,-2774.2400000000016,-2774.2400000000016,0,255462.76000000007,0.0,0.0,inf
2018-02-26,0.0,0.0,222068.0,40023.9,0.0,0.0,0.0,0.0,0.0,0.0,0.0,0.0,0.0,262091.9,-2774.2400000000016,-2774.2400000000016,0,259317.66,0.0,0.0,inf
2018-02-27,0.0,0.0,218887.9,39841.2,0.0,0.0,0.0,0.0,0.0,0.0,0.0,0.0,0.0,258729.09999999998,-2774.2400000000016,-2774.2400000000016,0,255954.86,0.0,0.0,inf
2018-02-28,0.0,0.0,216677.99999999997,39853.8,0.0,0.0,0.0,0.0,0.0,0.0,0.0,0.0,0.0,256531.8,-2774.2400000000016,-2774.2400000000016,0,253757.56,0.0,0.0,inf
2018-03-01,0.0,0.0,218241.09999999998,40401.899999999994,0.0,0.0,0.0,0.0,0.0,0.0,0.0,0.0,0.0,258642.99999999997,-2774.2400000000016,-2774.2400000000016,0,255868.75999999998,0.0,0.0,inf
2018-03-02,0.0,0.0,216785.80000000002,40206.600000000006,0.0,0.0,0.0,0.0,0.0,0.0,0.0,0.0,0.0,256992.40000000002,-2774.2400000000016,-2774.2400000000016,0,254218.16000000003,0.0,0.0,inf
2018-03-05,0.0,0.0,216300.69999999998,40156.2,0.0,0.0,0.0,0.0,0.0,0.0,0.0,0.0,0.0,256456.89999999997,-2774.2400000000016,-2774.2400000000016,0,253682.65999999997,0.0,0.0,inf
2018-03-06,0.0,0.0,219534.7,40698.0,0.0,0.0,0.0,0.0,0.0,0.0,0.0,0.0,0.0,260232.7,-2774.2400000000016,-2774.2400000000016,0,257458.46000000002,0.0,0.0,inf
2018-03-07,0.0,0.0,217756.0,40313.7,0.0,0.0,0.0,0.0,0.0,0.0,0.0,0.0,0.0,258069.7,-2774.2400000000016,-2774.2400000000016,0,255295.46000000002,0.0,0.0,inf
2018-03-08,0.0,0.0,219965.90000000002,40679.100000000006,0.0,0.0,0.0,0.0,0.0,0.0,0.0,0.0,0.0,260645.00000000003,-2774.2400000000016,-2774.2400000000016,0,257870.76000000004,0.0,0.0,inf
2018-03-09,0.0,0.0,221582.90000000002,41227.2,0.0,0.0,0.0,0.0,0.0,0.0,0.0,0.0,0.0,262810.10000000003,17225.76,17225.76,0,280035.86000000004,0.0,0.0,inf
2018-03-12,0.0,0.0,222229.7,41674.5,0.0,0.0,0.0,0.0,0.0,0.0,0.0,0.0,0.0,263904.2,17225.76,17225.76,0,281129.96,0.0,0.0,inf
2018-03-13,0.0,0.0,219858.09999999998,41479.2,0.0,0.0,0.0,0.0,0.0,0.0,0.0,0.0,0.0,261337.3,17225.76,17225.76,0,278563.06,0.0,0.0,inf
2018-03-14,0.0,0.0,219103.50000000003,40950.0,0.0,0.0,0.0,0.0,0.0,0.0,0.0,0.0,0.0,260053.50000000003,17225.76,17225.76,0,277279.26,0.0,0.0,inf
2018-03-15,0.0,0.0,260851.49999999997,40874.399999999994,0.0,0.0,0.0,0.0,0.0,0.0,0.0,0.0,0.0,301725.89999999997,-2780.0400000000045,-2780.0400000000045,0,298945.86,0.0,0.0,inf
2018-03-16,0.0,0.0,257985.0,40647.600000000006,0.0,0.0,0.0,0.0,0.0,0.0,0.0,0.0,0.0,298632.6,-2780.0400000000045,-2780.0400000000045,0,295852.56,0.0,0.0,inf
2018-03-19,0.0,0.0,259386.4,40805.1,0.0,0.0,0.0,0.0,0.0,0.0,0.0,0.0,0.0,300191.5,-2780.0400000000045,-2780.0400000000045,0,297411.46,0.0,0.0,inf
2018-03-20,0.0,0.0,259259.00000000003,40824.0,0.0,0.0,0.0,0.0,0.0,0.0,0.0,0.0,0.0,300083.0,-2776.0300000000043,-2776.0300000000043,0,297306.97,0.0,0.0,inf
2018-03-21,0.0,0.0,257921.29999999996,40490.100000000006,0.0,0.0,0.0,0.0,0.0,0.0,0.0,0.0,0.0,298411.39999999997,-2776.0300000000043,-2776.0300000000043,0,295635.36999999994,0.0,0.0,inf
2018-03-22,0.0,0.0,255628.1,40483.8,0.0,0.0,0.0,0.0,0.0,0.0,0.0,0.0,0.0,296111.9,-2776.0300000000043,-2776.0300000000043,0,293335.87,0.0,0.0,inf
2018-03-23,0.0,0.0,248047.8,38379.600000000006,0.0,0.0,0.0,0.0,0.0,0.0,0.0,0.0,0.0,286427.4,-2776.0300000000043,-2776.0300000000043,0,283651.37,0.0,0.0,inf
2018-03-26,0.0,0.0,246901.2,39148.2,0.0,0.0,0.0,0.0,0.0,0.0,0.0,0.0,0.0,286049.4,-2776.0300000000043,-2776.0300000000043,0,283273.37,0.0,0.0,inf
2018-03-27,0.0,0.0,249130.7,40036.5,0.0,0.0,0.0,0.0,0.0,0.0,0.0,0.0,0.0,289167.2,-2776.0300000000043,-2776.0300000000043,0,286391.17,0.0,0.0,inf
2018-03-28,0.0,0.0,244098.4,39582.899999999994,0.0,0.0,0.0,0.0,0.0,0.0,0.0,0.0,0.0,283681.3,-2776.0300000000043,-2776.0300000000043,0,280905.26999999996,0.0,0.0,inf
2018-03-29,0.0,0.0,248557.4,39998.700000000004,0.0,0.0,0.0,0.0,0.0,0.0,0.0,0.0,0.0,288556.1,-2776.0300000000043,-2776.0300000000043,0,285780.06999999995,0.0,0.0,inf
2018-03-30,0.0,0.0,248175.2,40527.9,0.0,0.0,0.0,0.0,0.0,0.0,0.0,0.0,0.0,288703.10000000003,-2776.0300000000043,-2776.0300000000043,0,285927.07,0.0,0.0,inf
2018-04-02,0.0,0.0,247347.1,40471.2,0.0,0.0,0.0,0.0,0.0,0.0,0.0,0.0,0.0,287818.3,-2776.0300000000043,-2776.0300000000043,0,285042.26999999996,0.0,0.0,inf
2018-04-03,0.0,0.0,245754.6,40149.899999999994,0.0,0.0,0.0,0.0,0.0,0.0,0.0,0.0,0.0,285904.5,-2776.0300000000043,-2776.0300000000043,0,283128.47,0.0,0.0,inf
2018-04-04,0.0,0.0,265127.2,39822.3,0.0,0.0,0.0,0.0,0.0,0.0,0.0,0.0,0.0,304949.5,-2802.0400000000027,-2802.0400000000027,0,302147.46,0.0,0.0,inf
2018-04-09,0.0,0.0,265471.7,39885.3,0.0,0.0,0.0,0.0,0.0,0.0,0.0,0.0,0.0,305357.0,-2802.0400000000027,-2802.0400000000027,0,302554.96,0.0,0.0,inf
2018-04-10,0.0,0.0,270639.2,40194.0,0.0,0.0,0.0,0.0,0.0,0.0,0.0,0.0,0.0,310833.2,-2802.0400000000027,-2802.0400000000027,0,308031.16000000003,0.0,0.0,inf
2018-04-11,0.0,0.0,270983.7,40263.3,0.0,0.0,0.0,0.0,0.0,0.0,0.0,0.0,0.0,311247.0,-2802.0400000000027,-2802.0400000000027,0,308444.96,0.0,0.0,inf
2018-04-12,0.0,0.0,268158.8,40049.1,0.0,0.0,0.0,0.0,0.0,0.0,0.0,0.0,0.0,308207.89999999997,-2802.0400000000027,-2802.0400000000027,0,305405.86,0.0,0.0,inf
2018-04-13,0.0,0.0,266298.5,39916.8,0.0,0.0,0.0,0.0,0.0,0.0,0.0,0.0,0.0,306215.3,-2802.0400000000027,-2802.0400000000027,0,303413.26,0.0,0.0,inf
2018-04-16,0.0,0.0,281876.39999999997,39797.1,0.0,0.0,0.0,0.0,0.0,0.0,0.0,0.0,0.0,321673.49999999994,-2567.970000000003,-2567.970000000003,0,319105.5299999999,0.0,0.0,inf
2018-04-17,0.0,0.0,277726.8,39085.2,0.0,0.0,0.0,0.0,0.0,0.0,0.0,0.0,0.0,316812.0,-2567.970000000003,-2567.970000000003,0,314244.02999999997,0.0,0.0,inf
2018-04-18,0.0,0.0,278319.60000000003,39513.6,0.0,0.0,0.0,0.0,0.0,0.0,0.0,0.0,0.0,317833.2,-2567.970000000003,-2567.970000000003,0,315265.23,0.0,0.0,inf
2018-04-19,0.0,0.0,282246.89999999997,39702.600000000006,0.0,0.0,0.0,0.0,0.0,0.0,0.0,0.0,0.0,321949.5,-2567.970000000003,-2567.970000000003,0,319381.52999999997,0.0,0.0,inf
2018-04-20,0.0,0.0,277875.0,39003.299999999996,0.0,0.0,0.0,0.0,0.0,0.0,0.0,0.0,0.0,316878.3,-2567.970000000003,-2567.970000000003,0,314310.32999999996,0.0,0.0,inf
2018-04-23,0.0,0.0,279060.6,38581.2,0.0,0.0,0.0,0.0,0.0,0.0,0.0,0.0,0.0,317641.8,-2567.970000000003,-2567.970000000003,0,315073.82999999996,0.0,0.0,inf
2018-04-24,0.0,0.0,284914.5,39400.2,0.0,0.0,0.0,0.0,0.0,0.0,0.0,0.0,0.0,324314.7,-2567.970000000003,-2567.970000000003,0,321746.73,0.0,0.0,inf
2018-04-25,0.0,0.0,283210.2,39438.0,0.0,0.0,0.0,0.0,0.0,0.0,0.0,0.0,0.0,322648.2,-2567.970000000003,-2567.970000000003,0,320080.23,0.0,0.0,inf
2018-04-26,0.0,0.0,277578.60000000003,38732.4,0.0,0.0,0.0,0.0,0.0,0.0,0.0,0.0,0.0,316311.00000000006,-2567.970000000003,-2567.970000000003,0,313743.03,0.0,0.0,inf
2018-04-27,0.0,0.0,278171.39999999997,38902.5,0.0,0.0,0.0,0.0,0.0,0.0,0.0,0.0,0.0,317073.89999999997,-2567.970000000003,-2567.970000000003,0,314505.92999999993,0.0,0.0,inf
2018-05-02,0.0,0.0,279060.6,38801.7,0.0,0.0,0.0,0.0,0.0,0.0,0.0,0.0,0.0,317862.3,-2567.970000000003,-2567.970000000003,0,315294.32999999996,0.0,0.0,inf
2018-05-03,0.0,0.0,280690.80000000005,39179.7,0.0,0.0,0.0,0.0,0.0,0.0,0.0,0.0,0.0,319870.50000000006,-2567.970000000003,-2567.970000000003,0,317302.53,0.0,0.0,inf
2018-05-04,0.0,0.0,279357.0,39154.5,0.0,0.0,0.0,0.0,0.0,0.0,0.0,0.0,0.0,318511.5,-2567.970000000003,-2567.970000000003,0,315943.52999999997,0.0,0.0,inf
2018-05-07,0.0,0.0,283877.10000000003,39910.5,0.0,0.0,0.0,0.0,0.0,0.0,0.0,0.0,0.0,323787.60000000003,-2567.970000000003,-2567.970000000003,0,321219.63,0.0,0.0,inf
2018-05-08,0.0,0.0,287582.10000000003,40099.5,0.0,0.0,0.0,0.0,0.0,0.0,0.0,0.0,0.0,327681.60000000003,-2567.970000000003,-2567.970000000003,0,325113.63,0.0,0.0,inf
2018-05-09,0.0,0.0,286767.0,39942.0,0.0,0.0,0.0,0.0,0.0,0.0,0.0,0.0,0.0,326709.0,-2567.970000000003,-2567.970000000003,0,324141.02999999997,0.0,0.0,inf
2018-05-10,0.0,0.0,288693.60000000003,40105.8,0.0,0.0,0.0,0.0,0.0,0.0,0.0,0.0,0.0,328799.4,-2567.970000000003,-2567.970000000003,0,326231.43,0.0,0.0,inf
2018-05-11,0.0,0.0,307128.9,39790.799999999996,0.0,0.0,0.0,0.0,0.0,0.0,0.0,0.0,0.0,346919.7,-2770.8300000000036,-2770.8300000000036,0,344148.87,0.0,0.0,inf
2018-05-14,0.0,0.0,309825.1,39601.8,0.0,0.0,0.0,0.0,0.0,0.0,0.0,0.0,0.0,349426.89999999997,-2770.8300000000036,-2770.8300000000036,0,346656.06999999995,0.0,0.0,inf
2018-05-15,0.0,0.0,311014.6,39979.8,0.0,0.0,0.0,0.0,0.0,0.0,0.0,0.0,0.0,350994.39999999997,-2770.8300000000036,-2770.8300000000036,0,348223.56999999995,0.0,0.0,inf
2018-05-16,0.0,0.0,308477.0,39879.0,0.0,0.0,0.0,0.0,0.0,0.0,0.0,0.0,0.0,348356.0,-2770.8300000000036,-2770.8300000000036,0,345585.17,0.0,0.0,inf
2018-05-17,0.0,0.0,305860.1,39627.0,0.0,0.0,0.0,0.0,0.0,0.0,0.0,0.0,0.0,345487.1,-2770.8300000000036,-2770.8300000000036,0,342716.26999999996,0.0,0.0,inf
2018-05-18,0.0,0.0,309190.69999999995,39879.0,0.0,0.0,0.0,0.0,0.0,0.0,0.0,0.0,0.0,349069.69999999995,-2770.8300000000036,-2770.8300000000036,0,346298.86999999994,0.0,0.0,inf
2018-05-21,0.0,0.0,310697.4,40326.299999999996,0.0,0.0,0.0,0.0,0.0,0.0,0.0,0.0,0.0,351023.7,-2770.8300000000036,-2770.8300000000036,0,348252.87,0.0,0.0,inf
2018-05-22,0.0,0.0,309428.6,40490.100000000006,0.0,0.0,0.0,0.0,0.0,0.0,0.0,0.0,0.0,349918.69999999995,-2770.8300000000036,-2770.8300000000036,0,347147.86999999994,0.0,0.0,inf
2018-05-23,0.0,0.0,325409.50000000006,39954.600000000006,0.0,0.0,0.0,0.0,0.0,0.0,0.0,0.0,0.0,365364.1000000001,-2848.850000000004,-2848.850000000004,0,362515.2500000001,0.0,0.0,inf
2018-05-24,0.0,0.0,322790.0,39828.6,0.0,0.0,0.0,0.0,0.0,0.0,0.0,0.0,0.0,362618.6,-2848.850000000004,-2848.850000000004,0,359769.75,0.0,0.0,inf
2018-05-25,0.0,0.0,322029.50000000006,39299.399999999994,0.0,0.0,0.0,0.0,0.0,0.0,0.0,0.0,0.0,361328.9,-2848.850000000004,-2848.850000000004,0,358480.05000000005,0.0,0.0,inf
2018-05-28,0.0,0.0,324057.5,39223.8,0.0,0.0,0.0,0.0,0.0,0.0,0.0,0.0,0.0,363281.3,-2848.850000000004,-2848.850000000004,0,360432.45,0.0,0.0,inf
2018-05-29,0.0,0.0,321015.5,38732.4,0.0,0.0,0.0,0.0,0.0,0.0,0.0,0.0,0.0,359747.9,-2848.850000000004,-2848.850000000004,0,356899.05000000005,0.0,0.0,inf
2018-05-30,0.0,0.0,314931.5,37844.100000000006,0.0,0.0,0.0,0.0,0.0,0.0,0.0,0.0,0.0,352775.6,-2848.850000000004,-2848.850000000004,0,349926.75,0.0,0.0,inf
2018-05-31,0.0,0.0,321353.5,38291.399999999994,0.0,0.0,0.0,0.0,0.0,0.0,0.0,0.0,0.0,359644.9,-2848.850000000004,-2848.850000000004,0,356796.05000000005,0.0,0.0,inf
2018-06-01,0.0,0.0,319156.5,37844.100000000006,0.0,0.0,0.0,0.0,0.0,0.0,0.0,0.0,0.0,357000.6,-2848.850000000004,-2848.850000000004,0,354151.75,0.0,0.0,inf
2018-06-04,0.0,0.0,322282.99999999994,37837.8,0.0,0.0,0.0,0.0,0.0,0.0,0.0,0.0,0.0,360120.79999999993,-2848.850000000004,-2848.850000000004,0,357271.94999999995,0.0,0.0,inf
2018-06-05,0.0,0.0,344986.2,38480.399999999994,0.0,0.0,0.0,0.0,0.0,0.0,0.0,0.0,0.0,383466.6,-2776.0300000000043,-2776.0300000000043,0,380690.56999999995,0.0,0.0,inf
2018-06-06,0.0,0.0,344358.3,38442.6,0.0,0.0,0.0,0.0,0.0,0.0,0.0,0.0,0.0,382800.89999999997,-2776.0300000000043,-2776.0300000000043,0,380024.86999999994,0.0,0.0,inf
2018-06-07,0.0,0.0,344268.60000000003,38234.7,0.0,0.0,0.0,0.0,0.0,0.0,0.0,0.0,0.0,382503.30000000005,-2776.0300000000043,-2776.0300000000043,0,379727.27,0.0,0.0,inf
2018-06-08,0.0,0.0,339693.89999999997,37768.5,0.0,0.0,0.0,0.0,0.0,0.0,0.0,0.0,0.0,377462.39999999997,-2776.0300000000043,-2776.0300000000043,0,374686.36999999994,0.0,0.0,inf
2018-06-11,0.0,0.0,340590.89999999997,37535.399999999994,0.0,0.0,0.0,0.0,0.0,0.0,0.0,0.0,0.0,378126.29999999993,-2776.0300000000043,-2776.0300000000043,0,375350.2699999999,0.0,0.0,inf
2018-06-12,0.0,0.0,343999.5,37844.100000000006,0.0,0.0,0.0,0.0,0.0,0.0,0.0,0.0,0.0,381843.6,-2776.0300000000043,-2776.0300000000043,0,379067.56999999995,0.0,0.0,inf
2018-06-13,0.0,0.0,340501.2,37308.600000000006,0.0,0.0,0.0,0.0,0.0,0.0,0.0,0.0,0.0,377809.80000000005,-2776.0300000000043,-2776.0300000000043,0,375033.77,0.0,0.0,inf
2018-06-14,0.0,0.0,339604.2,37245.600000000006,0.0,0.0,0.0,0.0,0.0,0.0,0.0,0.0,0.0,376849.80000000005,-2776.0300000000043,-2776.0300000000043,0,374073.77,0.0,0.0,inf
2018-06-15,0.0,0.0,339066.0,36584.100000000006,0.0,0.0,0.0,0.0,0.0,0.0,0.0,0.0,0.0,375650.1,-2776.0300000000043,-2776.0300000000043,0,372874.06999999995,0.0,0.0,inf
2018-06-19,0.0,0.0,327405.0,34265.7,0.0,0.0,0.0,0.0,0.0,0.0,0.0,0.0,0.0,361670.7,-2776.0300000000043,-2776.0300000000043,0,358894.67,0.0,0.0,inf
2018-06-20,0.0,0.0,327405.0,34568.1,0.0,0.0,0.0,0.0,0.0,0.0,0.0,0.0,0.0,361973.1,-2773.7000000000044,-2773.7000000000044,0,359199.39999999997,0.0,0.0,inf
2018-06-21,0.0,0.0,324714.0,33957.0,0.0,0.0,0.0,0.0,0.0,0.0,0.0,0.0,0.0,358671.0,-2773.7000000000044,-2773.7000000000044,0,355897.3,0.0,0.0,inf
2018-06-22,0.0,0.0,326149.2,34398.0,0.0,0.0,0.0,0.0,0.0,0.0,0.0,0.0,0.0,360547.2,-2773.7000000000044,-2773.7000000000044,0,357773.5,0.0,0.0,inf
2018-06-25,0.0,0.0,321574.5,34083.0,0.0,0.0,0.0,0.0,0.0,0.0,0.0,0.0,0.0,355657.5,-2773.7000000000044,-2773.7000000000044,0,352883.8,0.0,0.0,inf
2018-06-26,0.0,0.0,358550.0,34379.100000000006,0.0,0.0,0.0,0.0,0.0,0.0,0.0,0.0,0.0,392929.1,-2866.820000000007,-2866.820000000007,0,390062.27999999997,0.0,0.0,inf
2018-06-27,0.0,0.0,350066.0,33912.899999999994,0.0,0.0,0.0,0.0,0.0,0.0,0.0,0.0,0.0,383978.9,-2866.820000000007,-2866.820000000007,0,381112.08,0.0,0.0,inf
2018-06-28,0.0,0.0,348046.0,33660.9,0.0,0.0,0.0,0.0,0.0,0.0,0.0,0.0,0.0,381706.9,-2866.820000000007,-2866.820000000007,0,378840.08,0.0,0.0,inf
2018-06-29,0.0,0.0,357237.0,34845.3,0.0,0.0,0.0,0.0,0.0,0.0,0.0,0.0,0.0,392082.3,-2866.820000000007,-2866.820000000007,0,389215.48,0.0,0.0,inf
2018-07-02,0.0,0.0,347743.0,34284.6,0.0,0.0,0.0,0.0,0.0,0.0,0.0,0.0,0.0,382027.6,-2866.820000000007,-2866.820000000007,0,379160.77999999997,0.0,0.0,inf
2018-07-03,0.0,0.0,346430.0,34643.7,0.0,0.0,0.0,0.0,0.0,0.0,0.0,0.0,0.0,381073.7,-2866.820000000007,-2866.820000000007,0,378206.88,0.0,0.0,inf
2018-07-04,0.0,0.0,342793.99999999994,34171.2,0.0,0.0,0.0,0.0,0.0,0.0,0.0,0.0,0.0,376965.19999999995,-2866.820000000007,-2866.820000000007,0,374098.37999999995,0.0,0.0,inf
2018-07-05,0.0,0.0,339966.0,33264.0,0.0,0.0,0.0,0.0,0.0,0.0,0.0,0.0,0.0,373230.0,-2866.820000000007,-2866.820000000007,0,370363.18,0.0,0.0,inf
2018-07-06,0.0,0.0,342895.0,33276.6,0.0,0.0,0.0,0.0,0.0,0.0,0.0,0.0,0.0,376171.6,-2866.820000000007,-2866.820000000007,0,373304.77999999997,0.0,0.0,inf
2018-07-09,0.0,0.0,352894.0,34133.399999999994,0.0,0.0,0.0,0.0,0.0,0.0,0.0,0.0,0.0,387027.4,-2866.820000000007,-2866.820000000007,0,384160.58,0.0,0.0,inf
2018-07-10,0.0,0.0,353803.0,34316.1,0.0,0.0,0.0,0.0,0.0,0.0,0.0,0.0,0.0,388119.1,-2866.820000000007,-2866.820000000007,0,385252.27999999997,0.0,0.0,inf
2018-07-11,0.0,0.0,347945.0,33667.2,0.0,0.0,0.0,0.0,0.0,0.0,0.0,0.0,0.0,381612.2,-2866.820000000007,-2866.820000000007,0,378745.38,0.0,0.0,inf
2018-07-12,0.0,0.0,356328.0,34650.0,0.0,0.0,0.0,0.0,0.0,0.0,0.0,0.0,0.0,390978.0,-2866.820000000007,-2866.820000000007,0,388111.18,0.0,0.0,inf
2018-07-13,0.0,0.0,356934.0,34738.2,0.0,0.0,0.0,0.0,0.0,0.0,0.0,0.0,0.0,391672.2,-2866.820000000007,-2866.820000000007,0,388805.38,0.0,0.0,inf
2018-07-16,0.0,0.0,355418.99999999994,34776.0,0.0,0.0,0.0,0.0,0.0,0.0,0.0,0.0,0.0,390194.99999999994,-2866.820000000007,-2866.820000000007,0,387328.17999999993,0.0,0.0,inf
2018-07-17,0.0,0.0,353197.0,34656.3,0.0,0.0,0.0,0.0,0.0,0.0,0.0,0.0,0.0,387853.3,-2866.820000000007,-2866.820000000007,0,384986.48,0.0,0.0,inf
2018-07-18,0.0,0.0,351581.00000000006,34492.5,0.0,0.0,0.0,0.0,0.0,0.0,0.0,0.0,0.0,386073.50000000006,-2866.820000000007,-2866.820000000007,0,383206.68000000005,0.0,0.0,inf
2018-07-19,0.0,0.0,371636.10000000003,34202.7,0.0,0.0,0.0,0.0,0.0,0.0,0.0,0.0,0.0,405838.80000000005,-2822.8100000000086,-2822.8100000000086,0,403015.99000000005,0.0,0.0,inf
2018-07-20,0.0,0.0,378785.0,34624.8,0.0,0.0,0.0,0.0,0.0,0.0,0.0,0.0,0.0,413409.8,-2702.8100000000086,-2702.8100000000086,0,410706.99,0.0,0.0,inf
2018-07-23,0.0,0.0,381239.1,34883.100000000006,0.0,0.0,0.0,0.0,0.0,0.0,0.0,0.0,0.0,416122.19999999995,-2447.8100000000086,-2447.8100000000086,0,413674.38999999996,0.0,0.0,inf
2018-07-24,0.0,0.0,388281.3,35469.0,0.0,0.0,0.0,0.0,0.0,0.0,0.0,0.0,0.0,423750.3,-2447.8100000000086,-2447.8100000000086,0,421302.49,0.0,0.0,inf
2018-07-25,0.0,0.0,388174.6,35475.3,0.0,0.0,0.0,0.0,0.0,0.0,0.0,0.0,0.0,423649.89999999997,-2447.8100000000086,-2447.8100000000086,0,421202.08999999997,0.0,0.0,inf
2018-07-26,0.0,0.0,383159.7,35267.4,0.0,0.0,0.0,0.0,0.0,0.0,0.0,0.0,0.0,418427.10000000003,-2447.8100000000086,-2447.8100000000086,0,415979.29000000004,0.0,0.0,inf
2018-07-27,0.0,0.0,382199.39999999997,35084.7,0.0,0.0,0.0,0.0,0.0,0.0,0.0,0.0,0.0,417284.1,-2447.8100000000086,-2447.8100000000086,0,414836.29,0.0,0.0,inf
2018-07-30,0.0,0.0,380065.39999999997,34555.5,0.0,0.0,0.0,0.0,0.0,0.0,0.0,0.0,0.0,414620.89999999997,-2447.8100000000086,-2447.8100000000086,0,412173.08999999997,0.0,0.0,inf
2018-07-31,0.0,0.0,381452.5,34631.100000000006,0.0,0.0,0.0,0.0,0.0,0.0,0.0,0.0,0.0,416083.6,-2447.8100000000086,-2447.8100000000086,0,413635.79,0.0,0.0,inf
2018-08-01,0.0,0.0,372916.5,34089.3,0.0,0.0,0.0,0.0,0.0,0.0,0.0,0.0,0.0,407005.8,-2447.8100000000086,-2447.8100000000086,0,404557.99,0.0,0.0,inf
2018-08-02,0.0,0.0,364593.89999999997,33301.8,0.0,0.0,0.0,0.0,0.0,0.0,0.0,0.0,0.0,397895.69999999995,-2447.8100000000086,-2447.8100000000086,0,395447.88999999996,0.0,0.0,inf
2018-08-03,0.0,0.0,359472.3,32980.5,0.0,0.0,0.0,0.0,0.0,0.0,0.0,0.0,0.0,392452.8,-2447.8100000000086,-2447.8100000000086,0,390004.99,0.0,0.0,inf
2018-08-06,0.0,0.0,376075.19999999995,32287.5,0.0,0.0,0.0,19215.0,0.0,0.0,0.0,0.0,0.0,427577.69999999995,-2102.910000000007,-2102.910000000007,0,425474.7899999999,0.0,0.0,inf
2018-08-07,0.0,0.0,386565.6,33087.600000000006,0.0,0.0,0.0,19614.0,0.0,0.0,0.0,0.0,0.0,439267.19999999995,-2102.910000000007,-2102.910000000007,0,437164.2899999999,0.0,0.0,inf
2018-08-08,0.0,0.0,380925.6,32665.499999999996,0.0,0.0,0.0,19404.0,0.0,0.0,0.0,0.0,0.0,432995.1,-2102.910000000007,-2102.910000000007,0,430892.18999999994,0.0,0.0,inf
2018-08-09,0.0,0.0,390062.4,33490.799999999996,0.0,0.0,0.0,19698.0,0.0,0.0,0.0,0.0,0.0,443251.2,-2102.910000000007,-2102.910000000007,0,441148.29,0.0,0.0,inf
2018-08-10,0.0,0.0,390739.2,33629.399999999994,0.0,0.0,0.0,19593.0,0.0,0.0,0.0,0.0,0.0,443961.6,-2102.910000000007,-2102.910000000007,0,441858.68999999994,0.0,0.0,inf
2018-08-13,0.0,0.0,410086.1,33837.3,0.0,0.0,0.0,19257.0,0.0,0.0,0.0,0.0,0.0,463180.39999999997,-2818.6200000000063,-2818.6200000000063,0,460361.77999999997,0.0,0.0,inf
2018-08-14,0.0,0.0,408302.6,33667.2,0.0,0.0,0.0,19194.0,0.0,0.0,0.0,0.0,0.0,461163.8,-2818.6200000000063,-2818.6200000000063,0,458345.18,0.0,0.0,inf
2018-08-15,0.0,0.0,398552.8,32999.399999999994,0.0,0.0,0.0,18858.0,0.0,0.0,0.0,0.0,0.0,450410.19999999995,-2818.6200000000063,-2818.6200000000063,0,447591.57999999996,0.0,0.0,inf
2018-08-16,0.0,0.0,396888.2,32709.600000000002,0.0,0.0,0.0,18900.0,0.0,0.0,0.0,0.0,0.0,448497.8,-2818.6200000000063,-2818.6200000000063,0,445679.18,0.0,0.0,inf
2018-08-17,0.0,0.0,390824.3,32123.7,0.0,0.0,0.0,18774.0,0.0,0.0,0.0,0.0,0.0,441722.0,-2818.6200000000063,-2818.6200000000063,0,438903.38,0.0,0.0,inf
2018-08-20,0.0,0.0,394985.8,32306.399999999994,0.0,0.0,0.0,0.0,0.0,0.0,18938.399999999998,0.0,0.0,446230.6,-2857.780000000006,-2857.780000000006,0,443372.81999999995,0.0,0.0,inf
2018-08-21,0.0,0.0,401763.1,32634.0,0.0,0.0,0.0,0.0,0.0,0.0,18886.399999999998,0.0,0.0,453283.5,-2857.780000000006,-2857.780000000006,0,450425.72,0.0,0.0,inf
2018-08-22,0.0,0.0,401049.7,32419.8,0.0,0.0,0.0,0.0,0.0,0.0,18865.600000000002,0.0,0.0,452335.1,-2857.780000000006,-2857.780000000006,0,449477.31999999995,0.0,0.0,inf
2018-08-23,0.0,0.0,402238.7,32577.300000000003,0.0,0.0,0.0,0.0,0.0,0.0,18896.8,0.0,0.0,453712.8,-2857.780000000006,-2857.780000000006,0,450855.01999999996,0.0,0.0,inf
2018-08-24,0.0,0.0,402833.2,32457.600000000002,0.0,0.0,0.0,0.0,0.0,0.0,18865.600000000002,0.0,0.0,454156.39999999997,-2857.780000000006,-2857.780000000006,0,451298.61999999994,0.0,0.0,inf
2018-08-27,0.0,0.0,412939.7,33264.0,0.0,0.0,0.0,0.0,0.0,0.0,18938.399999999998,0.0,0.0,465142.10000000003,-2857.780000000006,-2857.780000000006,0,462284.32,0.0,0.0,inf
2018-08-28,0.0,0.0,411750.7,33301.8,0.0,0.0,0.0,0.0,0.0,0.0,19104.8,0.0,0.0,464157.3,-2907.780000000006,-2907.780000000006,0,461249.51999999996,0.0,0.0,inf
2018-08-29,0.0,0.0,410205.0,33131.7,0.0,0.0,0.0,0.0,0.0,0.0,19156.8,0.0,0.0,462493.5,-2907.780000000006,-2907.780000000006,0,459585.72,0.0,0.0,inf
2018-08-30,0.0,0.0,406162.4,32634.0,0.0,0.0,0.0,0.0,0.0,0.0,19240.0,0.0,0.0,458036.4,-2907.780000000006,-2907.780000000006,0,455128.62,0.0,0.0,inf
2018-08-31,0.0,0.0,403071.0,32274.899999999994,0.0,0.0,0.0,0.0,0.0,0.0,19177.600000000002,0.0,0.0,454523.5,-2907.780000000006,-2907.780000000006,0,451615.72,0.0,0.0,inf
2018-09-03,0.0,0.0,422198.4,32426.100000000002,0.0,0.0,0.0,19656.0,0.0,0.0,19094.399999999998,0.0,0.0,493374.9,-2530.160000000007,-2530.160000000007,0,490844.74,0.0,0.0,inf
2018-09-04,0.0,0.0,427190.4,32659.2,0.0,0.0,0.0,19845.0,0.0,0.0,19146.4,0.0,0.0,498841.00000000006,-2530.160000000007,-2530.160000000007,0,496310.84,0.0,0.0,inf
2018-09-05,0.0,0.0,418454.4,32237.1,0.0,20362.800000000003,0.0,19425.0,0.0,0.0,19063.2,0.0,0.0,509542.5,-2899.070000000007,-2899.070000000007,0,506643.43,0.0,0.0,inf
2018-09-06,0.0,0.0,381595.19999999995,32092.199999999997,0.0,54087.0,0.0,19341.0,0.0,0.0,18990.399999999998,0.0,0.0,506105.8,-2891.6400000000067,-2891.6400000000067,0,503214.16,0.0,0.0,inf
2018-09-07,0.0,0.0,384120.8,32041.800000000003,0.0,53416.50000000001,0.0,19446.0,0.0,0.0,18938.399999999998,0.0,0.0,507963.5,-2891.6400000000067,-2891.6400000000067,0,505071.86,0.0,0.0,inf
2018-09-10,0.0,0.0,378610.4,31550.4,0.0,52373.5,0.0,19320.0,0.0,0.0,19021.6,0.0,0.0,500875.9,-2891.6400000000067,-2891.6400000000067,0,497984.26,0.0,0.0,inf
2018-09-11,0.0,0.0,377232.8,31506.300000000003,0.0,53267.5,0.0,19194.0,0.0,0.0,19084.0,0.0,0.0,500284.6,-2891.6400000000067,-2891.6400000000067,0,497392.95999999996,0.0,0.0,inf
2018-09-12,0.0,0.0,374592.39999999997,31405.500000000004,0.0,53863.5,0.0,19215.0,0.0,0.0,19177.600000000002,0.0,0.0,498253.99999999994,-2891.6400000000067,-2891.6400000000067,0,495362.3599999999,0.0,0.0,inf
2018-09-13,0.0,0.0,378610.4,31581.899999999998,0.0,54832.0,0.0,19404.0,0.0,0.0,19125.6,0.0,0.0,503553.9,-2891.6400000000067,-2891.6400000000067,0,500662.26,0.0,0.0,inf
2018-09-14,0.0,0.0,346154.39999999997,31248.0,0.0,85724.8,0.0,19425.0,0.0,0.0,19240.0,0.0,0.0,501792.19999999995,-2905.4000000000087,-2905.4000000000087,0,498886.79999999993,0.0,0.0,inf
2018-09-17,0.0,0.0,342905.6,30870.000000000004,0.0,85002.4,0.0,19278.0,0.0,0.0,19240.0,0.0,0.0,497296.0,-2905.4000000000087,-2905.4000000000087,0,494390.6,0.0,0.0,inf
2018-09-18,0.0,0.0,349508.0,31323.6,0.0,86447.2,0.0,19572.0,0.0,0.0,19094.399999999998,0.0,0.0,505945.2,-2905.4000000000087,-2905.4000000000087,0,503039.8,0.0,0.0,inf
2018-09-19,0.0,0.0,354224.0,31695.300000000003,0.0,87651.2,0.0,19698.0,0.0,0.0,19188.0,0.0,0.0,512456.5,-2905.4000000000087,-2905.4000000000087,0,509551.1,0.0,0.0,inf
2018-09-20,0.0,0.0,354014.4,31689.0,0.0,86326.8,0.0,19740.0,0.0,0.0,19250.4,0.0,0.0,511020.60000000003,-2903.470000000009,-2903.470000000009,0,508117.13,0.0,0.0,inf
2018-09-21,0.0,0.0,365123.2,32293.800000000003,0.0,86808.4,0.0,20538.0,0.0,0.0,19396.0,0.0,0.0,524159.4,-2903.470000000009,-2903.470000000009,0,521255.93,0.0,0.0,inf
2018-09-25,0.0,0.0,361455.2,32117.399999999998,0.0,87290.0,0.0,20265.0,0.0,0.0,19333.6,0.0,0.0,520461.2,-2903.470000000009,-2903.470000000009,0,517557.73,0.0,0.0,inf
2018-09-26,0.0,0.0,365437.60000000003,32180.400000000005,0.0,87290.0,0.0,20517.0,0.0,0.0,19437.6,0.0,0.0,524862.6000000001,-2903.470000000009,-2903.470000000009,0,521959.13000000006,0.0,0.0,inf
2018-09-27,0.0,0.0,363865.6,31846.5,0.0,85845.2,0.0,20454.000000000004,0.0,0.0,19281.600000000002,0.0,0.0,521292.89999999997,-2903.470000000009,-2903.470000000009,0,518389.42999999993,0.0,0.0,inf
2018-09-28,0.0,0.0,367638.4,32268.600000000006,0.0,85965.6,0.0,20748.0,0.0,0.0,19323.2,0.0,0.0,525943.7999999999,-2903.470000000009,-2903.470000000009,0,523040.3299999999,0.0,0.0,inf
2018-10-08,0.0,0.0,350136.80000000005,31134.600000000002,0.0,82955.6,0.0,19971.0,0.0,0.0,19146.4,0.0,0.0,503344.4,-2903.470000000009,-2903.470000000009,0,500440.93,0.0,0.0,inf
2018-10-09,0.0,0.0,350870.4,31040.1,0.0,80908.8,0.0,19992.0,0.0,0.0,19219.2,0.0,0.0,502030.5,-2903.470000000009,-2903.470000000009,0,499127.02999999997,0.0,0.0,inf
2018-10-10,0.0,0.0,350660.8,31033.8,0.0,81631.2,0.0,20076.0,0.0,0.0,19271.2,0.0,0.0,502673.0,-2903.470000000009,-2903.470000000009,0,499769.52999999997,0.0,0.0,inf
2018-10-11,0.0,0.0,332635.2,28690.199999999997,0.0,75129.6,0.0,19299.0,0.0,0.0,18335.2,0.0,0.0,474089.2,-2903.470000000009,-2903.470000000009,0,471185.73,0.0,0.0,inf
2018-10-12,0.0,0.0,338818.4,28576.800000000003,0.0,76574.4,0.0,19719.0,0.0,0.0,18460.0,0.0,0.0,482148.6,-2903.470000000009,-2903.470000000009,0,479245.12999999995,0.0,0.0,inf
2018-10-15,0.0,0.0,333892.80000000005,28085.4,0.0,76213.2,0.0,19488.0,0.0,0.0,18293.600000000002,0.0,0.0,475973.00000000006,-2903.470000000009,-2903.470000000009,0,473069.53,0.0,0.0,inf
2018-10-16,0.0,0.0,331692.0,27562.5,0.0,74888.8,0.0,19614.0,0.0,0.0,18366.4,0.0,0.0,472123.7,-2903.470000000009,-2903.470000000009,0,469220.23,0.0,0.0,inf
2018-10-17,0.0,0.0,332844.8,27682.2,0.0,74888.8,0.0,19740.0,0.0,0.0,18740.8,0.0,0.0,473896.6,-2903.470000000009,-2903.470000000009,0,470993.12999999995,0.0,0.0,inf
2018-10-18,0.0,0.0,325508.80000000005,27071.1,0.0,72962.4,0.0,19362.0,0.0,0.0,18647.2,0.0,0.0,463551.50000000006,-2903.470000000009,-2903.470000000009,0,460648.03,0.0,0.0,inf
2018-10-19,0.0,0.0,333788.0,27631.8,0.0,74527.6,0.0,19992.0,0.0,0.0,18532.8,0.0,0.0,474472.2,-2903.470000000009,-2903.470000000009,0,471568.73,0.0,0.0,inf
2018-10-22,0.0,0.0,351394.4,29244.599999999995,0.0,78500.8,0.0,20538.0,0.0,0.0,18522.399999999998,0.0,0.0,498200.2,-2903.470000000009,-2903.470000000009,0,495296.73,0.0,0.0,inf
2018-10-23,0.0,0.0,339552.0,28539.0,0.0,77296.8,0.0,20076.0,0.0,0.0,18252.0,0.0,0.0,483715.8,-2903.470000000009,-2903.470000000009,0,480812.32999999996,0.0,0.0,inf
2018-10-24,0.0,0.0,340076.0,28457.099999999995,0.0,77296.8,0.0,20475.0,0.0,0.0,18252.0,0.0,0.0,484556.89999999997,-2903.470000000009,-2903.470000000009,0,481653.42999999993,0.0,0.0,inf
2018-10-25,0.0,0.0,341752.8,28450.8,0.0,76213.2,0.0,20664.000000000004,0.0,0.0,17815.2,0.0,0.0,484896.0,-2903.470000000009,-2903.470000000009,0,481992.52999999997,0.0,0.0,inf
2018-10-26,0.0,0.0,338294.4,28312.199999999997,0.0,75972.4,0.0,20622.0,0.0,0.0,17867.2,0.0,0.0,481068.2,-2903.470000000009,-2903.470000000009,0,478164.73,0.0,0.0,inf
2018-10-29,0.0,0.0,328128.80000000005,27972.000000000004,0.0,74888.8,0.0,20244.0,0.0,0.0,17763.2,0.0,0.0,468996.80000000005,47096.52999999999,47096.52999999999,0,516093.33,0.0,0.0,inf
2018-10-30,0.0,0.0,332006.4,28230.3,0.0,75490.8,0.0,20517.0,0.0,0.0,17773.600000000002,0.0,0.0,474018.1,47096.52999999999,47096.52999999999,0,521114.62999999995,0.0,0.0,inf
2018-10-31,0.0,0.0,335884.0,28658.699999999997,0.0,76333.6,0.0,20559.000000000004,0.0,0.0,18044.0,0.0,0.0,479479.30000000005,47096.52999999999,47096.52999999999,0,526575.8300000001,0.0,0.0,inf
2018-11-01,0.0,0.0,338294.4,28860.300000000003,0.0,77296.8,0.0,20454.000000000004,0.0,0.0,18148.0,0.0,0.0,483053.5,47096.52999999999,47096.52999999999,0,530150.03,0.0,0.0,inf
2018-11-02,0.0,0.0,352442.4,29925.0,0.0,79464.0,0.0,20895.0,0.0,0.0,18335.2,0.0,0.0,501061.60000000003,47096.52999999999,47096.52999999999,0,548158.13,0.0,0.0,inf
2018-11-05,0.0,0.0,347936.0,29773.8,0.0,79704.8,0.0,20601.0,0.0,0.0,18137.6,0.0,0.0,496153.19999999995,47096.52999999999,47096.52999999999,0,543249.73,0.0,0.0,inf
2018-11-06,0.0,0.0,345735.2,29830.500000000004,0.0,79464.0,0.0,20496.0,0.0,0.0,18335.2,0.0,0.0,493860.9,47096.52999999999,47096.52999999999,0,540957.43,0.0,0.0,inf
2018-11-07,0.0,0.0,342905.6,29547.000000000004,0.0,78862.0,0.0,20391.0,0.0,0.0,18428.8,0.0,0.0,490134.39999999997,47096.52999999999,47096.52999999999,0,537230.9299999999,0.0,0.0,inf
2018-11-08,0.0,0.0,342591.19999999995,29351.699999999997,0.0,77778.4,0.0,20559.000000000004,0.0,0.0,18792.8,0.0,0.0,489073.0999999999,47096.52999999999,47096.52999999999,0,536169.6299999999,0.0,0.0,inf
2018-11-09,0.0,0.0,338294.4,29364.300000000003,0.0,77778.4,0.0,19929.0,0.0,0.0,18709.600000000002,0.0,0.0,484075.69999999995,97096.53,97096.53,0,581172.23,0.0,0.0,inf
2018-11-12,0.0,0.0,342067.19999999995,30132.9,0.0,79464.0,0.0,19992.0,0.0,0.0,18688.8,0.0,0.0,490344.89999999997,97096.53,97096.53,0,587441.4299999999,0.0,0.0,inf
2018-11-13,0.0,0.0,345630.4,30731.4,0.0,80066.0,0.0,20076.0,0.0,0.0,18293.600000000002,0.0,0.0,494797.4,97096.53,97096.53,0,591893.93,0.0,0.0,inf
2018-11-14,0.0,0.0,341438.4,30592.8,0.0,79464.0,0.0,19803.0,0.0,0.0,18304.0,0.0,0.0,489602.2,97096.53,97096.53,0,586698.73,0.0,0.0,inf
2018-11-15,0.0,0.0,345944.8,31134.600000000002,0.0,81510.8,0.0,19992.0,0.0,0.0,18148.0,0.0,0.0,496730.19999999995,97096.53,97096.53,0,593826.73,0.0,0.0,inf
2018-11-16,0.0,0.0,346992.80000000005,31323.6,0.0,81390.4,0.0,19992.0,0.0,0.0,18189.600000000002,0.0,0.0,497888.4,97096.53,97096.53,0,594984.93,0.0,0.0,inf
2018-11-19,0.0,0.0,350870.4,31336.2,0.0,81510.8,0.0,20307.0,0.0,0.0,18241.6,0.0,0.0,502266.0,97096.53,97096.53,0,599362.53,0.0,0.0,inf
2018-11-20,0.0,0.0,343220.0,30504.6,0.0,81029.2,0.0,19971.0,0.0,0.0,17981.600000000002,0.0,0.0,492706.39999999997,97096.53,97096.53,0,589802.9299999999,0.0,0.0,inf
2018-11-21,0.0,0.0,343534.4,30573.899999999998,0.0,80908.8,0.0,19950.0,0.0,0.0,17721.6,0.0,0.0,492688.7,97096.53,97096.53,0,589785.23,0.0,0.0,inf
2018-11-22,0.0,0.0,342591.19999999995,30573.899999999998,0.0,81029.2,0.0,19908.0,0.0,0.0,17711.2,0.0,0.0,491813.5,97096.53,97096.53,0,588910.03,0.0,0.0,inf
2018-11-23,0.0,0.0,333683.19999999995,29276.100000000002,0.0,77778.4,0.0,19677.0,0.0,0.0,17669.600000000002,0.0,0.0,478084.29999999993,97096.53,97096.53,0,575180.83,0.0,0.0,inf
2018-11-26,0.0,0.0,334207.19999999995,29332.800000000003,0.0,77778.4,0.0,19740.0,0.0,0.0,17711.2,0.0,0.0,478769.5999999999,97096.53,97096.53,0,575866.1299999999,0.0,0.0,inf
2018-11-27,0.0,0.0,333892.80000000005,29484.0,0.0,78741.6,0.0,19656.0,0.0,0.0,17836.0,0.0,0.0,479610.4,127096.53,127096.53,0,606706.93,0.0,0.0,inf
2018-11-28,0.0,0.0,338923.2,29918.699999999997,0.0,79584.4,0.0,19782.0,0.0,0.0,17981.600000000002,0.0,0.0,486189.9,127096.53,127096.53,0,613286.43,0.0,0.0,inf
2018-11-29,0.0,0.0,335569.6,29313.9,0.0,78380.4,0.0,19719.0,0.0,0.0,18231.2,0.0,0.0,481214.10000000003,127096.53,127096.53,0,608310.63,0.0,0.0,inf
2018-11-30,0.0,0.0,339028.0,29477.699999999997,0.0,78621.2,0.0,19824.0,0.0,0.0,18324.8,0.0,0.0,485275.7,127096.53,127096.53,0,612372.23,0.0,0.0,inf
2018-12-03,0.0,0.0,347831.2,30416.4,0.0,80788.4,0.0,20181.0,0.0,0.0,18720.0,0.0,0.0,497937.0,127096.53,127096.53,0,625033.53,0.0,0.0,inf
2018-12-04,0.0,0.0,348355.2,30536.1,0.0,80427.2,0.0,20244.0,0.0,0.0,18397.600000000002,0.0,0.0,497960.1,127096.53,127096.53,0,625056.63,0.0,0.0,inf
2018-12-05,0.0,0.0,346783.19999999995,30334.500000000004,0.0,79704.8,0.0,20118.0,0.0,0.0,18033.6,0.0,0.0,494974.0999999999,127586.53,127586.53,0,622560.6299999999,0.0,0.0,inf
2018-12-06,0.0,0.0,339761.6,29679.300000000003,0.0,79102.8,0.0,19908.0,0.0,0.0,17773.600000000002,0.0,0.0,486225.29999999993,127586.53,127586.53,0,613811.83,0.0,0.0,inf
2018-12-07,0.0,0.0,339028.0,29685.6,0.0,78982.4,0.0,19845.0,0.0,0.0,17898.399999999998,0.0,0.0,485439.4,127586.53,127586.53,0,613025.93,0.0,0.0,inf
2018-12-10,0.0,0.0,335884.0,29320.2,0.0,77658.0,0.0,19698.0,0.0,0.0,17399.2,0.0,0.0,479959.4,127586.53,127586.53,0,607545.93,0.0,0.0,inf
2018-12-11,0.0,0.0,337246.4,29635.199999999997,0.0,78139.6,0.0,19677.0,0.0,0.0,17555.2,0.0,0.0,482253.4000000001,127586.53,127586.53,0,609839.93,0.0,0.0,inf
2018-12-12,0.0,0.0,338399.19999999995,29565.9,0.0,77898.8,0.0,19698.0,0.0,0.0,17638.399999999998,0.0,0.0,483200.3,127586.53,127586.53,0,610786.83,0.0,0.0,inf
2018-12-13,0.0,0.0,344163.19999999995,30006.899999999998,0.0,78982.4,0.0,19866.0,0.0,0.0,17680.0,0.0,0.0,490698.5,127586.53,127586.53,0,618285.03,0.0,0.0,inf
2018-12-14,0.0,0.0,357551.6,29358.0,0.0,77778.4,0.0,19635.0,0.0,0.0,17503.2,0.0,0.0,501826.2,148116.69,148116.69,0,649942.89,0.0,0.0,inf
2018-12-17,0.0,0.0,357108.4,29200.5,0.0,77658.0,0.0,19614.0,0.0,0.0,17357.600000000002,0.0,0.0,500938.5,148116.69,148116.69,0,649055.19,0.0,0.0,inf
2018-12-18,0.0,0.0,371774.4,28986.3,0.0,76935.6,0.0,19446.0,0.0,0.0,16983.2,0.0,0.0,514125.50000000006,128874.92,128874.92,0,643000.42,0.0,0.0,inf
2018-12-19,0.0,0.0,367920.0,28564.199999999997,0.0,75731.6,0.0,19278.0,0.0,0.0,16941.6,0.0,0.0,508435.4,68874.92,68874.92,0,577310.3200000001,0.0,0.0,inf
2018-12-20,0.0,0.0,365233.6,28740.600000000002,0.0,75611.2,0.0,18942.0,0.0,0.0,16567.2,0.0,0.0,505094.6,68927.45,68927.45,0,574022.0499999999,0.0,0.0,inf
2018-12-21,0.0,0.0,360678.4,28589.4,0.0,74648.0,0.0,18690.0,0.0,0.0,16515.2,0.0,0.0,499121.00000000006,68927.45,68927.45,0,568048.4500000001,0.0,0.0,inf
2018-12-24,0.0,0.0,361496.0,28835.1,0.0,75490.8,0.0,18690.0,0.0,0.0,16172.0,0.0,0.0,500683.89999999997,68927.45,68927.45,0,569611.35,0.0,0.0,inf
2018-12-25,0.0,0.0,359276.8,28457.099999999995,0.0,75129.6,0.0,18605.999999999996,0.0,0.0,15589.6,0.0,0.0,497059.1,68927.45,68927.45,0,565986.5499999999,0.0,0.0,inf
2018-12-26,0.0,0.0,357291.19999999995,28356.300000000003,0.0,74527.6,0.0,18564.0,0.0,0.0,15558.4,0.0,0.0,494297.5,68927.45,68927.45,0,563224.95,0.0,0.0,inf
2018-12-27,0.0,0.0,356473.6,28003.5,0.0,74046.0,0.0,18648.0,0.0,0.0,16296.8,0.0,0.0,493467.89999999997,68927.45,68927.45,0,562395.35,0.0,0.0,inf
2018-12-28,0.0,0.0,357291.19999999995,28041.300000000003,0.0,74166.4,0.0,18753.0,0.0,0.0,16390.399999999998,0.0,0.0,494642.29999999993,68927.45,68927.45,0,563569.7499999999,0.0,0.0,inf
2019-01-02,0.0,0.0,352385.6,27776.699999999997,0.0,74527.6,0.0,18459.0,0.0,0.0,16359.200000000003,0.0,0.0,489508.10000000003,68927.45,68927.45,0,558435.55,0.0,0.0,inf
2019-01-03,0.0,0.0,412725.6,27707.399999999998,0.0,76333.6,0.0,18585.0,0.0,0.0,16348.799999999997,0.0,0.0,551700.4,68589.35,68589.35,0,620289.75,0.0,0.0,inf
2019-01-04,0.0,0.0,423259.19999999995,28463.399999999998,0.0,77778.4,0.0,19005.0,0.0,0.0,16328.0,0.0,0.0,564834.0,68589.35,68589.35,0,633423.35,0.0,0.0,inf
2019-01-07,0.0,0.0,425037.6,28954.8,0.0,80788.4,0.0,18942.0,0.0,0.0,16712.8,0.0,0.0,570435.6,68589.35,68589.35,0,639024.95,0.0,0.0,inf
2019-01-08,0.0,0.0,425037.6,28891.800000000003,0.0,79584.4,0.0,18837.0,0.0,0.0,16900.0,0.0,0.0,569250.7999999999,68589.35,68589.35,0,637840.1499999999,0.0,0.0,inf
2019-01-09,0.0,0.0,428184.0,28872.9,0.0,79102.8,0.0,19026.0,0.0,0.0,17045.6,0.0,0.0,572231.3,68589.35,68589.35,0,640820.65,0.0,0.0,inf
2019-01-10,0.0,0.0,428594.4,28923.300000000003,0.0,78621.2,0.0,18963.0,0.0,0.0,16858.4,0.0,0.0,571960.3,68589.35,68589.35,0,640549.65,0.0,0.0,inf
2019-01-11,0.0,0.0,431740.80000000005,29074.5,0.0,80066.0,0.0,19152.0,0.0,0.0,17004.0,0.0,0.0,577037.3,68589.35,68589.35,0,645626.65,0.0,0.0,inf
2019-01-14,0.0,0.0,428047.19999999995,28923.300000000003,0.0,79223.2,0.0,19005.0,0.0,0.0,16858.4,0.0,0.0,572057.1,68589.35,68589.35,0,640646.45,0.0,0.0,inf
2019-01-15,0.0,0.0,436118.4,29326.5,0.0,79945.6,0.0,19215.0,0.0,0.0,16962.4,0.0,0.0,581567.9,68589.35,68589.35,0,650157.25,0.0,0.0,inf
2019-01-16,0.0,0.0,428047.19999999995,29276.100000000002,0.0,79343.6,0.0,19236.0,0.0,0.0,17056.0,0.0,0.0,572958.8999999999,68589.35,68589.35,0,641548.2499999999,0.0,0.0,inf
2019-01-17,0.0,0.0,425721.60000000003,29043.000000000004,0.0,78380.4,0.0,19173.0,0.0,0.0,16972.8,0.0,0.0,569290.8,68589.35,68589.35,0,637880.15,0.0,0.0,inf
2019-01-18,0.0,0.0,433108.80000000005,29351.699999999997,0.0,78982.4,0.0,19488.0,0.0,0.0,17295.2,0.0,0.0,578226.1,76660.55,76660.55,0,654886.65,0.0,0.0,inf
2019-01-21,0.0,0.0,435434.4,29458.8,0.0,79464.0,0.0,19530.0,0.0,0.0,17451.2,0.0,0.0,581338.3999999999,76660.55,76660.55,0,657998.95,0.0,0.0,inf
2019-01-22,0.0,0.0,429962.4,29030.400000000005,0.0,78260.0,0.0,19341.0,0.0,0.0,17388.8,0.0,0.0,573982.6000000001,76660.55,76660.55,0,650643.1500000001,0.0,0.0,inf
2019-01-23,0.0,0.0,428867.99999999994,29061.9,0.0,78380.4,0.0,19425.0,0.0,0.0,17253.6,0.0,0.0,572988.8999999999,76660.55,76660.55,0,649649.45,0.0,0.0,inf
2019-01-24,0.0,0.0,432151.19999999995,29263.499999999996,0.0,79343.6,0.0,19572.0,0.0,0.0,17264.0,0.0,0.0,577594.2999999999,76660.55,76660.55,0,654254.85,0.0,0.0,inf
2019-01-25,0.0,0.0,435434.4,29118.6,0.0,78862.0,0.0,19887.0,0.0,0.0,17316.0,0.0,0.0,580618.0,76660.55,76660.55,0,657278.55,0.0,0.0,inf
2019-01-28,0.0,0.0,434887.19999999995,29017.8,0.0,78500.8,0.0,19887.0,0.0,0.0,17253.6,0.0,0.0,579546.3999999999,76660.55,76660.55,0,656206.95,0.0,0.0,inf
2019-01-29,0.0,0.0,436802.4,28633.5,0.0,77056.0,0.0,20034.0,0.0,0.0,17160.0,0.0,0.0,579685.9,76660.55,76660.55,0,656346.4500000001,0.0,0.0,inf
2019-01-30,0.0,0.0,433929.6,28425.6,0.0,77176.4,0.0,19950.0,0.0,0.0,17149.6,0.0,0.0,576631.2,76660.55,76660.55,0,653291.75,0.0,0.0,inf
2019-01-31,0.0,0.0,438033.6,28242.900000000005,0.0,76574.4,0.0,20307.0,0.0,0.0,17357.600000000002,0.0,0.0,580515.5,76660.55,76660.55,0,657176.05,0.0,0.0,inf
2019-02-01,0.0,0.0,445284.0,29093.4,0.0,78260.0,0.0,20349.0,0.0,0.0,17586.399999999998,0.0,0.0,590572.8,76660.55,76660.55,0,667233.3500000001,0.0,0.0,inf
2019-02-11,0.0,0.0,451440.0,29723.4,0.0,79825.2,0.0,20349.0,0.0,0.0,17659.2,0.0,0.0,598996.7999999999,76660.55,76660.55,0,675657.35,0.0,0.0,inf
2019-02-12,0.0,0.0,454723.19999999995,29880.9,0.0,80547.6,0.0,20349.0,0.0,0.0,17773.600000000002,0.0,0.0,603274.2999999999,76660.55,76660.55,0,679934.85,0.0,0.0,inf
2019-02-13,0.0,0.0,464162.4,30429.0,0.0,82233.2,0.0,20643.0,0.0,0.0,17960.8,0.0,0.0,615428.4,76660.55,76660.55,0,692088.9500000001,0.0,0.0,inf
2019-02-14,0.0,0.0,464709.6,30554.999999999996,0.0,82353.6,0.0,20496.0,0.0,0.0,18002.399999999998,0.0,0.0,616116.6,76660.55,76660.55,0,692777.15,0.0,0.0,inf
2019-02-15,0.0,0.0,457048.80000000005,30340.8,0.0,81631.2,0.0,20118.0,0.0,0.0,17888.0,0.0,0.0,607026.8,76660.55,76660.55,0,683687.3500000001,0.0,0.0,inf
2019-02-18,0.0,0.0,470318.4,31537.800000000003,0.0,85002.4,0.0,20517.0,0.0,0.0,18179.2,0.0,0.0,625554.7999999999,76660.55,76660.55,0,702215.35,0.0,0.0,inf
2019-02-19,0.0,0.0,469087.19999999995,31399.2,0.0,86206.4,0.0,20475.0,0.0,0.0,18179.2,0.0,0.0,625346.9999999999,76660.55,76660.55,0,702007.5499999999,0.0,0.0,inf
2019-02-20,0.0,0.0,470318.4,31336.2,0.0,85604.4,0.0,20559.000000000004,0.0,0.0,18064.8,0.0,0.0,625882.8,76660.55,76660.55,0,702543.3500000001,0.0,0.0,inf
2019-02-21,0.0,0.0,469771.19999999995,31367.7,0.0,84641.2,0.0,20412.0,0.0,0.0,18137.6,0.0,0.0,624329.7,76660.55,76660.55,0,700990.25,0.0,0.0,inf
2019-02-22,0.0,0.0,482356.80000000005,32356.8,0.0,86567.6,0.0,20685.0,0.0,0.0,18085.600000000002,0.0,0.0,640051.8,76660.55,76660.55,0,716712.3500000001,0.0,0.0,inf
2019-02-25,0.0,0.0,516420.0,34517.7,0.0,92106.0,0.0,22029.000000000004,0.0,0.0,18096.0,0.0,0.0,683168.7,76660.55,76660.55,0,759829.25,0.0,0.0,inf
2019-02-26,0.0,0.0,504792.0,34057.8,0.0,90300.0,0.0,21567.000000000004,0.0,0.0,18023.2,0.0,0.0,668740.0,76660.55,76660.55,0,745400.55,0.0,0.0,inf
2019-02-27,0.0,0.0,502056.0,33786.899999999994,0.0,91744.8,0.0,21882.0,0.0,0.0,18012.8,0.0,0.0,667482.5000000001,76660.55,76660.55,0,744143.0500000002,0.0,0.0,inf
2019-02-28,0.0,0.0,501098.4,33818.399999999994,0.0,91383.6,0.0,21756.0,0.0,0.0,17971.2,0.0,0.0,666027.6,76660.55,76660.55,0,742688.15,0.0,0.0,inf
2019-03-01,0.0,0.0,399218.4,34221.600000000006,0.0,91865.2,0.0,22470.0,0.0,0.0,18127.2,0.0,0.0,565902.3999999999,187327.34,187327.34,0,753229.7399999999,0.0,0.0,inf
2019-03-04,0.0,0.0,403383.6,34687.8,0.0,93189.6,0.0,22595.999999999996,0.0,0.0,18200.0,0.0,0.0,572057.0,187327.34,187327.34,0,759384.34,0.0,0.0,inf
2019-03-05,0.0,0.0,406801.19999999995,35695.8,0.0,95236.4,0.0,22533.0,0.0,0.0,18064.8,0.0,0.0,578331.2,187327.34,187327.34,0,765658.5399999999,0.0,0.0,inf
2019-03-06,0.0,0.0,409578.0,36395.1,0.0,95958.8,0.0,22659.0,0.0,0.0,18044.0,0.0,0.0,582634.9,187327.34,187327.34,0,769962.24,0.0,0.0,inf
2019-03-07,0.0,0.0,405092.4,36691.2,0.0,94995.6,0.0,22281.0,0.0,0.0,17898.399999999998,0.0,0.0,576958.6000000001,187327.34,187327.34,0,764285.9400000001,0.0,0.0,inf
2019-03-08,0.0,0.0,390994.8,35481.600000000006,0.0,92346.8,0.0,21420.0,0.0,0.0,17773.600000000002,0.0,0.0,558016.7999999999,187327.34,187327.34,0,745344.1399999999,0.0,0.0,inf
2019-03-11,0.0,0.0,396228.0,36779.399999999994,0.0,95718.0,0.0,21524.999999999996,0.0,0.0,17846.4,0.0,0.0,568096.8,187327.34,187327.34,0,755424.14,0.0,0.0,inf
2019-03-12,0.0,0.0,398898.0,37377.9,0.0,99330.0,0.0,21588.0,0.0,0.0,18085.600000000002,0.0,0.0,575279.5,187327.34,187327.34,0,762606.84,0.0,0.0,inf
2019-03-13,0.0,0.0,396548.4,36495.899999999994,0.0,96922.0,0.0,21588.0,0.0,0.0,18064.8,0.0,0.0,569619.1000000001,187327.34,187327.34,0,756946.4400000001,0.0,0.0,inf
2019-03-14,0.0,0.0,393664.80000000005,35645.399999999994,0.0,94273.2,0.0,21567.000000000004,0.0,0.0,18231.2,0.0,0.0,563381.6000000001,187327.34,187327.34,0,750708.9400000001,0.0,0.0,inf
2019-03-15,0.0,0.0,398898.0,36036.0,0.0,94152.8,0.0,21693.0,0.0,0.0,18252.0,0.0,0.0,569031.8,187327.34,187327.34,0,756359.14,0.0,0.0,inf
2019-03-18,0.0,0.0,411180.0,37188.899999999994,0.0,95958.8,0.0,22071.0,0.0,0.0,18314.399999999998,0.0,0.0,584713.1000000001,187327.34,187327.34,0,772040.4400000001,0.0,0.0,inf
2019-03-19,0.0,0.0,408189.60000000003,37119.600000000006,0.0,97283.2,0.0,21903.0,0.0,0.0,18397.600000000002,0.0,0.0,582893.0,187327.34,187327.34,0,770220.34,0.0,0.0,inf
2019-03-20,0.0,0.0,408189.60000000003,37125.9,0.0,95838.4,0.0,21924.0,0.0,0.0,18356.0,0.0,0.0,581433.9,187412.4,187412.4,0,768846.3,0.0,0.0,inf
2019-03-21,0.0,0.0,408403.2,37535.399999999994,0.0,96440.4,0.0,21840.0,0.0,0.0,18189.600000000002,0.0,0.0,582408.6,187412.4,187412.4,0,769821.0,0.0,0.0,inf
2019-03-22,0.0,0.0,408937.19999999995,37938.6,0.0,96922.0,0.0,21735.0,0.0,0.0,18512.0,0.0,0.0,584044.7999999999,187412.4,187412.4,0,771457.2,0.0,0.0,inf
2019-03-25,0.0,0.0,398791.2,37390.5,0.0,101256.4,0.0,21230.999999999996,0.0,0.0,18096.0,0.0,0.0,576765.1,187412.4,187412.4,0,764177.5,0.0,0.0,inf
2019-03-26,0.0,0.0,394626.0,36269.100000000006,0.0,96320.0,0.0,21126.0,0.0,0.0,18200.0,0.0,0.0,566541.1,187412.4,187412.4,0,753953.5,0.0,0.0,inf
2019-03-27,0.0,0.0,398043.6,36716.399999999994,0.0,95116.0,0.0,21314.999999999996,0.0,0.0,18335.2,0.0,0.0,569526.2,187412.4,187412.4,0,756938.6,0.0,0.0,inf
2019-03-28,0.0,0.0,396975.60000000003,36199.8,0.0,94754.8,0.0,21168.0,0.0,0.0,18200.0,0.0,0.0,567298.2000000001,187412.4,187412.4,0,754710.6000000001,0.0,0.0,inf
2019-03-29,0.0,0.0,413209.19999999995,37434.6,0.0,98607.6,0.0,21819.000000000004,0.0,0.0,18324.8,0.0,0.0,589395.2,187412.4,187412.4,0,776807.6,0.0,0.0,inf
2019-04-01,0.0,0.0,423889.2,38915.100000000006,0.0,103544.0,0.0,22197.0,0.0,0.0,18480.8,0.0,0.0,607026.1000000001,187412.4,187412.4,0,794438.5000000001,0.0,0.0,inf
2019-04-02,0.0,0.0,423141.6,38883.600000000006,0.0,103544.0,0.0,22239.000000000004,0.0,0.0,18595.2,0.0,0.0,606403.3999999999,187412.4,187412.4,0,793815.7999999999,0.0,0.0,inf
2019-04-03,0.0,0.0,428801.99999999994,39337.2,0.0,104386.8,0.0,22449.0,0.0,0.0,18699.2,0.0,0.0,613674.2,187412.4,187412.4,0,801086.6,0.0,0.0,inf
2019-04-04,0.0,0.0,433821.60000000003,39696.3,0.0,104627.6,0.0,22805.999999999996,0.0,0.0,18688.8,0.0,0.0,619640.3,187412.4,187412.4,0,807052.7000000001,0.0,0.0,inf
2019-04-08,0.0,0.0,431044.80000000005,39249.0,0.0,102580.8,0.0,22932.0,0.0,0.0,18917.6,0.0,0.0,614724.2000000001,187412.4,187412.4,0,802136.6000000001,0.0,0.0,inf
2019-04-09,0.0,0.0,433607.99999999994,39419.100000000006,0.0,102219.6,0.0,22743.0,0.0,0.0,18834.399999999998,0.0,0.0,616824.1,187412.4,187412.4,0,804236.5,0.0,0.0,inf
2019-04-10,0.0,0.0,434248.8,39324.600000000006,0.0,101858.4,0.0,22638.0,0.0,0.0,18699.2,0.0,0.0,616769.0,187412.4,187412.4,0,804181.4,0.0,0.0,inf
2019-04-11,0.0,0.0,426772.80000000005,38656.8,0.0,99691.2,0.0,22428.0,0.0,0.0,18782.4,0.0,0.0,606331.2000000001,187412.4,187412.4,0,793743.6000000001,0.0,0.0,inf
2019-04-12,0.0,0.0,425277.6,38556.0,0.0,99450.4,0.0,22512.0,0.0,0.0,18813.600000000002,0.0,0.0,604609.6,187412.4,187412.4,0,792022.0,0.0,0.0,inf
2019-04-15,0.0,0.0,422607.6,38045.7,0.0,99209.6,0.0,22595.999999999996,0.0,0.0,18876.0,0.0,0.0,601334.9,187412.4,187412.4,0,788747.3,0.0,0.0,inf
2019-04-16,0.0,0.0,435423.6,38946.600000000006,0.0,100654.4,0.0,23477.999999999996,0.0,0.0,18980.0,0.0,0.0,617482.6,187412.4,187412.4,0,804895.0,0.0,0.0,inf
2019-04-17,0.0,0.0,434355.60000000003,39015.899999999994,0.0,100774.8,0.0,23352.000000000004,0.0,0.0,18928.0,0.0,0.0,616426.3,187412.4,187412.4,0,803838.7000000001,0.0,0.0,inf
2019-04-18,0.0,0.0,433607.99999999994,38883.600000000006,0.0,101738.0,0.0,23163.0,0.0,0.0,18782.4,0.0,0.0,616175.0,187412.4,187412.4,0,803587.4,0.0,0.0,inf
2019-04-19,0.0,0.0,440016.0,39217.5,0.0,101376.8,0.0,23373.0,0.0,0.0,18886.399999999998,0.0,0.0,622869.7000000001,187412.4,187412.4,0,810282.1000000001,0.0,0.0,inf
2019-04-22,0.0,0.0,429015.5999999999,38574.899999999994,0.0,100293.2,0.0,22722.0,0.0,0.0,18886.399999999998,0.0,0.0,609492.0999999999,187412.4,187412.4,0,796904.4999999999,0.0,0.0,inf
2019-04-23,0.0,0.0,428268.0,37850.399999999994,0.0,96922.0,0.0,22743.0,0.0,0.0,18938.399999999998,0.0,0.0,604721.8,187412.4,187412.4,0,792134.2000000001,0.0,0.0,inf
2019-04-24,0.0,0.0,428908.8,38222.1,0.0,97644.4,0.0,22827.0,0.0,0.0,19115.2,0.0,0.0,606717.4999999999,187412.4,187412.4,0,794129.8999999999,0.0,0.0,inf
2019-04-25,0.0,0.0,420044.4,36861.3,0.0,93550.8,0.0,22554.0,0.0,0.0,19104.8,0.0,0.0,592115.3,187412.4,187412.4,0,779527.7000000001,0.0,0.0,inf
2019-04-26,0.0,0.0,414277.19999999995,36521.100000000006,0.0,93310.0,0.0,22218.0,0.0,0.0,19125.6,0.0,0.0,585451.8999999999,187412.4,187412.4,0,772864.2999999999,0.0,0.0,inf
2019-04-29,0.0,0.0,415879.19999999995,35620.2,0.0,90540.8,0.0,22554.0,0.0,0.0,19271.2,0.0,0.0,583865.3999999999,187412.4,187412.4,0,771277.7999999999,0.0,0.0,inf
2019-04-30,0.0,0.0,416092.80000000005,35733.600000000006,0.0,91383.6,0.0,22659.0,0.0,0.0,19323.2,0.0,0.0,585192.2,187412.4,187412.4,0,772604.6,0.0,0.0,inf
2019-05-06,0.0,0.0,392276.4,33100.2,0.0,84400.4,0.0,22008.0,0.0,0.0,19021.6,0.0,0.0,550806.6,187412.4,187412.4,0,738219.0,0.0,0.0,inf
2019-05-07,0.0,0.0,395907.6,33390.0,0.0,85363.6,0.0,21987.0,0.0,0.0,19229.6,0.0,0.0,555877.7999999999,187412.4,187412.4,0,743290.2,0.0,0.0,inf
2019-05-08,0.0,0.0,412735.19999999995,33245.1,0.0,85845.2,0.0,21651.0,0.0,0.0,18886.399999999998,0.0,0.0,572362.8999999999,165337.78,165337.78,0,737700.6799999999,0.0,0.0,inf
2019-05-09,0.0,0.0,406869.6,33005.7,0.0,86086.0,0.0,21189.000000000004,0.0,0.0,18886.399999999998,0.0,0.0,566036.7000000001,165337.78,165337.78,0,731374.4800000001,0.0,0.0,inf
2019-05-10,0.0,0.0,419616.0,34120.8,0.0,89938.8,0.0,21651.0,0.0,0.0,18896.8,0.0,0.0,584223.4,165337.78,165337.78,0,749561.18,0.0,0.0,inf
2019-05-13,0.0,0.0,312246.0,33623.100000000006,0.0,189627.40000000002,0.0,21336.0,0.0,0.0,18990.399999999998,0.0,0.0,575822.9,164762.58000000002,164762.58000000002,0,740585.48,0.0,0.0,inf
2019-05-14,0.0,0.0,310707.0,33490.799999999996,0.0,188087.8,0.0,21272.999999999996,0.0,0.0,18761.600000000002,0.0,0.0,572320.2,164762.58000000002,164762.58000000002,0,737082.78,0.0,0.0,inf
2019-05-15,0.0,0.0,317376.0,34158.600000000006,0.0,190140.6,0.0,21630.0,0.0,0.0,18917.6,0.0,0.0,582222.7999999999,164762.58000000002,164762.58000000002,0,746985.3799999999,0.0,0.0,inf
2019-05-16,0.0,0.0,318915.0,34467.3,0.0,192706.59999999998,0.0,21630.0,0.0,0.0,18917.6,0.0,0.0,586636.4999999999,164762.58000000002,164762.58000000002,0,751399.0799999998,0.0,0.0,inf
2019-05-17,0.0,0.0,311733.00000000006,33390.0,0.0,186804.8,0.0,21357.000000000004,0.0,0.0,19156.8,0.0,0.0,572441.6000000001,164762.58000000002,164762.58000000002,0,737204.1800000002,0.0,0.0,inf
2019-05-20,0.0,0.0,308313.0,33138.0,0.0,190397.2,0.0,21378.0,0.0,0.0,19146.4,0.0,0.0,572372.6,164762.58000000002,164762.58000000002,0,737135.1799999999,0.0,0.0,inf
2019-05-21,0.0,0.0,312160.5,33692.4,0.0,192706.59999999998,0.0,21546.0,0.0,0.0,19063.2,0.0,0.0,579168.7,164762.58000000002,164762.58000000002,0,743931.28,0.0,0.0,inf
2019-05-22,0.0,0.0,311391.0,33585.3,0.0,191680.2,0.0,21462.0,0.0,0.0,19104.8,0.0,0.0,577223.3,164762.58000000002,164762.58000000002,0,741985.8800000001,0.0,0.0,inf
2019-05-23,0.0,0.0,306431.99999999994,32936.4,0.0,189370.8,0.0,21336.0,0.0,0.0,18969.600000000002,0.0,0.0,569044.7999999999,164762.58000000002,164762.58000000002,0,733807.3799999999,0.0,0.0,inf
2019-05-24,0.0,0.0,306945.0,32753.7,0.0,184495.40000000002,0.0,21482.999999999996,0.0,0.0,18865.600000000002,0.0,0.0,564542.7,164762.58000000002,164762.58000000002,0,729305.28,0.0,0.0,inf
2019-05-27,0.0,0.0,310621.5,33465.6,0.0,191167.0,0.0,21546.0,0.0,0.0,18876.0,0.0,0.0,575676.1,164762.58000000002,164762.58000000002,0,740438.6799999999,0.0,0.0,inf
2019-05-28,0.0,0.0,312075.0,33396.3,0.0,190397.2,0.0,21546.0,0.0,0.0,18938.399999999998,0.0,0.0,576352.9,164762.58000000002,164762.58000000002,0,741115.48,0.0,0.0,inf
2019-05-29,0.0,0.0,312246.0,33408.9,0.0,191167.0,0.0,21482.999999999996,0.0,0.0,18636.8,0.0,0.0,576941.7000000001,164762.58000000002,164762.58000000002,0,741704.28,0.0,0.0,inf
2019-05-30,0.0,0.0,312075.0,33308.100000000006,0.0,189627.40000000002,0.0,21462.0,0.0,0.0,18605.600000000002,0.0,0.0,575078.1,164762.58000000002,164762.58000000002,0,739840.6799999999,0.0,0.0,inf
2019-05-31,0.0,0.0,310536.0,33144.3,0.0,189627.40000000002,0.0,21399.000000000004,0.0,0.0,18449.6,0.0,0.0,573156.2999999999,164762.58000000002,164762.58000000002,0,737918.8799999999,0.0,0.0,inf
2019-06-03,0.0,0.0,311220.0,32886.0,0.0,187831.19999999998,0.0,21440.999999999996,0.0,0.0,18272.8,0.0,0.0,571651.0,164762.58000000002,164762.58000000002,0,736413.5800000001,0.0,0.0,inf
2019-06-04,0.0,0.0,308398.5,32445.000000000004,0.0,183982.2,0.0,21440.999999999996,0.0,0.0,18335.2,0.0,0.0,564601.8999999999,164762.58000000002,164762.58000000002,0,729364.48,0.0,0.0,inf
2019-06-05,0.0,0.0,307714.5,32331.600000000002,0.0,182955.8,0.0,21567.000000000004,0.0,0.0,18751.2,0.0,0.0,563320.1,164762.58000000002,164762.58000000002,0,728082.6799999999,0.0,0.0,inf
2019-06-06,0.0,0.0,305064.0,31607.099999999995,0.0,179106.8,0.0,21524.999999999996,0.0,0.0,18865.600000000002,0.0,0.0,556168.4999999999,164762.58000000002,164762.58000000002,0,720931.0799999998,0.0,0.0,inf
2019-06-10,0.0,0.0,308997.0,31941.0,0.0,180646.40000000002,0.0,21840.0,0.0,0.0,19312.8,0.0,0.0,562737.2000000001,164762.58000000002,164762.58000000002,0,727499.78,0.0,0.0,inf
2019-06-11,0.0,0.0,318658.5,33264.0,0.0,186291.6,0.0,22113.0,0.0,0.0,19323.2,0.0,0.0,579650.2999999999,164762.58000000002,164762.58000000002,0,744412.8799999999,0.0,0.0,inf
2019-06-12,0.0,0.0,253381.5,32911.200000000004,0.0,183982.2,171478.0,22050.0,0.0,0.0,19208.8,0.0,0.0,683011.7000000001,61592.73000000001,61592.73000000001,0,744604.43,0.0,0.0,inf
2019-06-13,0.0,0.0,252901.99999999997,33018.3,0.0,183982.2,169817.99999999997,21987.0,0.0,0.0,19208.8,0.0,0.0,680916.3,61592.73000000001,61592.73000000001,0,742509.03,0.0,0.0,inf
2019-06-14,0.0,0.0,251395.0,32520.600000000006,0.0,182955.8,164174.00000000003,21924.0,0.0,0.0,19302.399999999998,0.0,0.0,672271.8,61592.73000000001,61592.73000000001,0,733864.53,0.0,0.0,inf
2019-06-17,0.0,0.0,229562.5,32508.0,0.0,181159.59999999998,162348.0,22071.0,0.0,0.0,19333.6,0.0,0.0,646982.7,83606.12000000001,83606.12000000001,0,730588.82,0.0,0.0,inf
2019-06-18,0.0,0.0,230062.5,32432.399999999998,0.0,179620.0,160854.0,22155.0,0.0,0.0,19302.399999999998,0.0,0.0,644426.3,3606.12000000001,3606.12000000001,0,648032.42,0.0,0.0,inf
2019-06-19,0.0,0.0,233437.5,32848.2,0.0,182955.8,166996.0,22449.0,0.0,0.0,19468.8,0.0,0.0,658155.3,3606.12000000001,3606.12000000001,0,661761.42,0.0,0.0,inf
2019-06-20,0.0,0.0,240187.5,33534.899999999994,0.0,186548.19999999998,169154.00000000003,23015.999999999996,0.0,0.0,19572.8,0.0,0.0,672013.4,3706.52000000001,3706.52000000001,0,675719.92,0.0,0.0,inf
2019-06-21,0.0,0.0,240625.0,33969.600000000006,0.0,189884.0,172142.0,22869.0,0.0,0.0,19562.4,0.0,0.0,679052.0,3706.52000000001,3706.52000000001,0,682758.52,0.0,0.0,inf
2019-06-24,0.0,0.0,241000.00000000003,33963.3,0.0,189114.19999999998,172142.0,22805.999999999996,0.0,0.0,19614.399999999998,0.0,0.0,678639.9,3706.52000000001,3706.52000000001,0,682346.42,0.0,0.0,inf
2019-06-25,0.0,0.0,238562.49999999997,33629.399999999994,0.0,188087.8,169320.0,22344.0,0.0,0.0,19531.2,0.0,0.0,671474.8999999999,3706.52000000001,3706.52000000001,0,675181.4199999999,0.0,0.0,inf
2019-06-26,0.0,0.0,238625.0,33623.100000000006,0.0,190910.40000000002,170482.00000000003,22260.0,0.0,0.0,19375.2,0.0,0.0,675275.7,3706.52000000001,3706.52000000001,0,678982.22,0.0,0.0,inf
2019-06-27,0.0,0.0,241250.0,33912.899999999994,0.0,191680.2,174798.0,22512.0,0.0,0.0,19448.0,0.0,0.0,683601.1000000001,3706.52000000001,3706.52000000001,0,687307.6200000001,0.0,0.0,inf
2019-06-28,0.0,0.0,241187.5,33591.600000000006,0.0,189370.8,171478.0,22407.0,0.0,0.0,19406.399999999998,0.0,0.0,677441.2999999999,3706.52000000001,3706.52000000001,0,681147.82,0.0,0.0,inf
2019-07-01,0.0,0.0,247124.99999999997,34517.7,0.0,193989.59999999998,178948.0,22722.0,0.0,0.0,19874.4,0.0,0.0,697176.7,3706.52000000001,3706.52000000001,0,700883.22,0.0,0.0,inf
2019-07-02,0.0,0.0,247500.0,34398.0,0.0,195785.80000000002,175960.0,22638.0,0.0,0.0,19791.2,0.0,0.0,696073.0,3706.52000000001,3706.52000000001,0,699779.52,0.0,0.0,inf
2019-07-03,0.0,0.0,245437.5,34202.7,0.0,198095.2,173470.0,22617.0,0.0,0.0,19853.6,0.0,0.0,693676.0,3706.52000000001,3706.52000000001,0,697382.52,0.0,0.0,inf
2019-07-04,0.0,0.0,243812.50000000003,34057.8,0.0,200661.2,171478.0,22617.0,0.0,0.0,20020.0,0.0,0.0,692646.5,3706.52000000001,3706.52000000001,0,696353.02,0.0,0.0,inf
2019-07-05,0.0,0.0,245062.50000000003,34227.9,0.0,199634.80000000002,173304.0,22638.0,0.0,0.0,19988.8,0.0,0.0,694856.0000000001,3706.52000000001,3706.52000000001,0,698562.5200000001,0.0,0.0,inf
2019-07-08,0.0,0.0,239437.50000000003,33018.3,0.0,192450.0,165668.0,22197.0,0.0,0.0,19874.4,0.0,0.0,672645.2000000001,3706.52000000001,3706.52000000001,0,676351.7200000001,0.0,0.0,inf
2019-07-09,0.0,0.0,238875.0,33056.100000000006,0.0,192963.2,166829.99999999997,22092.0,0.0,0.0,19780.8,0.0,0.0,673597.1,3706.52000000001,3706.52000000001,0,677303.62,0.0,0.0,inf
2019-07-10,0.0,0.0,238937.5,32867.100000000006,0.0,191936.8,168822.00000000003,22029.000000000004,0.0,0.0,19843.2,0.0,0.0,674435.6,3706.52000000001,3706.52000000001,0,678142.12,0.0,0.0,inf
2019-07-11,0.0,0.0,239000.0,32879.7,0.0,191936.8,166829.99999999997,22113.0,0.0,0.0,20020.0,0.0,0.0,672779.5,3706.52000000001,3706.52000000001,0,676486.02,0.0,0.0,inf
2019-07-12,0.0,0.0,240937.5,33030.899999999994,0.0,191680.2,167162.00000000003,22407.0,0.0,0.0,20103.2,0.0,0.0,675320.8,3706.52000000001,3706.52000000001,0,679027.3200000001,0.0,0.0,inf
2019-07-15,0.0,0.0,241812.5,33396.3,0.0,196299.0,171312.0,22428.0,0.0,0.0,20196.8,0.0,0.0,685444.6000000001,3706.52000000001,3706.52000000001,0,689151.1200000001,0.0,0.0,inf
2019-07-16,0.0,0.0,240812.5,33478.2,0.0,196812.2,172142.0,22302.0,0.0,0.0,20144.8,0.0,0.0,685691.7000000001,3706.52000000001,3706.52000000001,0,689398.2200000001,0.0,0.0,inf
2019-07-17,0.0,0.0,0.0,33415.2,0.0,196812.2,176126.0,22239.000000000004,0.0,0.0,20020.0,0.0,0.0,448612.4,244884.14,244884.14,0,693496.54,0.0,0.0,inf
2019-07-18,0.0,0.0,0.0,32942.7,0.0,193476.4,172806.0,22260.0,0.0,0.0,19832.8,0.0,0.0,441317.89999999997,-35115.859999999986,-35115.859999999986,0,406202.04,0.0,0.0,inf
2019-07-19,0.0,0.0,0.0,33144.3,0.0,194502.8,174134.00000000003,22554.0,0.0,0.0,20040.8,0.0,0.0,444375.89999999997,-35115.859999999986,-35115.859999999986,0,409260.04,0.0,0.0,inf
2019-07-22,0.0,0.0,0.0,32514.300000000003,0.0,190140.6,171644.0,22491.0,0.0,0.0,19947.2,0.0,0.0,436737.10000000003,-35115.859999999986,-35115.859999999986,0,401621.24000000005,0.0,0.0,inf
2019-07-23,0.0,0.0,0.0,32753.7,0.0,193219.8,176790.0,22491.0,0.0,0.0,20030.399999999998,0.0,0.0,445284.9,-35115.859999999986,-35115.859999999986,0,410169.04000000004,0.0,0.0,inf
2019-07-24,0.0,0.0,0.0,33062.399999999994,0.0,196042.4,181604.0,22617.0,0.0,0.0,20124.0,0.0,0.0,453449.8,-35115.859999999986,-35115.859999999986,0,418333.94,0.0,0.0,inf
2019-07-25,0.0,0.0,0.0,33219.9,0.0,197068.80000000002,184758.0,22974.0,0.0,0.0,20228.0,0.0,0.0,458248.7,-35115.859999999986,-35115.859999999986,0,423132.84,0.0,0.0,inf
2019-07-26,0.0,0.0,0.0,33295.5,0.0,199634.80000000002,184260.00000000003,22932.0,0.0,0.0,20165.600000000002,0.0,0.0,460287.9,-35115.859999999986,-35115.859999999986,0,425172.04000000004,0.0,0.0,inf
2019-07-29,0.0,0.0,0.0,33264.0,0.0,199891.4,186418.0,22953.0,0.0,0.0,20269.600000000002,0.0,0.0,462796.0,-35115.859999999986,-35115.859999999986,0,427680.14,0.0,0.0,inf
2019-07-30,0.0,0.0,0.0,33459.3,0.0,199891.4,184426.0,23057.999999999996,0.0,0.0,20269.600000000002,0.0,0.0,461104.3,-35115.859999999986,-35115.859999999986,0,425988.44,0.0,0.0,inf
2019-07-31,0.0,0.0,0.0,33377.399999999994,0.0,200404.59999999998,185587.99999999997,22827.0,0.0,0.0,20248.8,0.0,0.0,462445.79999999993,-35115.859999999986,-35115.859999999986,0,427329.93999999994,0.0,0.0,inf
2019-08-01,0.0,0.0,0.0,33144.3,0.0,198095.2,184592.00000000003,22701.0,0.0,0.0,20030.399999999998,0.0,0.0,458562.9,-35115.859999999986,-35115.859999999986,0,423447.04000000004,0.0,0.0,inf
2019-08-02,0.0,0.0,0.0,32697.000000000004,0.0,194246.2,182600.00000000003,22428.0,0.0,0.0,19978.4,0.0,0.0,451949.6000000001,-35115.859999999986,-35115.859999999986,0,416833.7400000001,0.0,0.0,inf
2019-08-05,0.0,0.0,0.0,32344.199999999997,0.0,193989.59999999998,180110.0,21987.0,0.0,0.0,19968.0,0.0,0.0,448398.8,-35115.859999999986,-35115.859999999986,0,413282.94,0.0,0.0,inf
2019-08-06,0.0,0.0,0.0,31581.899999999998,0.0,189627.40000000002,175462.0,21777.0,0.0,0.0,19552.0,0.0,0.0,438000.30000000005,-35115.859999999986,-35115.859999999986,0,402884.44000000006,0.0,0.0,inf
2019-08-07,0.0,0.0,0.0,31443.300000000003,0.0,186291.6,171644.0,21735.0,0.0,0.0,19676.8,0.0,0.0,430790.7,-35115.859999999986,-35115.859999999986,0,395674.84,0.0,0.0,inf
2019-08-08,0.0,0.0,0.0,31619.7,0.0,190140.6,177288.0,22092.0,0.0,0.0,19812.0,0.0,0.0,440952.30000000005,-35115.859999999986,-35115.859999999986,0,405836.44000000006,0.0,0.0,inf
2019-08-09,0.0,0.0,0.0,31323.6,0.0,186548.19999999998,173968.0,22050.0,0.0,0.0,20061.600000000002,0.0,0.0,433951.39999999997,-35115.859999999986,-35115.859999999986,0,398835.54,0.0,0.0,inf
2019-08-12,0.0,0.0,0.0,31890.600000000002,0.0,189370.8,181770.0,22344.0,0.0,0.0,20103.2,0.0,0.0,445478.60000000003,-35115.859999999986,-35115.859999999986,0,410362.74000000005,0.0,0.0,inf
2019-08-13,0.0,0.0,0.0,31682.7,0.0,188601.0,180275.99999999997,22050.0,0.0,0.0,19791.2,0.0,0.0,442400.89999999997,-35018.359999999986,-35018.359999999986,0,407382.54,0.0,0.0,inf
2019-08-14,0.0,0.0,0.0,31827.6,0.0,190910.40000000002,181272.0,22008.0,0.0,0.0,19957.600000000002,0.0,0.0,445975.6,-35018.359999999986,-35018.359999999986,0,410957.24,0.0,0.0,inf
2019-08-15,0.0,0.0,0.0,31978.800000000003,0.0,190910.40000000002,184924.00000000003,21987.0,0.0,0.0,19552.0,0.0,0.0,449352.20000000007,-35018.359999999986,-35018.359999999986,0,414333.8400000001,0.0,0.0,inf
2019-08-16,0.0,0.0,0.0,32073.300000000003,0.0,191167.0,186086.0,21945.0,0.0,0.0,19593.600000000002,0.0,0.0,450864.89999999997,-35018.359999999986,-35018.359999999986,0,415846.54,0.0,0.0,inf
2019-08-19,0.0,0.0,0.0,33257.7,0.0,196812.2,195880.0,22050.0,0.0,0.0,19926.399999999998,0.0,0.0,467926.30000000005,-35018.359999999986,-35018.359999999986,0,432907.94000000006,0.0,0.0,inf
2019-08-20,0.0,0.0,0.0,33119.100000000006,0.0,197582.0,194884.00000000003,22008.0,0.0,0.0,20020.0,0.0,0.0,467613.10000000003,-35018.359999999986,-35018.359999999986,0,432594.74000000005,0.0,0.0,inf
2019-08-21,0.0,0.0,0.0,33175.8,0.0,197068.80000000002,197042.0,21924.0,0.0,0.0,19884.8,0.0,0.0,469095.4,-35018.359999999986,-35018.359999999986,0,434077.04000000004,0.0,0.0,inf
2019-08-22,0.0,0.0,0.0,33213.6,0.0,200148.0,196378.0,21861.0,0.0,0.0,20061.600000000002,0.0,0.0,471662.19999999995,4981.640000000014,4981.640000000014,0,476643.83999999997,0.0,0.0,inf
2019-08-23,0.0,0.0,0.0,33232.5,0.0,198865.0,194386.0,22092.0,0.0,0.0,20155.2,0.0,0.0,468730.7,4981.640000000014,4981.640000000014,0,473712.34,0.0,0.0,inf
2019-08-26,0.0,0.0,0.0,32999.399999999994,0.0,198351.80000000002,194552.0,21714.0,0.0,0.0,19749.6,0.0,0.0,467366.8,4981.640000000014,4981.640000000014,0,472348.44,0.0,0.0,inf
2019-08-27,0.0,0.0,0.0,33490.799999999996,0.0,202457.40000000002,199034.0,21945.0,0.0,0.0,19999.2,0.0,0.0,476926.4,4981.640000000014,4981.640000000014,0,481908.04000000004,0.0,0.0,inf
2019-08-28,0.0,0.0,0.0,33478.2,0.0,202970.59999999998,198204.0,21672.0,0.0,0.0,19947.2,0.0,0.0,476272.0,4981.640000000014,4981.640000000014,0,481253.64,0.0,0.0,inf
2019-08-29,0.0,0.0,0.0,33572.7,0.0,203483.8,201192.0,21546.0,0.0,0.0,0.0,0.0,0.0,459794.5,224995.63,224995.63,0,684790.13,0.0,0.0,inf
2019-08-30,0.0,0.0,260617.5,33295.5,0.0,207589.40000000002,151267.5,21567.000000000004,0.0,0.0,0.0,0.0,0.0,674336.9,14993.320000000007,14993.320000000007,0,689330.22,0.0,0.0,inf
2019-09-02,0.0,0.0,263520.0,34070.399999999994,0.0,217853.40000000002,157368.0,21714.0,0.0,0.0,0.0,0.0,0.0,694525.8,16830.31000000001,16830.31000000001,0,711356.1100000001,0.0,0.0,inf
2019-09-03,0.0,0.0,263790.0,34259.4,0.0,218366.6,161476.5,0.0,0.0,0.0,0.0,0.0,0.0,677892.5,38516.80000000001,38516.80000000001,0,716409.3,0.0,0.0,inf
2019-09-04,0.0,0.0,267097.5,34769.700000000004,0.0,216827.0,164464.5,0.0,0.0,0.0,0.0,0.0,0.0,683158.7,38516.80000000001,38516.80000000001,0,721675.5,0.0,0.0,inf
2019-09-05,0.0,0.0,269595.0,34990.2,0.0,108926.70000000001,109975.0,0.0,0.0,0.0,0.0,0.0,0.0,523486.9,203324.78000000003,203324.78000000003,0,726811.68,0.0,0.0,inf
2019-09-06,0.0,0.0,271417.5,35091.0,0.0,54891.0,109809.00000000001,0.0,0.0,0.0,0.0,0.0,0.0,471208.5,257793.43000000002,257793.43000000002,0,729001.93,0.0,0.0,inf
2019-09-09,0.0,0.0,272497.5,35758.8,0.0,55404.6,116199.99999999999,0.0,0.0,0.0,0.0,0.0,0.0,479860.89999999997,257793.43000000002,257793.43000000002,0,737654.33,0.0,0.0,inf
2019-09-10,0.0,0.0,271755.0,35727.3,0.0,54634.2,56730.5,0.0,0.0,0.0,0.0,0.0,0.0,418847.0,314797.32,314797.32,0,733644.3200000001,0.0,0.0,inf
2019-09-11,0.0,0.0,29977.5,0.0,0.0,54120.6,28225.6,0.0,0.0,0.0,0.0,0.0,0.0,112323.70000000001,633795.26,633795.26,0,746118.96,0.0,0.0,inf
2019-09-12,0.0,0.0,30285.000000000004,0.0,0.0,54313.2,28371.2,0.0,0.0,0.0,0.0,0.0,0.0,112969.4,633795.26,633795.26,0,746764.66,0.0,0.0,inf
2019-09-16,0.0,0.0,30180.0,0.0,0.0,53992.2,28600.0,0.0,0.0,0.0,0.0,0.0,0.0,112772.2,633795.26,633795.26,0,746567.46,0.0,0.0,inf
2019-09-17,0.0,0.0,29632.5,0.0,0.0,52387.2,27684.8,0.0,0.0,0.0,0.0,0.0,0.0,109704.5,633795.26,633795.26,0,743499.76,0.0,0.0,inf
2019-09-18,0.0,0.0,29760.0,0.0,0.0,52066.2,27643.2,0.0,0.0,0.0,0.0,0.0,0.0,109469.4,633795.26,633795.26,0,743264.66,0.0,0.0,inf
2019-09-19,0.0,0.0,29902.5,0.0,0.0,52965.0,98503.00000000001,0.0,0.0,0.0,0.0,0.0,0.0,181370.5,564176.18,564176.18,0,745546.68,0.0,0.0,inf
2019-09-20,0.0,0.0,29947.500000000004,0.0,0.0,52258.8,101019.5,0.0,0.0,0.0,0.0,0.0,0.0,183225.8,564191.87,564191.87,0,747417.6699999999,0.0,0.0,inf
2019-09-23,0.0,0.0,29685.0,0.0,0.0,52194.6,103967.4,0.0,0.0,0.0,0.0,0.0,0.0,185847.0,564191.87,564191.87,0,750038.87,0.0,0.0,inf
2019-09-24,0.0,0.0,29707.500000000004,0.0,0.0,52066.2,104111.20000000001,0.0,0.0,0.0,0.0,0.0,0.0,185884.90000000002,564191.87,564191.87,0,750076.77,0.0,0.0,inf
2019-09-25,0.0,0.0,29504.999999999996,0.0,0.0,51039.0,98862.5,0.0,0.0,0.0,0.0,0.0,0.0,179406.5,564191.87,564191.87,0,743598.37,0.0,0.0,inf
2019-09-26,0.0,0.0,29302.5,0.0,0.0,0.0,0.0,0.0,0.0,0.0,0.0,0.0,0.0,29302.5,708323.72,708323.72,0,737626.22,0.0,0.0,inf
2019-09-27,0.0,0.0,29370.000000000004,0.0,0.0,0.0,0.0,0.0,0.0,0.0,0.0,0.0,0.0,29370.000000000004,708323.72,708323.72,0,737693.72,0.0,0.0,inf
2019-09-30,0.0,0.0,29017.5,0.0,0.0,0.0,0.0,0.0,0.0,0.0,0.0,0.0,0.0,29017.5,708323.72,708323.72,0,737341.22,0.0,0.0,inf
2019-10-08,0.0,0.0,29204.999999999996,0.0,0.0,0.0,0.0,0.0,0.0,0.0,0.0,0.0,0.0,29204.999999999996,708323.72,708323.72,0,737528.72,0.0,0.0,inf
2019-10-09,0.0,0.0,29287.5,0.0,0.0,0.0,0.0,0.0,0.0,0.0,0.0,0.0,0.0,29287.5,708323.72,708323.72,0,737611.22,0.0,0.0,inf
2019-10-10,0.0,0.0,29497.500000000004,0.0,0.0,0.0,0.0,0.0,0.0,0.0,0.0,0.0,0.0,29497.500000000004,708323.72,708323.72,0,737821.22,0.0,0.0,inf
2019-10-11,0.0,0.0,29857.500000000004,0.0,0.0,0.0,0.0,0.0,0.0,0.0,0.0,0.0,0.0,29857.500000000004,708323.72,708323.72,0,738181.22,0.0,0.0,inf
2019-10-14,0.0,0.0,30075.0,0.0,59650.0,0.0,0.0,0.0,58500.0,0.0,0.0,0.0,0.0,148225.0,589137.97,589137.97,0,737362.97,0.0,0.0,inf
2019-10-15,0.0,0.0,29977.5,0.0,59500.0,0.0,0.0,0.0,57840.00000000001,0.0,0.0,0.0,0.0,147317.5,489137.97,489137.97,0,636455.47,0.0,0.0,inf
2019-10-16,0.0,0.0,29872.5,0.0,120200.0,0.0,0.0,0.0,57420.00000000001,0.0,0.0,0.0,0.0,207492.5,428919.91,428919.91,0,636412.4099999999,0.0,0.0,inf
2019-10-17,0.0,0.0,29917.5,0.0,120099.99999999999,0.0,25400.0,0.0,57300.0,0.0,0.0,0.0,0.0,232717.5,403492.27999999997,403492.27999999997,0,636209.78,0.0,0.0,inf
2019-10-18,0.0,0.0,29482.5,0.0,120300.0,0.0,24800.0,0.0,55920.0,0.0,0.0,0.0,0.0,230502.5,403492.27999999997,403492.27999999997,0,633994.78,0.0,0.0,inf
2019-10-21,0.0,0.0,29550.0,0.0,118100.0,0.0,24840.0,0.0,55379.99999999999,0.0,0.0,0.0,0.0,227870.0,403492.27999999997,403492.27999999997,0,631362.28,0.0,0.0,inf
2019-10-22,0.0,0.0,29662.5,0.0,120600.0,0.0,25320.0,0.0,55679.99999999999,0.0,0.0,0.0,0.0,231262.5,403492.27999999997,403492.27999999997,0,634754.78,0.0,0.0,inf
2019-10-23,0.0,0.0,29504.999999999996,0.0,117600.0,0.0,25099.999999999996,0.0,55140.0,0.0,0.0,0.0,0.0,227345.0,403492.27999999997,403492.27999999997,0,630837.28,0.0,0.0,inf
2019-10-24,0.0,0.0,29542.499999999996,0.0,175500.0,0.0,24940.000000000004,0.0,83250.0,0.0,0.0,0.0,0.0,313232.5,317196.38999999996,317196.38999999996,0,630428.8899999999,0.0,0.0,inf
2019-10-25,0.0,0.0,29722.5,0.0,176550.0,0.0,25299.999999999996,0.0,84330.0,0.0,0.0,0.0,0.0,315902.5,317196.38999999996,317196.38999999996,0,633098.8899999999,0.0,0.0,inf
2019-10-28,0.0,0.0,29895.0,0.0,239400.0,0.0,91560.0,0.0,85500.0,0.0,0.0,0.0,0.0,446355.0,192208.89999999997,192208.89999999997,0,638563.8999999999,0.0,0.0,inf
2019-10-29,0.0,0.0,29797.500000000004,0.0,238199.99999999997,0.0,89250.0,0.0,83790.0,0.0,0.0,0.0,0.0,441037.5,192208.89999999997,192208.89999999997,0,633246.3999999999,0.0,0.0,inf
2019-10-30,0.0,0.0,29602.5,0.0,235200.0,0.0,91350.0,0.0,82890.0,0.0,0.0,0.0,0.0,439042.5,262208.89999999997,262208.89999999997,0,701251.3999999999,0.0,0.0,inf
2019-10-31,0.0,0.0,29587.5,0.0,238000.0,0.0,91280.0,0.0,82800.0,0.0,0.0,0.0,0.0,441667.5,262208.89999999997,262208.89999999997,0,703876.3999999999,0.0,0.0,inf
2019-11-01,0.0,0.0,30195.0,0.0,241000.0,0.0,91770.0,0.0,83970.0,0.0,0.0,0.0,0.0,446935.0,262208.89999999997,262208.89999999997,0,709143.8999999999,0.0,0.0,inf
2019-11-04,0.0,0.0,30292.499999999996,0.0,244199.99999999997,0.0,92890.0,0.0,84060.0,0.0,0.0,0.0,0.0,451442.49999999994,242208.89999999997,242208.89999999997,0,693651.3999999999,0.0,0.0,inf
2019-11-05,0.0,0.0,30465.000000000004,0.0,244400.0,0.0,94150.0,0.0,85230.0,0.0,0.0,0.0,0.0,454245.0,242208.89999999997,242208.89999999997,0,696453.8999999999,0.0,0.0,inf
2019-11-06,0.0,0.0,30337.5,0.0,242199.99999999997,0.0,91980.0,0.0,84330.0,0.0,0.0,0.0,0.0,448847.5,242208.89999999997,242208.89999999997,0,691056.3999999999,0.0,0.0,inf
2019-11-07,0.0,0.0,30375.0,0.0,244400.0,0.0,92400.0,0.0,84690.0,0.0,0.0,0.0,0.0,451865.0,242208.89999999997,242208.89999999997,0,694073.8999999999,0.0,0.0,inf
2019-11-08,0.0,0.0,30255.0,0.0,243000.00000000003,0.0,92680.0,0.0,83520.0,0.0,0.0,0.0,0.0,449455.0,242208.89999999997,242208.89999999997,0,691663.8999999999,0.0,0.0,inf
2019-11-11,0.0,0.0,29752.5,0.0,237800.0,0.0,90300.0,0.0,81990.0,0.0,0.0,0.0,0.0,439842.5,242208.89999999997,242208.89999999997,0,682051.3999999999,0.0,0.0,inf
2019-11-12,0.0,0.0,29714.999999999996,0.0,238600.0,0.0,89739.99999999999,0.0,82170.0,0.0,0.0,0.0,0.0,440225.0,242208.89999999997,242208.89999999997,0,682433.8999999999,0.0,0.0,inf
2019-11-13,0.0,0.0,29692.499999999996,0.0,240800.0,0.0,93450.0,0.0,81450.0,0.0,0.0,0.0,0.0,445392.5,242208.89999999997,242208.89999999997,0,687601.3999999999,0.0,0.0,inf
2019-11-14,0.0,0.0,29714.999999999996,0.0,243400.00000000003,0.0,96110.00000000001,0.0,40815.0,0.0,0.0,0.0,0.0,410040.0,282876.69999999995,282876.69999999995,0,692916.7,0.0,0.0,inf
2019-11-15,0.0,0.0,29572.5,0.0,242600.00000000003,0.0,95480.0,0.0,40319.99999999999,0.0,0.0,0.0,0.0,407972.5,282876.69999999995,282876.69999999995,0,690849.2,0.0,0.0,inf
2019-11-18,0.0,0.0,29782.5,0.0,242600.00000000003,0.0,95339.99999999999,0.0,40815.0,0.0,0.0,0.0,0.0,408537.5,362876.69999999995,362876.69999999995,0,771414.2,0.0,0.0,inf
2019-11-19,0.0,0.0,30082.5,0.0,247800.00000000003,0.0,96739.99999999999,0.0,41130.0,0.0,0.0,0.0,0.0,415752.5,362876.69999999995,362876.69999999995,0,778629.2,0.0,0.0,inf
2019-11-20,0.0,0.0,29775.0,0.0,247200.0,0.0,95480.0,0.0,40500.0,0.0,0.0,0.0,0.0,412955.0,362876.69999999995,362876.69999999995,0,775831.7,0.0,0.0,inf
2019-11-21,0.0,0.0,29625.0,0.0,246000.0,0.0,95339.99999999999,0.0,40500.0,0.0,0.0,0.0,0.0,411465.0,362876.69999999995,362876.69999999995,0,774341.7,0.0,0.0,inf
2019-11-22,0.0,0.0,29310.0,0.0,235400.0,0.0,93030.0,0.0,40455.0,0.0,0.0,0.0,0.0,398195.0,362876.69999999995,362876.69999999995,0,761071.7,0.0,0.0,inf
2019-11-25,0.0,0.0,29520.000000000004,0.0,232200.0,0.0,89040.0,0.0,40635.0,0.0,0.0,0.0,0.0,391395.0,362876.69999999995,362876.69999999995,0,754271.7,0.0,0.0,inf
2019-11-26,0.0,0.0,29564.999999999996,0.0,231000.0,0.0,89739.99999999999,0.0,40455.0,0.0,0.0,0.0,0.0,390760.0,362876.69999999995,362876.69999999995,0,753636.7,0.0,0.0,inf
2019-11-27,0.0,0.0,29520.000000000004,0.0,231599.99999999997,0.0,93590.0,0.0,40275.0,0.0,0.0,0.0,0.0,394985.0,362876.69999999995,362876.69999999995,0,757861.7,0.0,0.0,inf
2019-11-28,0.0,0.0,29475.0,0.0,232600.0,0.0,93100.0,0.0,40275.0,0.0,0.0,0.0,0.0,395450.0,362876.69999999995,362876.69999999995,0,758326.7,0.0,0.0,inf
2019-11-29,0.0,0.0,29152.5,0.0,227800.0,0.0,93380.0,0.0,40410.0,0.0,0.0,0.0,0.0,390742.5,362876.69999999995,362876.69999999995,0,753619.2,0.0,0.0,inf
2019-12-02,0.0,0.0,29212.5,0.0,224000.00000000003,0.0,95970.0,0.0,40680.0,0.0,0.0,0.0,0.0,389862.5,362876.69999999995,362876.69999999995,0,752739.2,0.0,0.0,inf
2019-12-03,0.0,0.0,29332.5,0.0,112400.00000000001,0.0,239360.00000000003,0.0,40950.0,0.0,0.0,0.0,0.0,422042.5,336702.32999999996,336702.32999999996,0,758744.83,0.0,0.0,inf
2019-12-04,0.0,0.0,29347.500000000004,0.0,113599.99999999999,0.0,353250.0,0.0,40815.0,0.0,0.0,0.0,0.0,537012.5,223708.43999999994,223708.43999999994,0,760720.94,0.0,0.0,inf
2019-12-05,0.0,0.0,29564.999999999996,0.0,115100.0,0.0,359500.00000000006,0.0,41445.0,0.0,0.0,0.0,0.0,545610.0,223708.43999999994,223708.43999999994,0,769318.44,0.0,0.0,inf
2019-12-06,0.0,0.0,29745.0,0.0,115500.0,0.0,368250.0,0.0,41670.0,0.0,0.0,0.0,0.0,555165.0,223708.43999999994,223708.43999999994,0,778873.44,0.0,0.0,inf
2019-12-09,0.0,0.0,29647.500000000004,0.0,113799.99999999999,0.0,372749.99999999994,0.0,41580.0,0.0,0.0,0.0,0.0,557777.5,223708.43999999994,223708.43999999994,0,781485.94,0.0,0.0,inf
2019-12-10,0.0,0.0,29670.000000000004,0.0,115300.0,0.0,483525.0,0.0,41535.0,0.0,0.0,0.0,0.0,670030.0,124098.56999999995,124098.56999999995,0,794128.57,0.0,0.0,inf
2019-12-11,0.0,0.0,29250.0,0.0,115200.00000000001,0.0,480060.0,0.0,41580.0,0.0,0.0,0.0,0.0,666090.0,124098.56999999995,124098.56999999995,0,790188.57,0.0,0.0,inf
2019-12-12,0.0,0.0,29167.5,0.0,115400.00000000001,0.0,495179.99999999994,0.0,41355.0,0.0,0.0,0.0,0.0,681102.5,124098.56999999995,124098.56999999995,0,805201.07,0.0,0.0,inf
2019-12-13,0.0,0.0,29760.0,0.0,117500.0,0.0,497385.0,0.0,43065.0,0.0,0.0,0.0,0.0,687710.0,124563.56999999995,124563.56999999995,0,812273.57,0.0,0.0,inf
2019-12-16,0.0,0.0,29850.0,0.0,118000.0,0.0,505889.99999999994,0.0,43605.00000000001,0.0,0.0,0.0,0.0,697345.0,124563.56999999995,124563.56999999995,0,821908.57,0.0,0.0,inf
2019-12-17,0.0,105120.0,30315.0,0.0,118900.0,0.0,563454.5000000001,0.0,44955.00000000001,0.0,0.0,0.0,0.0,862744.5000000001,-38452.320000000065,-38452.320000000065,0,824292.18,0.0,0.0,inf
2019-12-18,0.0,104640.0,30202.5,0.0,0.0,0.0,280576.8,0.0,44910.0,0.0,0.0,0.0,0.0,460329.3,438015.9999999999,438015.9999999999,0,898345.2999999998,0.0,0.0,inf
2019-12-19,0.0,104640.0,30149.999999999996,0.0,0.0,0.0,274951.2,0.0,44685.0,0.0,0.0,0.0,0.0,454426.2,438015.9999999999,438015.9999999999,0,892442.2,0.0,0.0,inf
2019-12-20,0.0,103359.99999999999,30120.0,0.0,0.0,0.0,272841.6,0.0,45000.0,0.0,0.0,0.0,0.0,451321.6,526053.0899999999,526053.0899999999,0,977374.6899999998,0.0,0.0,inf
2019-12-23,0.0,101440.0,29730.0,0.0,0.0,0.0,0.0,0.0,43740.0,0.0,0.0,0.0,0.0,174910.0,790552.7199999999,790552.7199999999,0,965462.7199999999,0.0,0.0,inf
2019-12-24,0.0,103840.0,29887.5,0.0,0.0,0.0,0.0,0.0,44235.0,0.0,0.0,0.0,0.0,177962.5,790552.7199999999,790552.7199999999,0,968515.2199999999,0.0,0.0,inf
2019-12-25,0.0,104959.99999999999,29940.0,79619.40000000001,0.0,0.0,0.0,0.0,44325.0,0.0,0.0,0.0,0.0,258844.40000000002,710937.8399999999,710937.8399999999,0,969782.2399999999,0.0,0.0,inf
2019-12-26,0.0,105600.0,30157.5,80215.8,0.0,0.0,0.0,0.0,45360.0,0.0,0.0,0.0,0.0,261333.3,710937.8399999999,710937.8399999999,0,972271.1399999999,0.0,0.0,inf
2019-12-27,0.0,207680.0,30127.499999999996,159153.6,0.0,0.0,0.0,0.0,123625.00000000001,0.0,0.0,0.0,0.0,520586.1,443465.01999999984,443465.01999999984,0,964051.1199999999,0.0,0.0,inf
2019-12-30,0.0,268818.0,30562.5,242621.40000000002,0.0,0.0,63498.4,0.0,181062.6,0.0,0.0,0.0,0.0,786562.9,191050.44999999987,191050.44999999987,0,977613.3499999999,0.0,0.0,inf
2019-12-31,0.0,269225.3,30720.0,243603.5,0.0,0.0,63133.0,0.0,180024.0,0.0,0.0,0.0,0.0,786705.8,191050.44999999987,191050.44999999987,0,977756.2499999999,0.0,0.0,inf
2020-01-02,0.0,274112.89999999997,31117.5,248215.09999999998,0.0,0.0,65569.0,0.0,232038.80000000005,0.0,0.0,0.0,0.0,851053.3,139904.80999999988,139904.80999999988,0,990958.1099999999,0.0,0.0,inf
2020-01-03,0.0,273298.3,31042.499999999996,248684.8,0.0,0.0,65366.00000000001,0.0,231153.99999999997,0.0,0.0,0.0,0.0,849545.6,139904.80999999988,139904.80999999988,0,989450.4099999999,0.0,0.0,inf
2020-01-06,0.0,276149.39999999997,30922.5,251503.0,0.0,0.0,143650.0,0.0,231153.99999999997,0.0,0.0,0.0,0.0,933378.8999999999,62254.319999999876,62254.319999999876,0,995633.2199999997,0.0,0.0,inf
2020-01-07,0.0,279407.8,31162.500000000004,254748.2,0.0,0.0,143561.6,0.0,232923.59999999998,0.0,0.0,0.0,0.0,941803.7,62254.319999999876,62254.319999999876,0,1004058.0199999998,0.0,0.0,inf
2020-01-08,0.0,275334.8,30855.0,251204.09999999998,0.0,0.0,140467.6,0.0,225845.19999999998,0.0,0.0,0.0,0.0,923706.6999999998,62254.319999999876,62254.319999999876,0,985961.0199999997,0.0,0.0,inf
2020-01-09,0.0,283480.8,31185.000000000004,254363.90000000002,0.0,0.0,144622.4,0.0,229163.2,0.0,0.0,0.0,0.0,942815.3,62254.319999999876,62254.319999999876,0,1005069.6199999999,0.0,0.0,inf
2020-01-10,0.0,283073.5,31177.5,253296.40000000002,0.0,0.0,148777.2,0.0,229605.6,0.0,0.0,0.0,0.0,945930.2000000001,62254.319999999876,62254.319999999876,0,1008184.5199999999,0.0,0.0,inf
2020-01-13,0.0,287553.8,31515.0,257523.7,0.0,0.0,155672.4,0.0,116760.0,0.0,0.0,0.0,0.0,849024.9,235740.2599999999,235740.2599999999,0,1084765.16,0.0,0.0,inf
2020-01-14,0.0,285924.60000000003,31380.0,256413.5,0.0,0.0,154434.8,0.0,115203.2,91488.79999999999,0.0,0.0,0.0,934844.9000000001,143334.54999999987,143334.54999999987,0,1078179.45,0.0,0.0,inf
2020-01-15,0.0,285517.3,31140.0,255644.9,0.0,0.0,159650.4,0.0,114647.2,91093.6,0.0,0.0,0.0,937693.3999999999,143334.54999999987,143334.54999999987,0,1081027.9499999997,0.0,0.0,inf
2020-01-16,0.0,286739.2,31095.0,255986.5,0.0,0.0,244755.9,0.0,114091.2,90105.6,0.0,0.0,0.0,1022773.3999999999,57096.18999999987,57096.18999999987,0,1079869.5899999999,0.0,0.0,inf
2020-01-17,0.0,286739.2,31132.5,254534.7,0.0,0.0,244348.2,0.0,114647.2,90105.6,0.0,0.0,0.0,1021507.4,57096.18999999987,57096.18999999987,0,1078603.5899999999,0.0,0.0,inf
2020-01-20,0.0,294885.2,31357.5,258804.7,0.0,0.0,258210.0,0.0,116315.20000000001,90500.79999999999,0.0,0.0,0.0,1050073.4000000001,57096.18999999987,57096.18999999987,0,1107169.59,0.0,0.0,inf
2020-01-21,0.0,292034.10000000003,30787.500000000004,255773.0,160573.69999999998,0.0,258210.0,0.0,114313.6,0.0,0.0,0.0,0.0,1111691.9000000001,-14031.680000000124,-14031.680000000124,0,1097660.22,0.0,0.0,inf
2020-01-22,0.0,298550.89999999997,30892.5,257737.2,0.0,0.0,273023.1,0.0,0.0,0.0,0.0,0.0,0.0,860203.7,410377.9999999999,410377.9999999999,0,1270581.6999999997,0.0,0.0,inf
2020-01-23,0.0,451058.39999999997,29970.000000000004,186533.1,0.0,0.0,366562.5,0.0,0.0,0.0,0.0,0.0,0.0,1034124.0,202605.8799999999,202605.8799999999,0,1236729.88,0.0,0.0,inf
2020-02-03,0.0,550087.2000000001,27442.5,171381.9,0.0,0.0,330000.0,0.0,0.0,0.0,0.0,0.0,0.0,1078911.6,63941.709999999905,63941.709999999905,0,1142853.31,0.0,0.0,inf
2020-02-04,0.0,592207.2,28275.0,0.0,0.0,0.0,0.0,0.0,0.0,0.0,0.0,0.0,0.0,620482.2,602546.2999999998,602546.2999999998,0,1223028.4999999998,0.0,0.0,inf
2020-02-05,0.0,480240.0,28552.5,0.0,0.0,0.0,0.0,0.0,0.0,0.0,0.0,0.0,0.0,508792.5,730281.5399999998,730281.5399999998,0,1239074.0399999998,0.0,0.0,inf
2020-02-06,0.0,496137.6000000001,29227.5,0.0,0.0,0.0,0.0,0.0,0.0,0.0,0.0,0.0,0.0,525365.1000000001,730281.5399999998,730281.5399999998,0,1255646.64,0.0,0.0,inf
2020-02-07,0.0,574763.2,29160.0,0.0,0.0,0.0,60007.399999999994,0.0,0.0,0.0,0.0,0.0,68618.0,732548.6,523578.1499999998,523578.1499999998,0,1256126.7499999998,0.0,0.0,inf
2020-02-10,0.0,662910.6,29257.500000000004,0.0,0.0,0.0,58467.2,0.0,0.0,0.0,0.0,0.0,68310.0,818945.2999999999,444069.2999999998,444069.2999999998,0,1263014.5999999996,0.0,0.0,inf
2020-02-11,0.0,672730.2,29572.5,0.0,0.0,0.0,58980.6,0.0,0.0,0.0,0.0,0.0,70312.0,831595.2999999999,428984.2999999998,428984.2999999998,0,1260579.5999999996,0.0,0.0,inf
2020-02-12,0.0,756371.6,29782.5,0.0,0.0,0.0,119998.39999999998,0.0,0.0,0.0,0.0,0.0,146786.0,1052938.5,233664.71999999983,233664.71999999983,0,1286603.2199999997,0.0,0.0,inf
2020-02-13,0.0,748594.0,29625.0,0.0,0.0,0.0,181986.39999999997,0.0,0.0,0.0,0.0,0.0,144670.0,1104875.4,174847.07999999984,174847.07999999984,0,1279722.4799999997,0.0,0.0,inf
2020-02-14,0.0,747621.8,29827.5,0.0,0.0,0.0,240276.80000000002,0.0,0.0,0.0,0.0,0.0,144279.0,1162005.1,116887.69999999984,116887.69999999984,0,1278892.7999999998,0.0,0.0,inf
2020-02-17,0.0,858832.2,30480.0,0.0,0.0,0.0,248156.6,0.0,0.0,0.0,0.0,0.0,145176.0,1282644.8,38164.08999999984,38164.08999999984,0,1320808.89,0.0,0.0,inf
2020-02-18,0.0,865265.4,30292.499999999996,0.0,0.0,0.0,380099.39999999997,0.0,0.0,0.0,0.0,0.0,74592.0,1350249.3,-9131.040000000154,-9131.040000000154,0,1341118.2599999998,0.0,0.0,inf
2020-02-19,0.0,845965.8,0.0,0.0,0.0,0.0,443443.8,0.0,0.0,0.0,0.0,0.0,74004.0,1363413.6,-39718.900000000154,-39718.900000000154,0,1323694.7,0.0,0.0,inf
2020-02-20,0.0,871698.6,0.0,0.0,0.0,0.0,457481.7,0.0,0.0,0.0,0.0,0.0,76200.0,1405380.3,-39718.900000000154,-39718.900000000154,0,1365661.4,0.0,0.0,inf
2020-02-21,0.0,887781.6,0.0,0.0,0.0,0.0,468250.5,0.0,0.0,0.0,0.0,0.0,75168.0,1431200.1,-39718.900000000154,-39718.900000000154,0,1391481.2,0.0,0.0,inf
2020-02-24,0.0,902792.4000000001,0.0,0.0,0.0,0.0,495364.8,0.0,0.0,0.0,0.0,0.0,73884.0,1472041.2000000002,60281.099999999846,60281.099999999846,0,1532322.3,0.0,0.0,inf
2020-02-25,0.0,674745.4,0.0,0.0,0.0,0.0,357483.576,0.0,0.0,0.0,0.0,0.0,72300.0,1104528.976,404160.44999999995,404160.44999999995,0,1508689.426,0.0,0.0,inf
2020-02-26,0.0,0.0,0.0,0.0,0.0,0.0,0.0,0.0,0.0,0.0,0.0,0.0,0.0,0.0,1471064.42,1471064.42,0,1471064.42,0.0,0.0,inf
2020-02-27,0.0,0.0,0.0,0.0,0.0,0.0,0.0,0.0,0.0,0.0,0.0,0.0,0.0,0.0,1471064.42,1471064.42,0,1471064.42,0.0,0.0,inf
2020-02-28,0.0,0.0,0.0,0.0,0.0,0.0,0.0,0.0,0.0,0.0,0.0,0.0,0.0,0.0,1471064.42,1471064.42,0,1471064.42,0.0,0.0,inf
2020-03-02,0.0,0.0,0.0,0.0,0.0,0.0,0.0,0.0,0.0,0.0,0.0,0.0,0.0,0.0,1471064.42,1471064.42,0,1471064.42,0.0,0.0,inf
2020-03-03,0.0,0.0,0.0,0.0,0.0,0.0,0.0,0.0,0.0,0.0,0.0,0.0,0.0,0.0,1471064.42,1471064.42,0,1471064.42,0.0,0.0,inf
2020-03-04,0.0,0.0,0.0,0.0,0.0,0.0,0.0,0.0,0.0,0.0,0.0,0.0,0.0,0.0,1471064.42,1471064.42,0,1471064.42,0.0,0.0,inf
2020-03-05,0.0,0.0,0.0,0.0,0.0,0.0,0.0,0.0,0.0,0.0,0.0,0.0,0.0,0.0,1471064.42,1471064.42,0,1471064.42,0.0,0.0,inf
2020-03-06,0.0,103808.0,0.0,0.0,0.0,0.0,0.0,0.0,0.0,0.0,0.0,0.0,0.0,103808.0,1365944.89,1365944.89,0,1469752.89,0.0,0.0,inf
2020-03-09,0.0,98944.0,0.0,0.0,0.0,0.0,0.0,0.0,0.0,0.0,0.0,74690.0,0.0,173634.0,1290551.77,1290551.77,0,1464185.77,0.0,0.0,inf
2020-03-10,0.0,102272.0,0.0,0.0,0.0,0.0,0.0,0.0,0.0,0.0,0.0,74690.0,0.0,176962.0,1290551.77,1290551.77,0,1467513.77,0.0,0.0,inf
2020-03-11,0.0,99712.0,0.0,0.0,0.0,0.0,0.0,0.0,0.0,0.0,0.0,74302.0,0.0,174014.0,1090551.77,1090551.77,0,1264565.77,0.0,0.0,inf
2020-03-12,0.0,0.0,0.0,0.0,0.0,0.0,0.0,0.0,0.0,0.0,0.0,71295.0,0.0,71295.0,1187418.7,1187418.7,0,1258713.7,0.0,0.0,inf
2020-03-13,0.0,0.0,0.0,0.0,0.0,0.0,0.0,0.0,0.0,0.0,0.0,78473.0,0.0,78473.0,1187418.7,1187418.7,0,1265891.7,0.0,0.0,inf
2020-03-16,0.0,0.0,0.0,0.0,0.0,0.0,0.0,0.0,0.0,0.0,0.0,0.0,0.0,0.0,1263753.81,1263753.81,0,1263753.81,0.0,0.0,inf
2020-03-17,0.0,0.0,0.0,0.0,0.0,0.0,0.0,0.0,0.0,0.0,0.0,0.0,0.0,0.0,1263753.81,1263753.81,0,1263753.81,0.0,0.0,inf
2020-03-18,0.0,0.0,0.0,0.0,0.0,0.0,0.0,0.0,0.0,0.0,0.0,0.0,0.0,0.0,1263753.81,1263753.81,0,1263753.81,0.0,0.0,inf
2020-03-19,0.0,0.0,0.0,0.0,0.0,0.0,0.0,0.0,0.0,0.0,0.0,0.0,0.0,0.0,1263753.81,1263753.81,0,1263753.81,0.0,0.0,inf
2020-03-20,0.0,0.0,0.0,0.0,0.0,0.0,0.0,0.0,0.0,0.0,0.0,0.0,0.0,0.0,1263786.31,1263786.31,0,1263786.31,0.0,0.0,inf
2020-03-23,0.0,0.0,0.0,0.0,0.0,0.0,0.0,0.0,0.0,0.0,0.0,0.0,0.0,0.0,263786.31000000006,263786.31000000006,0,263786.31000000006,0.0,0.0,inf
2020-03-24,0.0,0.0,0.0,0.0,0.0,0.0,0.0,0.0,0.0,0.0,0.0,0.0,0.0,0.0,263786.31000000006,263786.31000000006,0,263786.31000000006,0.0,0.0,inf
2020-03-25,0.0,0.0,0.0,0.0,0.0,0.0,0.0,0.0,0.0,0.0,0.0,0.0,0.0,0.0,263786.31000000006,263786.31000000006,0,263786.31000000006,0.0,0.0,inf
2020-03-26,0.0,0.0,0.0,0.0,0.0,0.0,0.0,0.0,0.0,0.0,0.0,0.0,0.0,0.0,263786.31000000006,263786.31000000006,0,263786.31000000006,0.0,0.0,inf
2020-03-27,0.0,0.0,0.0,0.0,0.0,0.0,0.0,0.0,0.0,0.0,0.0,0.0,0.0,0.0,263786.31000000006,263786.31000000006,0,263786.31000000006,0.0,0.0,inf
2020-03-30,0.0,0.0,0.0,0.0,0.0,0.0,0.0,0.0,0.0,0.0,0.0,0.0,0.0,0.0,263786.31000000006,263786.31000000006,0,263786.31000000006,0.0,0.0,inf
2020-03-31,0.0,0.0,0.0,0.0,0.0,0.0,0.0,0.0,0.0,0.0,0.0,0.0,0.0,0.0,363786.31000000006,363786.31000000006,0,363786.31000000006,0.0,0.0,inf
2020-04-01,0.0,0.0,0.0,0.0,0.0,0.0,0.0,0.0,0.0,0.0,0.0,0.0,0.0,0.0,363786.31000000006,363786.31000000006,0,363786.31000000006,0.0,0.0,inf
2020-04-02,0.0,0.0,0.0,0.0,0.0,0.0,0.0,0.0,0.0,0.0,0.0,0.0,0.0,0.0,363786.31000000006,363786.31000000006,0,363786.31000000006,0.0,0.0,inf
2020-04-03,0.0,0.0,0.0,0.0,0.0,0.0,0.0,0.0,0.0,0.0,0.0,0.0,0.0,0.0,363786.31000000006,363786.31000000006,0,363786.31000000006,0.0,0.0,inf
2020-04-07,0.0,0.0,0.0,0.0,0.0,0.0,0.0,0.0,0.0,0.0,0.0,0.0,0.0,0.0,363786.31000000006,363786.31000000006,0,363786.31000000006,0.0,0.0,inf
2020-04-08,0.0,0.0,0.0,0.0,0.0,0.0,0.0,0.0,0.0,0.0,0.0,0.0,0.0,0.0,363786.31000000006,363786.31000000006,0,363786.31000000006,0.0,0.0,inf
2020-04-09,81000.0,67067.0,0.0,0.0,0.0,0.0,0.0,0.0,0.0,0.0,0.0,0.0,0.0,148067.0,215699.89000000007,215699.89000000007,0,363766.8900000001,0.0,0.0,inf
2020-04-10,80759.99999999999,65702.0,0.0,0.0,0.0,0.0,0.0,0.0,0.0,0.0,0.0,0.0,0.0,146462.0,215699.89000000007,215699.89000000007,0,362161.8900000001,0.0,0.0,inf
2020-04-13,80640.0,65065.0,0.0,0.0,0.0,0.0,0.0,0.0,0.0,0.0,0.0,0.0,0.0,145705.0,215699.89000000007,215699.89000000007,0,361404.8900000001,0.0,0.0,inf
2020-04-14,0.0,0.0,0.0,0.0,0.0,0.0,0.0,0.0,0.0,0.0,0.0,0.0,0.0,0.0,133955.37000000005,133955.37000000005,0,133955.37000000005,0.0,0.0,inf
