,510300,510500,512290,512660,512760,512800,512880,513500,持仓金额,发生金额,账面现金,基金申赎,总资产,份额确认,基金份额,基金净值
2017/12/11,0,0,0,0,0,0,0,0,0,0,0,0,0,0,0,1
2017/12/12,0,0,0,0,0,0,0,0,0,0,0,0,0,0,0,1
2017/12/13,0,0,0,0,0,0,0,0,0,0,0,0,0,0,0,1
2017/12/14,141133.4,0,0,0,0,0,0,0,141133.4,0,0,140833.97,141133.4,140833.97,140833.97,1.002126121
2017/12/15,139265,0,0,0,0,0,0,0,139265,0,0,0,139265,0,140833.97,0.988859435
2017/12/18,139299.6,0,0,0,0,0,0,0,139299.6,0,0,0,139299.6,0,140833.97,0.989105114
2017/12/19,141133.4,0,0,0,0,0,0,0,141133.4,0,0,0,141133.4,0,140833.97,1.002126121
2017/12/20,140822,0,0,0,0,0,0,0,140822,0,0,0,140822,0,140833.97,0.999915006
2017/12/21,142552,0,0,0,0,0,0,0,142552,0,0,0,142552,0,140833.97,1.012198974
2017/12/22,141894.6,0,0,0,0,0,0,0,141894.6,0,0,0,141894.6,0,140833.97,1.007531067
2017/12/25,141237.2,0,0,0,0,0,0,0,141237.2,0,0,0,141237.2,0,140833.97,1.002863159
2017/12/26,141652.4,0,0,0,0,0,0,0,141652.4,0,0,0,141652.4,0,140833.97,1.005811311
2017/12/27,139299.6,0,0,0,0,0,0,0,139299.6,0,0,0,139299.6,0,140833.97,0.989105114
2017/12/28,140579.8,0,0,0,0,0,0,0,140579.8,0,0,0,140579.8,0,140833.97,0.998195251
2017/12/29,141029.6,0,0,0,0,0,0,0,141029.6,0,0,0,141029.6,0,140833.97,1.001389082
2018/1/2,143105.6,0,0,0,0,0,0,0,143105.6,0,0,0,143105.6,0,140833.97,1.016129844
2018/1/3,163825.2,0,0,0,0,0,0,0,163825.2,40.41,40.41,20000,163865.61,19682.52395,160516.494,1.020864622
2018/1/4,164337.4,0,0,0,0,0,0,0,164337.4,40.41,40.41,0,164377.81,0,160516.494,1.024055572
2018/1/5,164967.8,0,0,0,0,0,0,0,164967.8,40.41,40.41,0,165008.21,0,160516.494,1.027982894
2018/1/8,165637.6,0,0,0,0,0,0,0,165637.6,40.41,40.41,0,165678.01,0,160516.494,1.032155674
2018/1/9,166977.2,0,0,0,0,0,0,0,166977.2,40.41,40.41,0,167017.61,0,160516.494,1.040501234
2018/1/10,167686.4,0,0,0,0,0,0,0,167686.4,40.41,40.41,0,167726.81,0,160516.494,1.044919471
2018/1/11,167450,0,0,0,0,0,0,0,167450,40.41,40.41,0,167490.41,0,160516.494,1.043446725
2018/1/12,168356.2,0,0,0,0,0,0,0,168356.2,40.41,40.41,0,168396.61,0,160516.494,1.049092251
2018/1/15,168041,0,0,0,0,0,0,0,168041,40.41,40.41,0,168081.41,0,160516.494,1.04712859
2018/1/16,169735.2,0,0,0,0,0,0,0,169735.2,40.41,40.41,0,169775.61,0,160516.494,1.057683269
2018/1/17,169223,0,0,0,0,0,0,0,169223,40.41,40.41,0,169263.41,0,160516.494,1.054492319
2018/1/18,190212,0,0,0,0,0,0,0,190212,144.04,144.04,20000,190356.04,18966.4729,179482.9669,1.060579972
2018/1/19,190740,0,0,0,0,0,0,0,190740,144.04,144.04,0,190884.04,0,179482.9669,1.063521756
2018/1/22,193160,0,0,0,0,0,0,0,193160,144.04,144.04,0,193304.04,0,179482.9669,1.077004929
2018/1/23,193072,0,0,0,0,0,0,0,193072,144.04,144.04,0,193216.04,0,179482.9669,1.076514632
2018/1/24,193204,0,0,0,0,0,0,0,193204,144.04,144.04,0,193348.04,0,179482.9669,1.077250078
2018/1/25,191972,0,0,0,0,0,0,0,191972,2168.04,2168.04,0,194140.04,0,179482.9669,1.081662753
2018/1/26,192940,0,0,0,0,0,0,0,192940,2168.04,2168.04,0,195108.04,0,179482.9669,1.087056022
2018/1/29,189288,0,0,0,0,0,0,0,189288,2168.04,2168.04,0,191456.04,0,179482.9669,1.066708687
2018/1/30,187352,0,0,0,0,0,0,0,187352,2168.04,2168.04,0,189520.04,0,179482.9669,1.055922149
2018/1/31,187924,0,0,0,0,0,0,0,187924,22168.04,22168.04,20000,210092.04,18940.79031,198423.7572,1.058804868
2018/2/1,206536.7,0,0,0,0,0,0,0,206536.7,2093.02,2093.02,0,208629.72,0,198423.7572,1.051435186
2018/2/2,207802.9,39708.9,0,0,0,0,0,0,247511.8,-2602.59,-2602.59,35000,244909.21,33287.83407,231711.5912,1.056957093
2018/2/5,207608.1,39639.6,0,0,0,0,0,0,247247.7,-2602.59,-2602.59,0,244645.11,0,231711.5912,1.055817315
2018/2/6,201764.1,37844.1,0,0,0,0,0,0,239608.2,-2602.59,-2602.59,0,237005.61,0,231711.5912,1.022847449
2018/2/7,196991.5,37888.2,0,0,0,0,0,0,234879.7,-2602.59,-2602.59,0,232277.11,0,231711.5912,1.002440615
2018/2/8,195384.4,38222.1,0,0,0,0,0,0,233606.5,-2602.59,-2602.59,0,231003.91,0,231711.5912,0.996945853
2018/2/9,186374.9,36766.8,0,0,0,0,0,0,223141.7,-2602.59,-2602.59,0,220539.11,0,231711.5912,0.951782813
2018/2/12,209239.8,37762.2,0,0,0,0,0,0,247002,-2774.24,-2774.24,20000,244227.76,21013.19727,252724.7885,0.966378334
2018/2/13,211773.1,37995.3,0,0,0,0,0,0,249768.4,-2774.24,-2774.24,0,246994.16,0,252724.7885,0.977324628
2018/2/14,213659.6,38121.3,0,0,0,0,0,0,251780.9,-2774.24,-2774.24,0,249006.66,0,252724.7885,0.985287836
2018/2/22,218079.4,38915.1,0,0,0,0,0,0,256994.5,-2774.24,-2774.24,0,254220.26,0,252724.7885,1.005917391
2018/2/23,219265.2,38971.8,0,0,0,0,0,0,258237,-2774.24,-2774.24,0,255462.76,0,252724.7885,1.010833807
2018/2/26,222068,40023.9,0,0,0,0,0,0,262091.9,-2774.24,-2774.24,0,259317.66,0,252724.7885,1.026087158
2018/2/27,218887.9,39841.2,0,0,0,0,0,0,258729.1,-2774.24,-2774.24,0,255954.86,0,252724.7885,1.012780984
2018/2/28,216678,39853.8,0,0,0,0,0,0,256531.8,-2774.24,-2774.24,0,253757.56,0,252724.7885,1.004086546
2018/3/1,218241.1,40401.9,0,0,0,0,0,0,258643,-2774.24,-2774.24,0,255868.76,0,252724.7885,1.012440297
2018/3/2,216785.8,40206.6,0,0,0,0,0,0,256992.4,-2774.24,-2774.24,0,254218.16,0,252724.7885,1.005909082
2018/3/5,216300.7,40156.2,0,0,0,0,0,0,256456.9,-2774.24,-2774.24,0,253682.66,0,252724.7885,1.003790176
2018/3/6,219534.7,40698,0,0,0,0,0,0,260232.7,-2774.24,-2774.24,0,257458.46,0,252724.7885,1.018730539
2018/3/7,217756,40313.7,0,0,0,0,0,0,258069.7,-2774.24,-2774.24,0,255295.46,0,252724.7885,1.010171822
2018/3/8,219965.9,40679.1,0,0,0,0,0,0,260645,-2774.24,-2774.24,0,257870.76,0,252724.7885,1.020361958
2018/3/9,221582.9,41227.2,0,0,0,0,0,0,262810.1,17225.76,17225.76,20000,280035.86,19600.88755,272325.6761,1.028312365
2018/3/12,222229.7,41674.5,0,0,0,0,0,0,263904.2,17225.76,17225.76,0,281129.96,0,272325.6761,1.032329981
2018/3/13,219858.1,41479.2,0,0,0,0,0,0,261337.3,17225.76,17225.76,0,278563.06,0,272325.6761,1.022904135
2018/3/14,219103.5,40950,0,0,0,0,0,0,260053.5,17225.76,17225.76,0,277279.26,0,272325.6761,1.018189926
2018/3/15,260851.5,40874.4,0,0,0,0,0,0,301725.9,-2780.04,-2780.04,20000,298945.86,19642.70072,291968.3768,1.023898079
2018/3/16,257985,40647.6,0,0,0,0,0,0,298632.6,-2780.04,-2780.04,0,295852.56,0,291968.3768,1.013303438
2018/3/19,259386.4,40805.1,0,0,0,0,0,0,300191.5,-2780.04,-2780.04,0,297411.46,0,291968.3768,1.018642715
2018/3/20,259259,40824,0,0,0,0,0,0,300083,-2776.03,-2776.03,0,297306.97,0,291968.3768,1.018284834
2018/3/21,257921.3,40490.1,0,0,0,0,0,0,298411.4,-2776.03,-2776.03,0,295635.37,0,291968.3768,1.012559556
2018/3/22,255628.1,40483.8,0,0,0,0,0,0,296111.9,-2776.03,-2776.03,0,293335.87,0,291968.3768,1.004683703
2018/3/23,248047.8,38379.6,0,0,0,0,0,0,286427.4,-2776.03,-2776.03,0,283651.37,0,291968.3768,0.971514015
2018/3/26,246901.2,39148.2,0,0,0,0,0,0,286049.4,-2776.03,-2776.03,0,283273.37,0,291968.3768,0.970219354
2018/3/27,249130.7,40036.5,0,0,0,0,0,0,289167.2,-2776.03,-2776.03,0,286391.17,0,291968.3768,0.980897908
2018/3/28,244098.4,39582.9,0,0,0,0,0,0,283681.3,-2776.03,-2776.03,0,280905.27,0,291968.3768,0.962108544
2018/3/29,248557.4,39998.7,0,0,0,0,0,0,288556.1,-2776.03,-2776.03,0,285780.07,0,291968.3768,0.978804873
2018/3/30,248175.2,40527.9,0,0,0,0,0,0,288703.1,-2776.03,-2776.03,0,285927.07,0,291968.3768,0.979308352
2018/4/2,247347.1,40471.2,0,0,0,0,0,0,287818.3,-2776.03,-2776.03,0,285042.27,0,291968.3768,0.976277887
2018/4/3,245754.6,40149.9,0,0,0,0,0,0,285904.5,-2776.03,-2776.03,0,283128.47,0,291968.3768,0.969723068
2018/4/4,265127.2,39822.3,0,0,0,0,0,0,304949.5,-2802.04,-2802.04,20000,302147.46,20624.44492,312592.8217,0.966584768
2018/4/9,265471.7,39885.3,0,0,0,0,0,0,305357,-2802.04,-2802.04,0,302554.96,0,312592.8217,0.967888381
2018/4/10,270639.2,40194,0,0,0,0,0,0,310833.2,-2802.04,-2802.04,0,308031.16,0,312592.8217,0.985407017
2018/4/11,270983.7,40263.3,0,0,0,0,0,0,311247,-2802.04,-2802.04,0,308444.96,0,312592.8217,0.986730784
2018/4/12,268158.8,40049.1,0,0,0,0,0,0,308207.9,-2802.04,-2802.04,0,305405.86,0,312592.8217,0.977008552
2018/4/13,266298.5,39916.8,0,0,0,0,0,0,306215.3,-2802.04,-2802.04,0,303413.26,0,312592.8217,0.970634125
2018/4/16,281876.4,39797.1,0,0,0,0,0,0,321673.5,-2567.97,-2567.97,20000,319105.53,20605.08639,333197.9081,0.957705683
2018/4/17,277726.8,39085.2,0,0,0,0,0,0,316812,-2567.97,-2567.97,0,314244.03,0,333197.9081,0.943115255
2018/4/18,278319.6,39513.6,0,0,0,0,0,0,317833.2,-2567.97,-2567.97,0,315265.23,0,333197.9081,0.9461801
2018/4/19,282246.9,39702.6,0,0,0,0,0,0,321949.5,-2567.97,-2567.97,0,319381.53,0,333197.9081,0.958534019
2018/4/20,277875,39003.3,0,0,0,0,0,0,316878.3,-2567.97,-2567.97,0,314310.33,0,333197.9081,0.943314236
2018/4/23,279060.6,38581.2,0,0,0,0,0,0,317641.8,-2567.97,-2567.97,0,315073.83,0,333197.9081,0.945605667
2018/4/24,284914.5,39400.2,0,0,0,0,0,0,324314.7,-2567.97,-2567.97,0,321746.73,0,333197.9081,0.965632503
2018/4/25,283210.2,39438,0,0,0,0,0,0,322648.2,-2567.97,-2567.97,0,320080.23,0,333197.9081,0.960630971
2018/4/26,277578.6,38732.4,0,0,0,0,0,0,316311,-2567.97,-2567.97,0,313743.03,0,333197.9081,0.941611644
2018/4/27,278171.4,38902.5,0,0,0,0,0,0,317073.9,-2567.97,-2567.97,0,314505.93,0,333197.9081,0.943901274
2018/5/2,279060.6,38801.7,0,0,0,0,0,0,317862.3,-2567.97,-2567.97,0,315294.33,0,333197.9081,0.946267435
2018/5/3,280690.8,39179.7,0,0,0,0,0,0,319870.5,-2567.97,-2567.97,0,317302.53,0,333197.9081,0.952294484
2018/5/4,279357,39154.5,0,0,0,0,0,0,318511.5,-2567.97,-2567.97,0,315943.53,0,333197.9081,0.948215827
2018/5/7,283877.1,39910.5,0,0,0,0,0,0,323787.6,-2567.97,-2567.97,0,321219.63,0,333197.9081,0.96405056
2018/5/8,287582.1,40099.5,0,0,0,0,0,0,327681.6,-2567.97,-2567.97,0,325113.63,0,333197.9081,0.975737308
2018/5/9,286767,39942,0,0,0,0,0,0,326709,-2567.97,-2567.97,0,324141.03,0,333197.9081,0.972818322
2018/5/10,288693.6,40105.8,0,0,0,0,0,0,328799.4,-2567.97,-2567.97,0,326231.43,0,333197.9081,0.979092071
2018/5/11,307128.9,39790.8,0,0,0,0,0,0,346919.7,-2770.83,-2770.83,20000,344148.87,20427.0881,353624.9962,0.973202895
2018/5/14,309825.1,39601.8,0,0,0,0,0,0,349426.9,-2770.83,-2770.83,0,346656.07,0,353624.9962,0.980292891
2018/5/15,311014.6,39979.8,0,0,0,0,0,0,350994.4,-2770.83,-2770.83,0,348223.57,0,353624.9962,0.984725553
2018/5/16,308477,39879,0,0,0,0,0,0,348356,-2770.83,-2770.83,0,345585.17,0,353624.9962,0.977264542
2018/5/17,305860.1,39627,0,0,0,0,0,0,345487.1,-2770.83,-2770.83,0,342716.27,0,353624.9962,0.969151711
2018/5/18,309190.7,39879,0,0,0,0,0,0,349069.7,-2770.83,-2770.83,0,346298.87,0,353624.9962,0.979282782
2018/5/21,310697.4,40326.3,0,0,0,0,0,0,351023.7,-2770.83,-2770.83,0,348252.87,0,353624.9962,0.984808409
2018/5/22,309428.6,40490.1,0,0,0,0,0,0,349918.7,-2770.83,-2770.83,0,347147.87,0,353624.9962,0.98168363
2018/5/23,325409.5,39954.6,0,0,0,0,0,0,365364.1,-2848.85,-2848.85,20000,362515.25,20373.16238,373998.1586,0.969296885
2018/5/24,322790,39828.6,0,0,0,0,0,0,362618.6,-2848.85,-2848.85,0,359769.75,0,373998.1586,0.961955939
2018/5/25,322029.5,39299.4,0,0,0,0,0,0,361328.9,-2848.85,-2848.85,0,358480.05,0,373998.1586,0.958507527
2018/5/28,324057.5,39223.8,0,0,0,0,0,0,363281.3,-2848.85,-2848.85,0,360432.45,0,373998.1586,0.963727873
2018/5/29,321015.5,38732.4,0,0,0,0,0,0,359747.9,-2848.85,-2848.85,0,356899.05,0,373998.1586,0.954280233
2018/5/30,314931.5,37844.1,0,0,0,0,0,0,352775.6,-2848.85,-2848.85,0,349926.75,0,373998.1586,0.935637628
2018/5/31,321353.5,38291.4,0,0,0,0,0,0,359644.9,-2848.85,-2848.85,0,356796.05,0,373998.1586,0.954004831
2018/6/1,319156.5,37844.1,0,0,0,0,0,0,357000.6,-2848.85,-2848.85,0,354151.75,0,373998.1586,0.946934475
2018/6/4,322283,37837.8,0,0,0,0,0,0,360120.8,-2848.85,-2848.85,0,357271.95,0,373998.1586,0.955277297
2018/6/5,344986.2,38480.4,0,0,0,0,0,0,383466.6,-2776.03,-2776.03,20000,380690.57,20936.32923,394934.4878,0.963933467
2018/6/6,344358.3,38442.6,0,0,0,0,0,0,382800.9,-2776.03,-2776.03,0,380024.87,0,394934.4878,0.962247871
2018/6/7,344268.6,38234.7,0,0,0,0,0,0,382503.3,-2776.03,-2776.03,0,379727.27,0,394934.4878,0.961494328
2018/6/8,339693.9,37768.5,0,0,0,0,0,0,377462.4,-2776.03,-2776.03,0,374686.37,0,394934.4878,0.948730439
2018/6/11,340590.9,37535.4,0,0,0,0,0,0,378126.3,-2776.03,-2776.03,0,375350.27,0,394934.4878,0.950411477
2018/6/12,343999.5,37844.1,0,0,0,0,0,0,381843.6,-2776.03,-2776.03,0,379067.57,0,394934.4878,0.959823924
2018/6/13,340501.2,37308.6,0,0,0,0,0,0,377809.8,-2776.03,-2776.03,0,375033.77,0,394934.4878,0.949610079
2018/6/14,339604.2,37245.6,0,0,0,0,0,0,376849.8,-2776.03,-2776.03,0,374073.77,0,394934.4878,0.947179296
2018/6/15,339066,36584.1,0,0,0,0,0,0,375650.1,-2776.03,-2776.03,0,372874.07,0,394934.4878,0.944141577
2018/6/19,327405,34265.7,0,0,0,0,0,0,361670.7,-2776.03,-2776.03,0,358894.67,0,394934.4878,0.90874482
2018/6/20,327405,34568.1,0,0,0,0,0,0,361973.1,-2773.7,-2773.7,0,359199.4,0,394934.4878,0.909516416
2018/6/21,324714,33957,0,0,0,0,0,0,358671,-2773.7,-2773.7,0,355897.3,0,394934.4878,0.901155283
2018/6/22,326149.2,34398,0,0,0,0,0,0,360547.2,-2773.7,-2773.7,0,357773.5,0,394934.4878,0.905905944
2018/6/25,321574.5,34083,0,0,0,0,0,0,355657.5,-2773.7,-2773.7,0,352883.8,0,394934.4878,0.893524903
2018/6/26,358550,34379.1,0,0,0,0,0,0,392929.1,-2866.82,-2866.82,40000,390062.28,44766.5195,439701.0073,0.887107997
2018/6/27,350066,33912.9,0,0,0,0,0,0,383978.9,-2866.82,-2866.82,0,381112.08,0,439701.0073,0.866752802
2018/6/28,348046,33660.9,0,0,0,0,0,0,381706.9,-2866.82,-2866.82,0,378840.08,0,439701.0073,0.861585654
2018/6/29,357237,34845.3,0,0,0,0,0,0,392082.3,-2866.82,-2866.82,0,389215.48,0,439701.0073,0.885182143
2018/7/2,347743,34284.6,0,0,0,0,0,0,382027.6,-2866.82,-2866.82,0,379160.78,0,439701.0073,0.862315013
2018/7/3,346430,34643.7,0,0,0,0,0,0,381073.7,-2866.82,-2866.82,0,378206.88,0,439701.0073,0.860145585
2018/7/4,342794,34171.2,0,0,0,0,0,0,376965.2,-2866.82,-2866.82,0,374098.38,0,439701.0073,0.850801735
2018/7/5,339966,33264,0,0,0,0,0,0,373230,-2866.82,-2866.82,0,370363.18,0,439701.0073,0.842306872
2018/7/6,342895,33276.6,0,0,0,0,0,0,376171.6,-2866.82,-2866.82,0,373304.78,0,439701.0073,0.848996872
2018/7/9,352894,34133.4,0,0,0,0,0,0,387027.4,-2866.82,-2866.82,0,384160.58,0,439701.0073,0.873685922
2018/7/10,353803,34316.1,0,0,0,0,0,0,388119.1,-2866.82,-2866.82,0,385252.28,0,439701.0073,0.876168746
2018/7/11,347945,33667.2,0,0,0,0,0,0,381612.2,-2866.82,-2866.82,0,378745.38,0,439701.0073,0.861370281
2018/7/12,356328,34650,0,0,0,0,0,0,390978,-2866.82,-2866.82,0,388111.18,0,439701.0073,0.882670664
2018/7/13,356934,34738.2,0,0,0,0,0,0,391672.2,-2866.82,-2866.82,0,388805.38,0,439701.0073,0.884249464
2018/7/16,355419,34776,0,0,0,0,0,0,390195,-2866.82,-2866.82,0,387328.18,0,439701.0073,0.880889908
2018/7/17,353197,34656.3,0,0,0,0,0,0,387853.3,-2866.82,-2866.82,0,384986.48,0,439701.0073,0.875564244
2018/7/18,351581,34492.5,0,0,0,0,0,0,386073.5,-2866.82,-2866.82,0,383206.68,0,439701.0073,0.871516493
2018/7/19,371636.1,34202.7,0,0,0,0,0,0,405838.8,-2822.81,-2822.81,20000,403015.99,22948.50431,462649.5116,0.871104324
2018/7/20,378785,34624.8,0,0,0,0,0,0,413409.8,-2702.81,-2702.81,0,410706.99,0,462649.5116,0.887728139
2018/7/23,381239.1,34883.1,0,0,0,0,0,0,416122.2,-2447.81,-2447.81,0,413674.39,0,462649.5116,0.894142066
2018/7/24,388281.3,35469,0,0,0,0,0,0,423750.3,-2447.81,-2447.81,0,421302.49,0,462649.5116,0.910629925
2018/7/25,388174.6,35475.3,0,0,0,0,0,0,423649.9,-2447.81,-2447.81,0,421202.09,0,462649.5116,0.910412914
2018/7/26,383159.7,35267.4,0,0,0,0,0,0,418427.1,-2447.81,-2447.81,0,415979.29,0,462649.5116,0.899124023
2018/7/27,382199.4,35084.7,0,0,0,0,0,0,417284.1,-2447.81,-2447.81,0,414836.29,0,462649.5116,0.89665347
2018/7/30,380065.4,34555.5,0,0,0,0,0,0,414620.9,-2447.81,-2447.81,0,412173.09,0,462649.5116,0.890897061
2018/7/31,381452.5,34631.1,0,0,0,0,0,0,416083.6,-2447.81,-2447.81,0,413635.79,0,462649.5116,0.894058633
2018/8/1,372916.5,34089.3,0,0,0,0,0,0,407005.8,-2447.81,-2447.81,0,404557.99,0,462649.5116,0.8744373
2018/8/2,364593.9,33301.8,0,0,0,0,0,0,397895.7,-2447.81,-2447.81,0,395447.89,0,462649.5116,0.854746152
2018/8/3,359472.3,32980.5,0,0,0,0,0,0,392452.8,-2447.81,-2447.81,0,390004.99,0,462649.5116,0.842981523
2018/8/6,376075.2,32287.5,0,0,0,19215,0,0,427577.7,-2102.91,-2102.91,40000,425474.79,47450.62484,510100.1364,0.834100522
2018/8/7,386565.6,33087.6,0,0,0,19614,0,0,439267.2,-2102.91,-2102.91,0,437164.29,0,510100.1364,0.857016611
2018/8/8,380925.6,32665.5,0,0,0,19404,0,0,432995.1,-2102.91,-2102.91,0,430892.19,0,510100.1364,0.84472079
2018/8/9,390062.4,33490.8,0,0,0,19698,0,0,443251.2,-2102.91,-2102.91,0,441148.29,0,510100.1364,0.864826842
2018/8/10,390739.2,33629.4,0,0,0,19593,0,0,443961.6,-2102.91,-2102.91,0,441858.69,0,510100.1364,0.86621951
2018/8/13,410086.1,33837.3,0,0,0,19257,0,0,463180.4,-2818.62,-2818.62,20000,460361.78,23088.83577,533188.9722,0.863412043
2018/8/14,408302.6,33667.2,0,0,0,19194,0,0,461163.8,-2818.62,-2818.62,0,458345.18,0,533188.9722,0.859629895
2018/8/15,398552.8,32999.4,0,0,0,18858,0,0,450410.2,-2818.62,-2818.62,0,447591.58,0,533188.9722,0.839461435
2018/8/16,396888.2,32709.6,0,0,0,18900,0,0,448497.8,-2818.62,-2818.62,0,445679.18,0,533188.9722,0.835874715
2018/8/17,390824.3,32123.7,0,0,0,18774,0,0,441722,-2818.62,-2818.62,0,438903.38,0,533188.9722,0.82316665
2018/8/20,394985.8,32306.4,0,0,0,0,0,18938.4,446230.6,-2857.78,-2857.78,0,443372.82,0,533188.9722,0.831549119
2018/8/21,401763.1,32634,0,0,0,0,0,18886.4,453283.5,-2857.78,-2857.78,0,450425.72,0,533188.9722,0.844776887
2018/8/22,401049.7,32419.8,0,0,0,0,0,18865.6,452335.1,-2857.78,-2857.78,0,449477.32,0,533188.9722,0.842998155
2018/8/23,402238.7,32577.3,0,0,0,0,0,18896.8,453712.8,-2857.78,-2857.78,0,450855.02,0,533188.9722,0.845582042
2018/8/24,402833.2,32457.6,0,0,0,0,0,18865.6,454156.4,-2857.78,-2857.78,0,451298.62,0,533188.9722,0.846414017
2018/8/27,412939.7,33264,0,0,0,0,0,18938.4,465142.1,-2857.78,-2857.78,0,462284.32,0,533188.9722,0.867017782
2018/8/28,411750.7,33301.8,0,0,0,0,0,19104.8,464157.3,-2907.78,-2907.78,-50,461249.52,-57.66894411,533131.3033,0.865170582
2018/8/29,410205,33131.7,0,0,0,0,0,19156.8,462493.5,-2907.78,-2907.78,0,459585.72,0,533131.3033,0.862049775
2018/8/30,406162.4,32634,0,0,0,0,0,19240,458036.4,-2907.78,-2907.78,0,455128.62,0,533131.3033,0.853689546
2018/8/31,403071,32274.9,0,0,0,0,0,19177.6,454523.5,-2907.78,-2907.78,0,451615.72,0,533131.3033,0.847100362
2018/9/3,422198.4,32426.1,0,0,0,19656,0,19094.4,493374.9,-2530.16,-2530.16,40000,490844.74,47219.90663,580351.2099,0.845771891
2018/9/4,427190.4,32659.2,0,0,0,19845,0,19146.4,498841,-2530.16,-2530.16,0,496310.84,0,580351.2099,0.855190498
2018/9/5,418454.4,32237.1,0,20362.8,0,19425,0,19063.2,509542.5,-2899.07,-2899.07,20000,506643.43,23386.60223,603737.8121,0.839177901
2018/9/6,381595.2,32092.2,0,54087,0,19341,0,18990.4,506105.8,-2891.64,-2891.64,0,503214.16,0,603737.8121,0.833497836
2018/9/7,384120.8,32041.8,0,53416.5,0,19446,0,18938.4,507963.5,-2891.64,-2891.64,0,505071.86,0,603737.8121,0.836574834
2018/9/10,378610.4,31550.4,0,52373.5,0,19320,0,19021.6,500875.9,-2891.64,-2891.64,0,497984.26,0,603737.8121,0.824835301
2018/9/11,377232.8,31506.3,0,53267.5,0,19194,0,19084,500284.6,-2891.64,-2891.64,0,497392.96,0,603737.8121,0.823855902
2018/9/12,374592.4,31405.5,0,53863.5,0,19215,0,19177.6,498254,-2891.64,-2891.64,0,495362.36,0,603737.8121,0.820492522
2018/9/13,378610.4,31581.9,0,54832,0,19404,0,19125.6,503553.9,-2891.64,-2891.64,0,500662.26,0,603737.8121,0.829271001
2018/9/14,346154.4,31248,0,85724.8,0,19425,0,19240,501792.2,-2905.4,-2905.4,0,498886.8,0,603737.8121,0.826330221
2018/9/17,342905.6,30870,0,85002.4,0,19278,0,19240,497296,-2905.4,-2905.4,0,494390.6,0,603737.8121,0.818882949
2018/9/18,349508,31323.6,0,86447.2,0,19572,0,19094.4,505945.2,-2905.4,-2905.4,0,503039.8,0,603737.8121,0.833209035
2018/9/19,354224,31695.3,0,87651.2,0,19698,0,19188,512456.5,-2905.4,-2905.4,0,509551.1,0,603737.8121,0.843994015
2018/9/20,354014.4,31689,0,86326.8,0,19740,0,19250.4,511020.6,-2903.47,-2903.47,0,508117.13,0,603737.8121,0.841618861
2018/9/21,365123.2,32293.8,0,86808.4,0,20538,0,19396,524159.4,-2903.47,-2903.47,0,521255.93,0,603737.8121,0.863381288
2018/9/25,361455.2,32117.4,0,87290,0,20265,0,19333.6,520461.2,-2903.47,-2903.47,0,517557.73,0,603737.8121,0.857255782
2018/9/26,365437.6,32180.4,0,87290,0,20517,0,19437.6,524862.6,-2903.47,-2903.47,0,521959.13,0,603737.8121,0.864546032
2018/9/27,363865.6,31846.5,0,85845.2,0,20454,0,19281.6,521292.9,-2903.47,-2903.47,0,518389.43,0,603737.8121,0.858633366
2018/9/28,367638.4,32268.6,0,85965.6,0,20748,0,19323.2,525943.8,-2903.47,-2903.47,0,523040.33,0,603737.8121,0.866336876
2018/10/8,350136.8,31134.6,0,82955.6,0,19971,0,19146.4,503344.4,-2903.47,-2903.47,0,500440.93,0,603737.8121,0.828904402
2018/10/9,350870.4,31040.1,0,80908.8,0,19992,0,19219.2,502030.5,-2903.47,-2903.47,0,499127.03,0,603737.8121,0.826728126
2018/10/10,350660.8,31033.8,0,81631.2,0,20076,0,19271.2,502673,-2903.47,-2903.47,0,499769.53,0,603737.8121,0.82779233
2018/10/11,332635.2,28690.2,0,75129.6,0,19299,0,18335.2,474089.2,-2903.47,-2903.47,0,471185.73,0,603737.8121,0.780447606
2018/10/12,338818.4,28576.8,0,76574.4,0,19719,0,18460,482148.6,-2903.47,-2903.47,0,479245.13,0,603737.8121,0.793796778
2018/10/15,333892.8,28085.4,0,76213.2,0,19488,0,18293.6,475973,-2903.47,-2903.47,0,473069.53,0,603737.8121,0.783567834
2018/10/16,331692,27562.5,0,74888.8,0,19614,0,18366.4,472123.7,-2903.47,-2903.47,0,469220.23,0,603737.8121,0.777192054
2018/10/17,332844.8,27682.2,0,74888.8,0,19740,0,18740.8,473896.6,-2903.47,-2903.47,0,470993.13,0,603737.8121,0.780128593
2018/10/18,325508.8,27071.1,0,72962.4,0,19362,0,18647.2,463551.5,-2903.47,-2903.47,0,460648.03,0,603737.8121,0.762993506
2018/10/19,333788,27631.8,0,74527.6,0,19992,0,18532.8,474472.2,-2903.47,-2903.47,0,471568.73,0,603737.8121,0.781081987
2018/10/22,351394.4,29244.6,0,78500.8,0,20538,0,18522.4,498200.2,-2903.47,-2903.47,0,495296.73,0,603737.8121,0.820383816
2018/10/23,339552,28539,0,77296.8,0,20076,0,18252,483715.8,-2903.47,-2903.47,0,480812.33,0,603737.8121,0.796392607
2018/10/24,340076,28457.1,0,77296.8,0,20475,0,18252,484556.9,-2903.47,-2903.47,0,481653.43,0,603737.8121,0.797785761
2018/10/25,341752.8,28450.8,0,76213.2,0,20664,0,17815.2,484896,-2903.47,-2903.47,0,481992.53,0,603737.8121,0.798347429
2018/10/26,338294.4,28312.2,0,75972.4,0,20622,0,17867.2,481068.2,-2903.47,-2903.47,0,478164.73,0,603737.8121,0.792007259
2018/10/29,328128.8,27972,0,74888.8,0,20244,0,17763.2,468996.8,47096.53,47096.53,50000,516093.33,63130.73448,666868.5466,0.773905641
2018/10/30,332006.4,28230.3,0,75490.8,0,20517,0,17773.6,474018.1,47096.53,47096.53,0,521114.63,0,666868.5466,0.781435311
2018/10/31,335884,28658.7,0,76333.6,0,20559,0,18044,479479.3,47096.53,47096.53,0,526575.83,0,666868.5466,0.789624631
2018/11/1,338294.4,28860.3,0,77296.8,0,20454,0,18148,483053.5,47096.53,47096.53,0,530150.03,0,666868.5466,0.794984308
2018/11/2,352442.4,29925,0,79464,0,20895,0,18335.2,501061.6,47096.53,47096.53,0,548158.13,0,666868.5466,0.821988281
2018/11/5,347936,29773.8,0,79704.8,0,20601,0,18137.6,496153.2,47096.53,47096.53,0,543249.73,0,666868.5466,0.814627909
2018/11/6,345735.2,29830.5,0,79464,0,20496,0,18335.2,493860.9,47096.53,47096.53,0,540957.43,0,666868.5466,0.8111905
2018/11/7,342905.6,29547,0,78862,0,20391,0,18428.8,490134.4,47096.53,47096.53,0,537230.93,0,666868.5466,0.805602443
2018/11/8,342591.2,29351.7,0,77778.4,0,20559,0,18792.8,489073.1,47096.53,47096.53,0,536169.63,0,666868.5466,0.804010974
2018/11/9,338294.4,29364.3,0,77778.4,0,19929,0,18709.6,484075.7,97096.53,97096.53,50000,581172.23,62188.20587,729056.7525,0.797156364
2018/11/12,342067.2,30132.9,0,79464,0,19992,0,18688.8,490344.9,97096.53,97096.53,0,587441.43,0,729056.7525,0.80575542
2018/11/13,345630.4,30731.4,0,80066,0,20076,0,18293.6,494797.4,97096.53,97096.53,0,591893.93,0,729056.7525,0.811862627
2018/11/14,341438.4,30592.8,0,79464,0,19803,0,18304,489602.2,97096.53,97096.53,0,586698.73,0,729056.7525,0.804736707
2018/11/15,345944.8,31134.6,0,81510.8,0,19992,0,18148,496730.2,97096.53,97096.53,0,593826.73,0,729056.7525,0.814513723
2018/11/16,346992.8,31323.6,0,81390.4,0,19992,0,18189.6,497888.4,97096.53,97096.53,0,594984.93,0,729056.7525,0.816102351
2018/11/19,350870.4,31336.2,0,81510.8,0,20307,0,18241.6,502266,97096.53,97096.53,0,599362.53,0,729056.7525,0.822106822
2018/11/20,343220,30504.6,0,81029.2,0,19971,0,17981.6,492706.4,97096.53,97096.53,0,589802.93,0,729056.7525,0.808994537
2018/11/21,343534.4,30573.9,0,80908.8,0,19950,0,17721.6,492688.7,97096.53,97096.53,0,589785.23,0,729056.7525,0.808970259
2018/11/22,342591.2,30573.9,0,81029.2,0,19908,0,17711.2,491813.5,97096.53,97096.53,0,588910.03,0,729056.7525,0.807769804
2018/11/23,333683.2,29276.1,0,77778.4,0,19677,0,17669.6,478084.3,97096.53,97096.53,0,575180.83,0,729056.7525,0.788938348
2018/11/26,334207.2,29332.8,0,77778.4,0,19740,0,17711.2,478769.6,97096.53,97096.53,0,575866.13,0,729056.7525,0.78987833
2018/11/27,333892.8,29484,0,78741.6,0,19656,0,17836,479610.4,127096.53,127096.53,30000,606706.93,37980.53304,767037.2855,0.790974496
2018/11/28,338923.2,29918.7,0,79584.4,0,19782,0,17981.6,486189.9,127096.53,127096.53,0,613286.43,0,767037.2855,0.799552305
2018/11/29,335569.6,29313.9,0,78380.4,0,19719,0,18231.2,481214.1,127096.53,127096.53,0,608310.63,0,767037.2855,0.793065267
2018/11/30,339028,29477.7,0,78621.2,0,19824,0,18324.8,485275.7,127096.53,127096.53,0,612372.23,0,767037.2855,0.798360447
2018/12/3,347831.2,30416.4,0,80788.4,0,20181,0,18720,497937,127096.53,127096.53,0,625033.53,0,767037.2855,0.814867206
2018/12/4,348355.2,30536.1,0,80427.2,0,20244,0,18397.6,497960.1,127096.53,127096.53,0,625056.63,0,767037.2855,0.814897322
2018/12/5,346783.2,30334.5,0,79704.8,0,20118,0,18033.6,494974.1,127586.53,127586.53,0,622560.63,0,767037.2855,0.811643243
2018/12/6,339761.6,29679.3,0,79102.8,0,19908,0,17773.6,486225.3,127586.53,127586.53,0,613811.83,0,767037.2855,0.800237279
2018/12/7,339028,29685.6,0,78982.4,0,19845,0,17898.4,485439.4,127586.53,127586.53,0,613025.93,0,767037.2855,0.799212687
2018/12/10,335884,29320.2,0,77658,0,19698,0,17399.2,479959.4,127586.53,127586.53,0,607545.93,0,767037.2855,0.792068315
2018/12/11,337246.4,29635.2,0,78139.6,0,19677,0,17555.2,482253.4,127586.53,127586.53,0,609839.93,0,767037.2855,0.795059043
2018/12/12,338399.2,29565.9,0,77898.8,0,19698,0,17638.4,483200.3,127586.53,127586.53,0,610786.83,0,767037.2855,0.796293533
2018/12/13,344163.2,30006.9,0,78982.4,0,19866,0,17680,490698.5,127586.53,127586.53,0,618285.03,0,767037.2855,0.806069068
2018/12/14,357551.6,29358,0,77778.4,0,19635,0,17503.2,501826.2,148116.69,148116.69,40000,649942.89,49623.5392,816660.8247,0.79585413
2018/12/17,357108.4,29200.5,0,77658,0,19614,0,17357.6,500938.5,148116.69,148116.69,0,649055.19,0,816660.8247,0.794767142
2018/12/18,371774.4,28986.3,0,76935.6,0,19446,0,16983.2,514125.5,128874.92,128874.92,0,643000.42,0,816660.8247,0.787353085
2018/12/19,367920,28564.2,0,75731.6,0,19278,0,16941.6,508435.4,68874.92,68874.92,-60000,577310.32,-76204.69281,740456.1319,0.779668498
2018/12/20,365233.6,28740.6,0,75611.2,0,18942,0,16567.2,505094.6,68927.45,68927.45,0,574022.05,0,740456.1319,0.775227627
2018/12/21,360678.4,28589.4,0,74648,0,18690,0,16515.2,499121,68927.45,68927.45,0,568048.45,0,740456.1319,0.767160167
2018/12/24,361496,28835.1,0,75490.8,0,18690,0,16172,500683.9,68927.45,68927.45,0,569611.35,0,740456.1319,0.769270893
2018/12/25,359276.8,28457.1,0,75129.6,0,18606,0,15589.6,497059.1,68927.45,68927.45,0,565986.55,0,740456.1319,0.764375532
2018/12/26,357291.2,28356.3,0,74527.6,0,18564,0,15558.4,494297.5,68927.45,68927.45,0,563224.95,0,740456.1319,0.760645939
2018/12/27,356473.6,28003.5,0,74046,0,18648,0,16296.8,493467.9,68927.45,68927.45,0,562395.35,0,740456.1319,0.759525549
2018/12/28,357291.2,28041.3,0,74166.4,0,18753,0,16390.4,494642.3,68927.45,68927.45,0,563569.75,0,740456.1319,0.761111598
2019/1/2,352385.6,27776.7,0,74527.6,0,18459,0,16359.2,489508.1,68927.45,68927.45,0,558435.55,0,740456.1319,0.754177764
2019/1/3,412725.6,27707.4,0,76333.6,0,18585,0,16348.8,551700.4,68589.35,68589.35,60000,620289.75,79556.84038,820012.9723,0.756438948
2019/1/4,423259.2,28463.4,0,77778.4,0,19005,0,16328,564834,68589.35,68589.35,0,633423.35,0,820012.9723,0.77245528
2019/1/7,425037.6,28954.8,0,80788.4,0,18942,0,16712.8,570435.6,68589.35,68589.35,0,639024.95,0,820012.9723,0.779286391
2019/1/8,425037.6,28891.8,0,79584.4,0,18837,0,16900,569250.8,68589.35,68589.35,0,637840.15,0,820012.9723,0.777841536
2019/1/9,428184,28872.9,0,79102.8,0,19026,0,17045.6,572231.3,68589.35,68589.35,0,640820.65,0,820012.9723,0.781476235
2019/1/10,428594.4,28923.3,0,78621.2,0,18963,0,16858.4,571960.3,68589.35,68589.35,0,640549.65,0,820012.9723,0.781145752
2019/1/11,431740.8,29074.5,0,80066,0,19152,0,17004,577037.3,68589.35,68589.35,0,645626.65,0,820012.9723,0.787337118
2019/1/14,428047.2,28923.3,0,79223.2,0,19005,0,16858.4,572057.1,68589.35,68589.35,0,640646.45,0,820012.9723,0.781263799
2019/1/15,436118.4,29326.5,0,79945.6,0,19215,0,16962.4,581567.9,68589.35,68589.35,0,650157.25,0,820012.9723,0.792862152
2019/1/16,428047.2,29276.1,0,79343.6,0,19236,0,17056,572958.9,68589.35,68589.35,0,641548.25,0,820012.9723,0.782363538
2019/1/17,425721.6,29043,0,78380.4,0,19173,0,16972.8,569290.8,68589.35,68589.35,0,637880.15,0,820012.9723,0.777890316
2019/1/18,433108.8,29351.7,0,78982.4,0,19488,0,17295.2,578226.1,76660.55,76660.55,0,654886.65,0,820012.9723,0.798629622
2019/1/21,435434.4,29458.8,0,79464,0,19530,0,17451.2,581338.4,76660.55,76660.55,0,657998.95,0,820012.9723,0.80242505
2019/1/22,429962.4,29030.4,0,78260,0,19341,0,17388.8,573982.6,76660.55,76660.55,0,650643.15,0,820012.9723,0.793454704
2019/1/23,428868,29061.9,0,78380.4,0,19425,0,17253.6,572988.9,76660.55,76660.55,0,649649.45,0,820012.9723,0.792242894
2019/1/24,432151.2,29263.5,0,79343.6,0,19572,0,17264,577594.3,76660.55,76660.55,0,654254.85,0,820012.9723,0.797859146
2019/1/25,435434.4,29118.6,0,78862,0,19887,0,17316,580618,76660.55,76660.55,0,657278.55,0,820012.9723,0.801546527
2019/1/28,434887.2,29017.8,0,78500.8,0,19887,0,17253.6,579546.4,76660.55,76660.55,0,656206.95,0,820012.9723,0.800239718
2019/1/29,436802.4,28633.5,0,77056,0,20034,0,17160,579685.9,76660.55,76660.55,0,656346.45,0,820012.9723,0.800409838
2019/1/30,433929.6,28425.6,0,77176.4,0,19950,0,17149.6,576631.2,76660.55,76660.55,0,653291.75,0,820012.9723,0.796684653
2019/1/31,438033.6,28242.9,0,76574.4,0,20307,0,17357.6,580515.5,76660.55,76660.55,0,657176.05,0,820012.9723,0.801421529
2019/2/1,445284,29093.4,0,78260,0,20349,0,17586.4,590572.8,76660.55,76660.55,0,667233.35,0,820012.9723,0.813686335
2019/2/11,451440,29723.4,0,79825.2,0,20349,0,17659.2,598996.8,76660.55,76660.55,0,675657.35,0,820012.9723,0.823959343
2019/2/12,454723.2,29880.9,0,80547.6,0,20349,0,17773.6,603274.3,76660.55,76660.55,0,679934.85,0,820012.9723,0.829175724
2019/2/13,464162.4,30429,0,82233.2,0,20643,0,17960.8,615428.4,76660.55,76660.55,0,692088.95,0,820012.9723,0.843997563
2019/2/14,464709.6,30555,0,82353.6,0,20496,0,18002.4,616116.6,76660.55,76660.55,0,692777.15,0,820012.9723,0.844836818
2019/2/15,457048.8,30340.8,0,81631.2,0,20118,0,17888,607026.8,76660.55,76660.55,0,683687.35,0,820012.9723,0.833751871
2019/2/18,470318.4,31537.8,0,85002.4,0,20517,0,18179.2,625554.8,76660.55,76660.55,0,702215.35,0,820012.9723,0.856346636
2019/2/19,469087.2,31399.2,0,86206.4,0,20475,0,18179.2,625347,76660.55,76660.55,0,702007.55,0,820012.9723,0.856093225
2019/2/20,470318.4,31336.2,0,85604.4,0,20559,0,18064.8,625882.8,76660.55,76660.55,0,702543.35,0,820012.9723,0.856746629
2019/2/21,469771.2,31367.7,0,84641.2,0,20412,0,18137.6,624329.7,76660.55,76660.55,0,700990.25,0,820012.9723,0.854852635
2019/2/22,482356.8,32356.8,0,86567.6,0,20685,0,18085.6,640051.8,76660.55,76660.55,0,716712.35,0,820012.9723,0.874025624
2019/2/25,516420,34517.7,0,92106,0,22029,0,18096,683168.7,76660.55,76660.55,0,759829.25,0,820012.9723,0.926606378
2019/2/26,504792,34057.8,0,90300,0,21567,0,18023.2,668740,76660.55,76660.55,0,745400.55,0,820012.9723,0.909010681
2019/2/27,502056,33786.9,0,91744.8,0,21882,0,18012.8,667482.5,76660.55,76660.55,0,744143.05,0,820012.9723,0.907477168
2019/2/28,501098.4,33818.4,0,91383.6,0,21756,0,17971.2,666027.6,76660.55,76660.55,0,742688.15,0,820012.9723,0.905702928
2019/3/1,399218.4,34221.6,0,91865.2,0,22470,0,18127.2,565902.4,187327.34,187327.34,0,753229.74,0,820012.9723,0.918558322
2019/3/4,403383.6,34687.8,0,93189.6,0,22596,0,18200,572057,187327.34,187327.34,0,759384.34,0,820012.9723,0.926063813
2019/3/5,406801.2,35695.8,0,95236.4,0,22533,0,18064.8,578331.2,187327.34,187327.34,0,765658.54,0,820012.9723,0.933715156
2019/3/6,409578,36395.1,0,95958.8,0,22659,0,18044,582634.9,187327.34,187327.34,0,769962.24,0,820012.9723,0.938963487
2019/3/7,405092.4,36691.2,0,94995.6,0,22281,0,17898.4,576958.6,187327.34,187327.34,0,764285.94,0,820012.9723,0.93204128
2019/3/8,390994.8,35481.6,0,92346.8,0,21420,0,17773.6,558016.8,187327.34,187327.34,0,745344.14,0,820012.9723,0.908941889
2019/3/11,396228,36779.4,0,95718,0,21525,0,17846.4,568096.8,187327.34,187327.34,0,755424.14,0,820012.9723,0.921234377
2019/3/12,398898,37377.9,0,99330,0,21588,0,18085.6,575279.5,187327.34,187327.34,0,762606.84,0,820012.9723,0.929993629
2019/3/13,396548.4,36495.9,0,96922,0,21588,0,18064.8,569619.1,187327.34,187327.34,0,756946.44,0,820012.9723,0.923090811
2019/3/14,393664.8,35645.4,0,94273.2,0,21567,0,18231.2,563381.6,187327.34,187327.34,0,750708.94,0,820012.9723,0.915484224
2019/3/15,398898,36036,0,94152.8,0,21693,0,18252,569031.8,187327.34,187327.34,0,756359.14,0,820012.9723,0.922374603
2019/3/18,411180,37188.9,0,95958.8,0,22071,0,18314.4,584713.1,187327.34,187327.34,0,772040.44,0,820012.9723,0.941497837
2019/3/19,408189.6,37119.6,0,97283.2,0,21903,0,18397.6,582893,187327.34,187327.34,0,770220.34,0,820012.9723,0.939278238
2019/3/20,408189.6,37125.9,0,95838.4,0,21924,0,18356,581433.9,187412.4,187412.4,0,768846.3,0,820012.9723,0.937602606
2019/3/21,408403.2,37535.4,0,96440.4,0,21840,0,18189.6,582408.6,187412.4,187412.4,0,769821,0,820012.9723,0.938791246
2019/3/22,408937.2,37938.6,0,96922,0,21735,0,18512,584044.8,187412.4,187412.4,0,771457.2,0,820012.9723,0.94078658
2019/3/25,398791.2,37390.5,0,101256.4,0,21231,0,18096,576765.1,187412.4,187412.4,0,764177.5,0,820012.9723,0.931909038
2019/3/26,394626,36269.1,0,96320,0,21126,0,18200,566541.1,187412.4,187412.4,0,753953.5,0,820012.9723,0.919440942
2019/3/27,398043.6,36716.4,0,95116,0,21315,0,18335.2,569526.2,187412.4,187412.4,0,756938.6,0,820012.9723,0.923081251
2019/3/28,396975.6,36199.8,0,94754.8,0,21168,0,18200,567298.2,187412.4,187412.4,0,754710.6,0,820012.9723,0.92036422
2019/3/29,413209.2,37434.6,0,98607.6,0,21819,0,18324.8,589395.2,187412.4,187412.4,0,776807.6,0,820012.9723,0.947311355
2019/4/1,423889.2,38915.1,0,103544,0,22197,0,18480.8,607026.1,187412.4,187412.4,0,794438.5,0,820012.9723,0.968812113
2019/4/2,423141.6,38883.6,0,103544,0,22239,0,18595.2,606403.4,187412.4,187412.4,0,793815.8,0,820012.9723,0.968052734
2019/4/3,428802,39337.2,0,104386.8,0,22449,0,18699.2,613674.2,187412.4,187412.4,0,801086.6,0,820012.9723,0.976919423
2019/4/4,433821.6,39696.3,0,104627.6,0,22806,0,18688.8,619640.3,187412.4,187412.4,0,807052.7,0,820012.9723,0.98419504
2019/4/8,431044.8,39249,0,102580.8,0,22932,0,18917.6,614724.2,187412.4,187412.4,0,802136.6,0,820012.9723,0.978199891
2019/4/9,433608,39419.1,0,102219.6,0,22743,0,18834.4,616824.1,187412.4,187412.4,0,804236.5,0,820012.9723,0.980760704
2019/4/10,434248.8,39324.6,0,101858.4,0,22638,0,18699.2,616769,187412.4,187412.4,0,804181.4,0,820012.9723,0.98069351
2019/4/11,426772.8,38656.8,0,99691.2,0,22428,0,18782.4,606331.2,187412.4,187412.4,0,793743.6,0,820012.9723,0.967964687
2019/4/12,425277.6,38556,0,99450.4,0,22512,0,18813.6,604609.6,187412.4,187412.4,0,792022,0,820012.9723,0.965865208
2019/4/15,422607.6,38045.7,0,99209.6,0,22596,0,18876,601334.9,187412.4,187412.4,0,788747.3,0,820012.9723,0.961871735
2019/4/16,435423.6,38946.6,0,100654.4,0,23478,0,18980,617482.6,187412.4,187412.4,0,804895,0,820012.9723,0.98156374
2019/4/17,434355.6,39015.9,0,100774.8,0,23352,0,18928,616426.3,187412.4,187412.4,0,803838.7,0,820012.9723,0.98027559
2019/4/18,433608,38883.6,0,101738,0,23163,0,18782.4,616175,187412.4,187412.4,0,803587.4,0,820012.9723,0.979969131
2019/4/19,440016,39217.5,0,101376.8,0,23373,0,18886.4,622869.7,187412.4,187412.4,0,810282.1,0,820012.9723,0.98813327
2019/4/22,429015.6,38574.9,0,100293.2,0,22722,0,18886.4,609492.1,187412.4,187412.4,0,796904.5,0,820012.9723,0.971819382
2019/4/23,428268,37850.4,0,96922,0,22743,0,18938.4,604721.8,187412.4,187412.4,0,792134.2,0,820012.9723,0.966002035
2019/4/24,428908.8,38222.1,0,97644.4,0,22827,0,19115.2,606717.5,187412.4,187412.4,0,794129.9,0,820012.9723,0.968435777
2019/4/25,420044.4,36861.3,0,93550.8,0,22554,0,19104.8,592115.3,187412.4,187412.4,0,779527.7,0,820012.9723,0.950628498
2019/4/26,414277.2,36521.1,0,93310,0,22218,0,19125.6,585451.9,187412.4,187412.4,0,772864.3,0,820012.9723,0.942502529
2019/4/29,415879.2,35620.2,0,90540.8,0,22554,0,19271.2,583865.4,187412.4,187412.4,0,771277.8,0,820012.9723,0.940567803
2019/4/30,416092.8,35733.6,0,91383.6,0,22659,0,19323.2,585192.2,187412.4,187412.4,0,772604.6,0,820012.9723,0.942185826
2019/5/6,392276.4,33100.2,0,84400.4,0,22008,0,19021.6,550806.6,187412.4,187412.4,0,738219,0,820012.9723,0.900252831
2019/5/7,395907.6,33390,0,85363.6,0,21987,0,19229.6,555877.8,187412.4,187412.4,0,743290.2,0,820012.9723,0.906437124
2019/5/8,412735.2,33245.1,0,85845.2,0,21651,0,18886.4,572362.9,165337.78,165337.78,0,737700.68,0,820012.9723,0.899620744
2019/5/9,406869.6,33005.7,0,86086,0,21189,0,18886.4,566036.7,165337.78,165337.78,0,731374.48,0,820012.9723,0.891905988
2019/5/10,419616,34120.8,0,89938.8,0,21651,0,18896.8,584223.4,165337.78,165337.78,0,749561.18,0,820012.9723,0.914084539
2019/5/13,312246,33623.1,0,189627.4,0,21336,0,18990.4,575822.9,164762.58,164762.58,0,740585.48,0,820012.9723,0.903138737
2019/5/14,310707,33490.8,0,188087.8,0,21273,0,18761.6,572320.2,164762.58,164762.58,0,737082.78,0,820012.9723,0.898867219
2019/5/15,317376,34158.6,0,190140.6,0,21630,0,18917.6,582222.8,164762.58,164762.58,0,746985.38,0,820012.9723,0.910943369
2019/5/16,318915,34467.3,0,192706.6,0,21630,0,18917.6,586636.5,164762.58,164762.58,0,751399.08,0,820012.9723,0.916325845
2019/5/17,311733,33390,0,186804.8,0,21357,0,19156.8,572441.6,164762.58,164762.58,0,737204.18,0,820012.9723,0.899015266
2019/5/20,308313,33138,0,190397.2,0,21378,0,19146.4,572372.6,164762.58,164762.58,0,737135.18,0,820012.9723,0.89893112
2019/5/21,312160.5,33692.4,0,192706.6,0,21546,0,19063.2,579168.7,164762.58,164762.58,0,743931.28,0,820012.9723,0.907218916
2019/5/22,311391,33585.3,0,191680.2,0,21462,0,19104.8,577223.3,164762.58,164762.58,0,741985.88,0,820012.9723,0.904846515
2019/5/23,306432,32936.4,0,189370.8,0,21336,0,18969.6,569044.8,164762.58,164762.58,0,733807.38,0,820012.9723,0.894872892
2019/5/24,306945,32753.7,0,184495.4,0,21483,0,18865.6,564542.7,164762.58,164762.58,0,729305.28,0,820012.9723,0.889382613
2019/5/27,310621.5,33465.6,0,191167,0,21546,0,18876,575676.1,164762.58,164762.58,0,740438.68,0,820012.9723,0.902959715
2019/5/28,312075,33396.3,0,190397.2,0,21546,0,18938.4,576352.9,164762.58,164762.58,0,741115.48,0,820012.9723,0.903785068
2019/5/29,312246,33408.9,0,191167,0,21483,0,18636.8,576941.7,164762.58,164762.58,0,741704.28,0,820012.9723,0.904503106
2019/5/30,312075,33308.1,0,189627.4,0,21462,0,18605.6,575078.1,164762.58,164762.58,0,739840.68,0,820012.9723,0.902230459
2019/5/31,310536,33144.3,0,189627.4,0,21399,0,18449.6,573156.3,164762.58,164762.58,0,737918.88,0,820012.9723,0.899886837
2019/6/3,311220,32886,0,187831.2,0,21441,0,18272.8,571651,164762.58,164762.58,0,736413.58,0,820012.9723,0.898051134
2019/6/4,308398.5,32445,0,183982.2,0,21441,0,18335.2,564601.9,164762.58,164762.58,0,729364.48,0,820012.9723,0.889454807
2019/6/5,307714.5,32331.6,0,182955.8,0,21567,0,18751.2,563320.1,164762.58,164762.58,0,728082.68,0,820012.9723,0.887891661
2019/6/6,305064,31607.1,0,179106.8,0,21525,0,18865.6,556168.5,164762.58,164762.58,0,720931.08,0,820012.9723,0.879170336
2019/6/10,308997,31941,0,180646.4,0,21840,0,19312.8,562737.2,164762.58,164762.58,0,727499.78,0,820012.9723,0.887180819
2019/6/11,318658.5,33264,0,186291.6,0,22113,0,19323.2,579650.3,164762.58,164762.58,0,744412.88,0,820012.9723,0.907806224
2019/6/12,253381.5,32911.2,0,183982.2,171478,22050,0,19208.8,683011.7,61592.73,61592.73,0,744604.43,0,820012.9723,0.908039818
2019/6/13,252902,33018.3,0,183982.2,169818,21987,0,19208.8,680916.3,61592.73,61592.73,0,742509.03,0,820012.9723,0.905484492
2019/6/14,251395,32520.6,0,182955.8,164174,21924,0,19302.4,672271.8,61592.73,61592.73,0,733864.53,0,820012.9723,0.894942586
2019/6/17,229562.5,32508,0,181159.6,162348,22071,0,19333.6,646982.7,83606.12,83606.12,0,730588.82,0,820012.9723,0.890947881
2019/6/18,230062.5,32432.4,0,179620,160854,22155,0,19302.4,644426.3,3606.12,3606.12,-80000,648032.42,-89792.00884,730220.9634,0.887447023
2019/6/19,233437.5,32848.2,0,182955.8,166996,22449,0,19468.8,658155.3,3606.12,3606.12,0,661761.42,0,730220.9634,0.906248181
2019/6/20,240187.5,33534.9,0,186548.2,169154,23016,0,19572.8,672013.4,3706.52,3706.52,0,675719.92,0,730220.9634,0.925363628
2019/6/21,240625,33969.6,0,189884,172142,22869,0,19562.4,679052,3706.52,3706.52,0,682758.52,0,730220.9634,0.935002628
2019/6/24,241000,33963.3,0,189114.2,172142,22806,0,19614.4,678639.9,3706.52,3706.52,0,682346.42,0,730220.9634,0.934438278
2019/6/25,238562.5,33629.4,0,188087.8,169320,22344,0,19531.2,671474.9,3706.52,3706.52,0,675181.42,0,730220.9634,0.92462618
2019/6/26,238625,33623.1,0,190910.4,170482,22260,0,19375.2,675275.7,3706.52,3706.52,0,678982.22,0,730220.9634,0.92983118
2019/6/27,241250,33912.9,0,191680.2,174798,22512,0,19448,683601.1,3706.52,3706.52,0,687307.62,0,730220.9634,0.941232386
2019/6/28,241187.5,33591.6,0,189370.8,171478,22407,0,19406.4,677441.3,3706.52,3706.52,0,681147.82,0,730220.9634,0.932796858
2019/7/1,247125,34517.7,0,193989.6,178948,22722,0,19874.4,697176.7,3706.52,3706.52,0,700883.22,0,730220.9634,0.959823471
2019/7/2,247500,34398,0,195785.8,175960,22638,0,19791.2,696073,3706.52,3706.52,0,699779.52,0,730220.9634,0.958312011
2019/7/3,245437.5,34202.7,0,198095.2,173470,22617,0,19853.6,693676,3706.52,3706.52,0,697382.52,0,730220.9634,0.955029443
2019/7/4,243812.5,34057.8,0,200661.2,171478,22617,0,20020,692646.5,3706.52,3706.52,0,696353.02,0,730220.9634,0.953619596
2019/7/5,245062.5,34227.9,0,199634.8,173304,22638,0,19988.8,694856,3706.52,3706.52,0,698562.52,0,730220.9634,0.956645392
2019/7/8,239437.5,33018.3,0,192450,165668,22197,0,19874.4,672645.2,3706.52,3706.52,0,676351.72,0,730220.9634,0.926228846
2019/7/9,238875,33056.1,0,192963.2,166830,22092,0,19780.8,673597.1,3706.52,3706.52,0,677303.62,0,730220.9634,0.927532424
2019/7/10,238937.5,32867.1,0,191936.8,168822,22029,0,19843.2,674435.6,3706.52,3706.52,0,678142.12,0,730220.9634,0.928680706
2019/7/11,239000,32879.7,0,191936.8,166830,22113,0,20020,672779.5,3706.52,3706.52,0,676486.02,0,730220.9634,0.926412763
2019/7/12,240937.5,33030.9,0,191680.2,167162,22407,0,20103.2,675320.8,3706.52,3706.52,0,679027.32,0,730220.9634,0.929892942
2019/7/15,241812.5,33396.3,0,196299,171312,22428,0,20196.8,685444.6,3706.52,3706.52,0,689151.12,0,730220.9634,0.943756965
2019/7/16,240812.5,33478.2,0,196812.2,172142,22302,0,20144.8,685691.7,3706.52,3706.52,0,689398.22,0,730220.9634,0.944095355
2019/7/17,0,33415.2,0,196812.2,176126,22239,0,20020,448612.4,244884.14,244884.14,0,693496.54,0,730220.9634,0.949707794
2019/7/18,0,32942.7,0,193476.4,172806,22260,0,19832.8,441317.9,-35115.86,-35115.86,-280000,406202.04,-294827.5268,435393.4366,0.932953981
2019/7/19,0,33144.3,0,194502.8,174134,22554,0,20040.8,444375.9,-35115.86,-35115.86,0,409260.04,0,435393.4366,0.939977514
2019/7/22,0,32514.3,0,190140.6,171644,22491,0,19947.2,436737.1,-35115.86,-35115.86,0,401621.24,0,435393.4366,0.922432922
2019/7/23,0,32753.7,0,193219.8,176790,22491,0,20030.4,445284.9,-35115.86,-35115.86,0,410169.04,0,435393.4366,0.942065281
2019/7/24,0,33062.4,0,196042.4,181604,22617,0,20124,453449.8,-35115.86,-35115.86,0,418333.94,0,435393.4366,0.960818204
2019/7/25,0,33219.9,0,197068.8,184758,22974,0,20228,458248.7,-35115.86,-35115.86,0,423132.84,0,435393.4366,0.97184019
2019/7/26,0,33295.5,0,199634.8,184260,22932,0,20165.6,460287.9,-35115.86,-35115.86,0,425172.04,0,435393.4366,0.97652377
2019/7/29,0,33264,0,199891.4,186418,22953,0,20269.6,462796,-35115.86,-35115.86,0,427680.14,0,435393.4366,0.982284307
2019/7/30,0,33459.3,0,199891.4,184426,23058,0,20269.6,461104.3,-35115.86,-35115.86,0,425988.44,0,435393.4366,0.978398855
2019/7/31,0,33377.4,0,200404.6,185588,22827,0,20248.8,462445.8,-35115.86,-35115.86,0,427329.94,0,435393.4366,0.981479977
2019/8/1,0,33144.3,0,198095.2,184592,22701,0,20030.4,458562.9,-35115.86,-35115.86,0,423447.04,0,435393.4366,0.972561836
2019/8/2,0,32697,0,194246.2,182600,22428,0,19978.4,451949.6,-35115.86,-35115.86,0,416833.74,0,435393.4366,0.957372585
2019/8/5,0,32344.2,0,193989.6,180110,21987,0,19968,448398.8,-35115.86,-35115.86,0,413282.94,0,435393.4366,0.949217203
2019/8/6,0,31581.9,0,189627.4,175462,21777,0,19552,438000.3,-35115.86,-35115.86,0,402884.44,0,435393.4366,0.925334206
2019/8/7,0,31443.3,0,186291.6,171644,21735,0,19676.8,430790.7,-35115.86,-35115.86,0,395674.84,0,435393.4366,0.90877539
2019/8/8,0,31619.7,0,190140.6,177288,22092,0,19812,440952.3,-35115.86,-35115.86,0,405836.44,0,435393.4366,0.932114281
2019/8/9,0,31323.6,0,186548.2,173968,22050,0,20061.6,433951.4,-35115.86,-35115.86,0,398835.54,0,435393.4366,0.916034801
2019/8/12,0,31890.6,0,189370.8,181770,22344,0,20103.2,445478.6,-35115.86,-35115.86,0,410362.74,0,435393.4366,0.942510166
2019/8/13,0,31682.7,0,188601,180276,22050,0,19791.2,442400.9,-35018.36,-35018.36,0,407382.54,0,435393.4366,0.935665322
2019/8/14,0,31827.6,0,190910.4,181272,22008,0,19957.6,445975.6,-35018.36,-35018.36,0,410957.24,0,435393.4366,0.943875597
2019/8/15,0,31978.8,0,190910.4,184924,21987,0,19552,449352.2,-35018.36,-35018.36,0,414333.84,0,435393.4366,0.951630882
2019/8/16,0,32073.3,0,191167,186086,21945,0,19593.6,450864.9,-35018.36,-35018.36,0,415846.54,0,435393.4366,0.955105211
2019/8/19,0,33257.7,0,196812.2,195880,22050,0,19926.4,467926.3,-35018.36,-35018.36,0,432907.94,0,435393.4366,0.994291378
2019/8/20,0,33119.1,0,197582,194884,22008,0,20020,467613.1,-35018.36,-35018.36,0,432594.74,0,435393.4366,0.993572029
2019/8/21,0,33175.8,0,197068.8,197042,21924,0,19884.8,469095.4,-35018.36,-35018.36,0,434077.04,0,435393.4366,0.996976535
2019/8/22,0,33213.6,0,200148,196378,21861,0,20061.6,471662.2,4981.64,4981.64,40000,476643.84,40121.30534,475514.7419,1.002374475
2019/8/23,0,33232.5,0,198865,194386,22092,0,20155.2,468730.7,4981.64,4981.64,0,473712.34,0,475514.7419,0.996209577
2019/8/26,0,32999.4,0,198351.8,194552,21714,0,19749.6,467366.8,4981.64,4981.64,0,472348.44,0,475514.7419,0.993341317
2019/8/27,0,33490.8,0,202457.4,199034,21945,0,19999.2,476926.4,4981.64,4981.64,0,481908.04,0,475514.7419,1.013445005
2019/8/28,0,33478.2,0,202970.6,198204,21672,0,19947.2,476272,4981.64,4981.64,0,481253.64,0,475514.7419,1.012068812
2019/8/29,0,33572.7,0,203483.8,201192,21546,0,0,459794.5,224995.63,224995.63,200000,684790.13,197615.0214,673129.7634,1.017322613
2019/8/30,260617.5,33295.5,0,207589.4,151267.5,21567,0,0,674336.9,14993.32,14993.32,15.92,689330.22,15.64891981,673145.4123,1.024043553
2019/9/2,263520,34070.4,0,217853.4,157368,21714,0,0,694525.8,16830.31,16830.31,1836.99,711356.11,1793.859249,674939.2716,1.053955726
2019/9/3,263790,34259.4,0,218366.6,161476.5,0,0,0,677892.5,38516.8,38516.8,0,716409.3,0,674939.2716,1.061442607
2019/9/4,267097.5,34769.7,0,216827,164464.5,0,0,0,683158.7,38516.8,38516.8,0,721675.5,0,674939.2716,1.069245087
2019/9/5,269595,34990.2,0,108926.7,109975,0,0,0,523486.9,203324.78,203324.78,735.52,726811.68,687.8871917,675627.1587,1.075758531
2019/9/6,271417.5,35091,0,54891,109809,0,0,0,471208.5,257793.43,257793.43,0,729001.93,0,675627.1587,1.079000334
2019/9/9,272497.5,35758.8,0,55404.6,116200,0,0,0,479860.9,257793.43,257793.43,0,737654.33,0,675627.1587,1.091806806
2019/9/10,271755,35727.3,0,54634.2,56730.5,0,0,0,418847,314797.32,314797.32,0,733644.32,0,675627.1587,1.085871565
2019/9/11,29977.5,0,0,54120.6,28225.6,0,0,0,112323.7,633795.26,633795.26,15567.3,746118.96,14336.22585,689963.3846,1.081389211
2019/9/12,30285,0,0,54313.2,28371.2,0,0,0,112969.4,633795.26,633795.26,0,746764.66,0,689963.3846,1.082325058
2019/9/16,30180,0,0,53992.2,28600,0,0,0,112772.2,633795.26,633795.26,0,746567.46,0,689963.3846,1.082039245
2019/9/17,29632.5,0,0,52387.2,27684.8,0,0,0,109704.5,633795.26,633795.26,0,743499.76,0,689963.3846,1.077593067
2019/9/18,29760,0,0,52066.2,27643.2,0,0,0,109469.4,633795.26,633795.26,0,743264.66,0,689963.3846,1.077252325
2019/9/19,29902.5,0,0,52965,98503,0,0,0,181370.5,564176.18,564176.18,0,745546.68,0,689963.3846,1.080559776
2019/9/20,29947.5,0,0,52258.8,101019.5,0,0,0,183225.8,564191.87,564191.87,0,747417.67,0,689963.3846,1.083271499
2019/9/23,29685,0,0,52194.6,103967.4,0,0,0,185847,564191.87,564191.87,0,750038.87,0,689963.3846,1.087070541
2019/9/24,29707.5,0,0,52066.2,104111.2,0,0,0,185884.9,564191.87,564191.87,0,750076.77,0,689963.3846,1.087125472
2019/9/25,29505,0,0,51039,98862.5,0,0,0,179406.5,564191.87,564191.87,0,743598.37,0,689963.3846,1.077735988
2019/9/26,29302.5,0,0,0,0,0,0,0,29302.5,708323.72,708323.72,0,737626.22,0,689963.3846,1.069080239
2019/9/27,29370,0,0,0,0,0,0,0,29370,708323.72,708323.72,0,737693.72,0,689963.3846,1.06917807
2019/9/30,29017.5,0,0,0,0,0,0,0,29017.5,708323.72,708323.72,0,737341.22,0,689963.3846,1.068667173
2019/10/8,29205,0,0,0,0,0,0,0,29205,708323.72,708323.72,0,737528.72,0,689963.3846,1.068938927
2019/10/9,29287.5,0,0,0,0,0,0,0,29287.5,708323.72,708323.72,0,737611.22,0,689963.3846,1.069058499
2019/10/10,29497.5,0,0,0,0,0,0,0,29497.5,708323.72,708323.72,0,737821.22,0,689963.3846,1.069362863
2019/10/11,29857.5,0,0,0,0,0,0,0,29857.5,708323.72,708323.72,0,738181.22,0,689963.3846,1.069884629
2019/10/14,30075,0,59650,0,0,0,58500,0,148225,589137.97,589137.97,0,737362.97,0,689963.3846,1.068698697
2019/10/15,29977.5,0,59500,0,0,0,57840,0,147317.5,489137.97,489137.97,-100000,636455.47,-93571.74318,596391.6414,1.067177046
2019/10/16,29872.5,0,120200,0,0,0,57420,0,207492.5,428919.91,428919.91,0,636412.41,0,596391.6414,1.067104845
2019/10/17,29917.5,0,120100,0,25400,0,57300,0,232717.5,403492.28,403492.28,0,636209.78,0,596391.6414,1.066765085
2019/10/18,29482.5,0,120300,0,24800,0,55920,0,230502.5,403492.28,403492.28,0,633994.78,0,596391.6414,1.063051082
2019/10/21,29550,0,118100,0,24840,0,55380,0,227870,403492.28,403492.28,0,631362.28,0,596391.6414,1.058637037
2019/10/22,29662.5,0,120600,0,25320,0,55680,0,231262.5,403492.28,403492.28,0,634754.78,0,596391.6414,1.064325413
2019/10/23,29505,0,117600,0,25100,0,55140,0,227345,403492.28,403492.28,0,630837.28,0,596391.6414,1.057756743
2019/10/24,29542.5,0,175500,0,24940,0,83250,0,313232.5,317196.39,317196.39,0,630428.89,0,596391.6414,1.057071975
2019/10/25,29722.5,0,176550,0,25300,0,84330,0,315902.5,317196.39,317196.39,0,633098.89,0,596391.6414,1.061548898
2019/10/28,29895,0,239400,0,91560,0,85500,0,446355,192208.9,192208.9,0,638563.9,0,596391.6414,1.070712357
2019/10/29,29797.5,0,238200,0,89250,0,83790,0,441037.5,192208.9,192208.9,0,633246.4,0,596391.6414,1.061796236
2019/10/30,29602.5,0,235200,0,91350,0,82890,0,439042.5,262208.9,262208.9,70000,701251.4,65926.02011,662317.6615,1.058784086
2019/10/31,29587.5,0,238000,0,91280,0,82800,0,441667.5,262208.9,262208.9,0,703876.4,0,662317.6615,1.062747441
2019/11/1,30195,0,241000,0,91770,0,83970,0,446935,262208.9,262208.9,0,709143.9,0,662317.6615,1.070700573
2019/11/4,30292.5,0,244200,0,92890,0,84060,0,451442.5,242208.9,242208.9,-20000,693651.4,-18679.35863,643638.3029,1.07770373
2019/11/5,30465,0,244400,0,94150,0,85230,0,454245,242208.9,242208.9,0,696453.9,0,643638.3029,1.082057884
2019/11/6,30337.5,0,242200,0,91980,0,84330,0,448847.5,242208.9,242208.9,0,691056.4,0,643638.3029,1.073671963
2019/11/7,30375,0,244400,0,92400,0,84690,0,451865,242208.9,242208.9,0,694073.9,0,643638.3029,1.078360155
2019/11/8,30255,0,243000,0,92680,0,83520,0,449455,242208.9,242208.9,0,691663.9,0,643638.3029,1.074615816
2019/11/11,29752.5,0,237800,0,90300,0,81990,0,439842.5,242208.9,242208.9,0,682051.4,0,643638.3029,1.059681186
2019/11/12,29715,0,238600,0,89740,0,82170,0,440225,242208.9,242208.9,0,682433.9,0,643638.3029,1.060275464
2019/11/13,29692.5,0,240800,0,93450,0,81450,0,445392.5,242208.9,242208.9,0,687601.4,0,643638.3029,1.068304041
2019/11/14,29715,0,243400,0,96110,0,40815,0,410040,282876.7,282876.7,0,692916.7,0,643638.3029,1.076562251
2019/11/15,29572.5,0,242600,0,95480,0,40320,0,407972.5,282876.7,282876.7,0,690849.2,0,643638.3029,1.073350043
2019/11/18,29782.5,0,242600,0,95340,0,40815,0,408537.5,362876.7,362876.7,80000,771414.2,74533.00117,718171.3041,1.074136763
2019/11/19,30082.5,0,247800,0,96740,0,41130,0,415752.5,362876.7,362876.7,0,778629.2,0,718171.3041,1.084183113
2019/11/20,29775,0,247200,0,95480,0,40500,0,412955,362876.7,362876.7,0,775831.7,0,718171.3041,1.080287803
2019/11/21,29625,0,246000,0,95340,0,40500,0,411465,362876.7,362876.7,0,774341.7,0,718171.3041,1.078213089
2019/11/22,29310,0,235400,0,93030,0,40455,0,398195,362876.7,362876.7,0,761071.7,0,718171.3041,1.059735603
2019/11/25,29520,0,232200,0,89040,0,40635,0,391395,362876.7,362876.7,0,754271.7,0,718171.3041,1.05026711
2019/11/26,29565,0,231000,0,89740,0,40455,0,390760,362876.7,362876.7,0,753636.7,0,718171.3041,1.04938292
2019/11/27,29520,0,231600,0,93590,0,40275,0,394985,362876.7,362876.7,0,757861.7,0,718171.3041,1.055265917
2019/11/28,29475,0,232600,0,93100,0,40275,0,395450,362876.7,362876.7,0,758326.7,0,718171.3041,1.055913395
2019/11/29,29152.5,0,227800,0,93380,0,40410,0,390742.5,362876.7,362876.7,0,753619.2,0,718171.3041,1.049358552
2019/12/2,29212.5,0,224000,0,95970,0,40680,0,389862.5,362876.7,362876.7,0,752739.2,0,718171.3041,1.048133218
2019/12/3,29332.5,0,112400,0,239360,0,40950,0,422042.5,336702.33,336702.33,0,758744.83,0,718171.3041,1.05649561
2019/12/4,29347.5,0,113600,0,353250,0,40815,0,537012.5,223708.44,223708.44,0,760720.94,0,718171.3041,1.059247196
2019/12/5,29565,0,115100,0,359500,0,41445,0,545610,223708.44,223708.44,0,769318.44,0,718171.3041,1.071218574
2019/12/6,29745,0,115500,0,368250,0,41670,0,555165,223708.44,223708.44,0,778873.44,0,718171.3041,1.084523199
2019/12/9,29647.5,0,113800,0,372750,0,41580,0,557777.5,223708.44,223708.44,0,781485.94,0,718171.3041,1.08816091
2019/12/10,29670,0,115300,0,483525,0,41535,0,670030,124098.57,124098.57,0,794128.57,0,718171.3041,1.10576483
2019/12/11,29250,0,115200,0,480060,0,41580,0,666090,124098.57,124098.57,0,790188.57,0,718171.3041,1.100278674
2019/12/12,29167.5,0,115400,0,495180,0,41355,0,681102.5,124098.57,124098.57,0,805201.07,0,718171.3041,1.121182461
2019/12/13,29760,0,117500,0,497385,0,43065,0,687710,124563.57,124563.57,0,812273.57,0,718171.3041,1.13103039
2019/12/16,29850,0,118000,0,505890,0,43605,0,697345,124563.57,124563.57,0,821908.57,0,718171.3041,1.144446409
2019/12/17,30315,0,118900,0,504945,0,44955,0,699115,124563.57,124563.57,0,823678.57,0,718171.3041,1.146911002
