,持仓金额,账面现金,基金申赎,总资产,份额确认,基金份额,基金净值
2017-12-11,0.0,0.0,0.0,0.0,0.0,0.0,1.0
2017-12-12,0.0,0.0,0.0,0.0,0.0,0.0,1.0
2017-12-13,0.0,0.0,0.0,0.0,0.0,0.0,1.0
2017-12-14,141133.4,0.0,140833.97,141133.4,140833.97,140833.97,1.0021261205659402
2017-12-15,139265.0,0.0,0.0,139265.0,0.0,140833.97,0.9888594349786489
2017-12-18,139299.6,0.0,0.0,139299.6,0.0,140833.97,0.9891051143413766
2017-12-19,141133.4,0.0,0.0,141133.4,0.0,140833.97,1.0021261205659402
2017-12-20,140822.0,0.0,0.0,140822.0,0.0,140833.97,0.9999150063013916
2017-12-21,142552.0,0.0,0.0,142552.0,0.0,140833.97,1.0121989744377724
2017-12-22,141894.6,0.0,0.0,141894.6,0.0,140833.97,1.0075310665459478
2017-12-25,141237.19999999998,0.0,0.0,141237.19999999998,0.0,140833.97,1.0028631586541228
2017-12-26,141652.4,0.0,0.0,141652.4,0.0,140833.97,1.0058113110068543
2017-12-27,139299.6,0.0,0.0,139299.6,0.0,140833.97,0.9891051143413766
2017-12-28,140579.8,0.0,0.0,140579.8,0.0,140833.97,0.9981952507622982
2017-12-29,141029.6,0.0,0.0,141029.6,0.0,140833.97,1.0013890824777574
2018-01-02,143105.6,0.0,0.0,143105.6,0.0,140833.97,1.0161298442414142
2018-01-03,163825.2,40.409999999999854,20000.0,163865.61000000002,19682.523954338616,160516.49395433863,1.0208646224643687
2018-01-04,164337.40000000002,40.409999999999854,0.0,164377.81000000003,0.0,160516.49395433863,1.0240555718016107
2018-01-05,164967.80000000002,40.409999999999854,0.0,165008.21000000002,0.0,160516.49395433863,1.0279828940628315
2018-01-08,165637.59999999998,40.409999999999854,0.0,165678.00999999998,0.0,160516.49395433863,1.0321556739653783
2018-01-09,166977.2,40.409999999999854,0.0,167017.61000000002,0.0,160516.49395433863,1.040501233770473
2018-01-10,167686.40000000002,40.409999999999854,0.0,167726.81000000003,0.0,160516.49395433863,1.0449194713143466
2018-01-11,167450.0,40.409999999999854,0.0,167490.41,0.0,160516.49395433863,1.0434467254663886
2018-01-12,168356.19999999998,40.409999999999854,0.0,168396.61,0.0,160516.49395433863,1.0490922512168934
2018-01-15,168041.0,40.409999999999854,0.0,168081.41,0.0,160516.49395433863,1.0471285900862832
2018-01-16,169735.19999999998,40.409999999999854,0.0,169775.61,0.0,160516.49395433863,1.0576832686633142
2018-01-17,169223.0,40.409999999999854,0.0,169263.41,0.0,160516.49395433863,1.0544923193260722
2018-01-18,190212.00000000003,144.04000000000087,20000.0,190356.04000000004,18966.47290212795,179482.96685646658,1.0605799722055447
2018-01-19,190740.0,144.04000000000087,0.0,190884.04,0.0,179482.96685646658,1.0635217555360055
2018-01-22,193160.0,144.04000000000087,0.0,193304.04,0.0,179482.96685646658,1.0770049291339507
2018-01-23,193072.0,144.04000000000087,0.0,193216.04,0.0,179482.96685646658,1.0765146319122072
2018-01-24,193204.0,144.04000000000087,0.0,193348.04,0.0,179482.96685646658,1.0772500777448224
2018-01-25,191972.00000000003,2168.040000000001,0.0,194140.04000000004,0.0,179482.96685646658,1.0816627527405138
2018-01-26,192940.0,2168.040000000001,0.0,195108.04,0.0,179482.96685646658,1.0870560221796917
2018-01-29,189287.99999999997,2168.040000000001,0.0,191456.03999999998,0.0,179482.96685646658,1.0667086874773377
2018-01-30,187352.0,2168.040000000001,0.0,189520.04,0.0,179482.96685646658,1.0559221485989816
2018-01-31,187924.0,22168.04,20000.0,210092.04,18940.79030971781,198423.7571661844,1.0588048679273983
2018-02-01,206536.70000000004,2093.0200000000004,0.0,208629.72000000003,0.0,198423.7571661844,1.0514351858848632
2018-02-02,247511.79999999996,-2602.59,35000.0,244909.20999999996,33287.83406705647,231711.59123324088,1.0569570934993682
2018-02-05,247247.7,-2602.59,0.0,244645.11000000002,0.0,231711.59123324088,1.055817314524159
2018-02-06,239608.19999999998,-2602.59,0.0,237005.61,0.0,231711.59123324088,1.0228474490144523
2018-02-07,234879.7,-2602.59,0.0,232277.11000000002,0.0,231711.59123324088,1.0024406149202518
2018-02-08,233606.49999999997,-2602.59,0.0,231003.90999999997,0.0,231711.59123324088,0.9969458531207938
2018-02-09,223141.7,-2602.59,0.0,220539.11000000002,0.0,231711.59123324088,0.9517828125309681
2018-02-12,247002.0,-2774.2400000000016,20000.0,244227.76,21013.197272197285,252724.78850543816,0.9663783336977436
2018-02-13,249768.39999999997,-2774.2400000000016,0.0,246994.15999999997,0.0,252724.78850543816,0.9773246283464003
2018-02-14,251780.90000000002,-2774.2400000000016,0.0,249006.66000000003,0.0,252724.78850543816,0.9852878361183864
2018-02-22,256994.50000000003,-2774.2400000000016,0.0,254220.26000000004,0.0,252724.78850543816,1.0059173914177781
2018-02-23,258237.00000000006,-2774.2400000000016,0.0,255462.76000000007,0.0,252724.78850543816,1.0108338066509175
2018-02-26,262091.9,-2774.2400000000016,0.0,259317.66,0.0,252724.78850543816,1.0260871580249438
2018-02-27,258729.09999999998,-2774.2400000000016,0.0,255954.86,0.0,252724.78850543816,1.01278098406438
2018-02-28,256531.8,-2774.2400000000016,0.0,253757.56,0.0,252724.78850543816,1.004086546083071
2018-03-01,258642.99999999997,-2774.2400000000016,0.0,255868.75999999998,0.0,252724.78850543816,1.012440297262309
2018-03-02,256992.40000000002,-2774.2400000000016,0.0,254218.16000000003,0.0,252724.78850543816,1.0059090819835812
2018-03-05,256456.89999999997,-2774.2400000000016,0.0,253682.65999999997,0.0,252724.78850543816,1.003790176263383
2018-03-06,260232.7,-2774.2400000000016,0.0,257458.46000000002,0.0,252724.78850543816,1.0187305389493282
2018-03-07,258069.7,-2774.2400000000016,0.0,255295.46000000002,0.0,252724.78850543816,1.0101718217265678
2018-03-08,260645.00000000003,-2774.2400000000016,0.0,257870.76000000004,0.0,252724.78850543816,1.0203619578633107
2018-03-09,262810.10000000003,17225.76,20000.0,280035.86000000004,19600.8875535511,272325.67605898925,1.028312365005717
2018-03-12,263904.2,17225.76,0.0,281129.96,0.0,272325.67605898925,1.0323299810301532
2018-03-13,261337.3,17225.76,0.0,278563.06,0.0,272325.67605898925,1.0229041346055803
2018-03-14,260053.50000000003,17225.76,0.0,277279.26,0.0,272325.67605898925,1.0181899261674383
2018-03-15,301725.89999999997,-2780.0400000000045,20000.0,298945.86,19642.70072409954,291968.3767830888,1.0238980785994334
2018-03-16,298632.6,-2780.0400000000045,0.0,295852.56,0.0,291968.3767830888,1.0133034380630779
2018-03-19,300191.5,-2780.0400000000045,0.0,297411.46,0.0,291968.3767830888,1.0186427149298949
2018-03-20,300083.0,-2776.0300000000043,0.0,297306.97,0.0,291968.3767830888,1.0182848337060741
2018-03-21,298411.39999999997,-2776.0300000000043,0.0,295635.36999999994,0.0,291968.3767830888,1.0125595561317775
2018-03-22,296111.9,-2776.0300000000043,0.0,293335.87,0.0,291968.3767830888,1.0046837031872364
2018-03-23,286427.4,-2776.0300000000043,0.0,283651.37,0.0,291968.3767830888,0.9715140150631186
2018-03-26,286049.4,-2776.0300000000043,0.0,283273.37,0.0,291968.3767830888,0.9702193543051119
2018-03-27,289167.2,-2776.0300000000043,0.0,286391.17,0.0,291968.3767830888,0.9808979080387454
2018-03-28,283681.3,-2776.0300000000043,0.0,280905.26999999996,0.0,291968.3767830888,0.9621085444081915
2018-03-29,288556.1,-2776.0300000000043,0.0,285780.06999999995,0.0,291968.3767830888,0.9788048731466343
2018-03-30,288703.10000000003,-2776.0300000000043,0.0,285927.07,0.0,291968.3767830888,0.9793083523303038
2018-04-02,287818.3,-2776.0300000000043,0.0,285042.26999999996,0.0,291968.3767830888,0.976277887148599
2018-04-03,285904.5,-2776.0300000000043,0.0,283128.47,0.0,291968.3767830888,0.9697230676812091
2018-04-04,304949.5,-2802.0400000000027,20000.0,302147.46,20624.444923047748,312592.8217061365,0.9665847678487127
2018-04-09,305357.0,-2802.0400000000027,0.0,302554.96,0.0,312592.8217061365,0.9678883806373106
2018-04-10,310833.2,-2802.0400000000027,0.0,308031.16000000003,0.0,312592.8217061365,0.9854070170861926
2018-04-11,311247.0,-2802.0400000000027,0.0,308444.96,0.0,312592.8217061365,0.9867307838884546
2018-04-12,308207.89999999997,-2802.0400000000027,0.0,305405.86,0.0,312592.8217061365,0.9770085516778345
2018-04-13,306215.3,-2802.0400000000027,0.0,303413.26,0.0,312592.8217061365,0.9706341250703253
2018-04-16,321673.49999999994,-2567.970000000003,20000.0,319105.5299999999,20605.086389839158,333197.9080959757,0.9577056825581373
2018-04-17,316812.0,-2567.970000000003,0.0,314244.02999999997,0.0,333197.9080959757,0.9431152548217194
2018-04-18,317833.2,-2567.970000000003,0.0,315265.23,0.0,333197.9080959757,0.9461800999938742
2018-04-19,321949.5,-2567.970000000003,0.0,319381.52999999997,0.0,333197.9080959757,0.9585340190911523
2018-04-20,316878.3,-2567.970000000003,0.0,314310.32999999996,0.0,333197.9080959757,0.9433142356628023
2018-04-23,317641.8,-2567.970000000003,0.0,315073.82999999996,0.0,333197.9080959757,0.9456056666155442
2018-04-24,324314.7,-2567.970000000003,0.0,321746.73,0.0,333197.9080959757,0.9656325030327704
2018-04-25,322648.2,-2567.970000000003,0.0,320080.23,0.0,333197.9080959757,0.9606309710317952
2018-04-26,316311.00000000006,-2567.970000000003,0.0,313743.03,0.0,333197.9080959757,0.9416116439411384
2018-04-27,317073.89999999997,-2567.970000000003,0.0,314505.92999999993,0.0,333197.9080959757,0.9439012741622866
2018-05-02,317862.3,-2567.970000000003,0.0,315294.32999999996,0.0,333197.9080959757,0.9462674354761593
2018-05-03,319870.50000000006,-2567.970000000003,0.0,317302.53,0.0,333197.9080959757,0.9522944841196389
2018-05-04,318511.5,-2567.970000000003,0.0,315943.52999999997,0.0,333197.9080959757,0.9482158270603377
2018-05-07,323787.60000000003,-2567.970000000003,0.0,321219.63,0.0,333197.9080959757,0.9640505603278715
2018-05-08,327681.60000000003,-2567.970000000003,0.0,325113.63,0.0,333197.9080959757,0.975737308369754
2018-05-09,326709.0,-2567.970000000003,0.0,324141.02999999997,0.0,333197.9080959757,0.9728183224566735
2018-05-10,328799.4,-2567.970000000003,0.0,326231.43,0.0,333197.9080959757,0.9790920713284639
2018-05-11,346919.7,-2770.8300000000036,20000.0,344148.87,20427.088100982528,353624.99619695824,0.9732028948777129
2018-05-14,349426.89999999997,-2770.8300000000036,0.0,346656.06999999995,0.0,353624.99619695824,0.9802928914191439
2018-05-15,350994.39999999997,-2770.8300000000036,0.0,348223.56999999995,0.0,353624.99619695824,0.9847255531847362
2018-05-16,348356.0,-2770.8300000000036,0.0,345585.17,0.0,353624.99619695824,0.9772645421465617
2018-05-17,345487.1,-2770.8300000000036,0.0,342716.26999999996,0.0,353624.99619695824,0.9691517106701291
2018-05-18,349069.69999999995,-2770.8300000000036,0.0,346298.86999999994,0.0,353624.99619695824,0.979282781828924
2018-05-21,351023.7,-2770.8300000000036,0.0,348252.87,0.0,353624.99619695824,0.9848084093185366
2018-05-22,349918.69999999995,-2770.8300000000036,0.0,347147.86999999994,0.0,353624.99619695824,0.9816836302110534
2018-05-23,365364.1000000001,-2848.850000000004,20000.0,362515.2500000001,20373.162375846252,373998.1585728045,0.969296884731669
2018-05-24,362618.6,-2848.850000000004,0.0,359769.75,0.0,373998.1585728045,0.961955939496866
2018-05-25,361328.9,-2848.850000000004,0.0,358480.05000000005,0.0,373998.1585728045,0.9585075267963289
2018-05-28,363281.3,-2848.850000000004,0.0,360432.45,0.0,373998.1585728045,0.9637278733548532
2018-05-29,359747.9,-2848.850000000004,0.0,356899.05000000005,0.0,373998.1585728045,0.9542802332555447
2018-05-30,352775.6,-2848.850000000004,0.0,349926.75,0.0,373998.1585728045,0.9356376280977902
2018-05-31,359644.9,-2848.850000000004,0.0,356796.05000000005,0.0,373998.1585728045,0.954004830830054
2018-06-01,357000.6,-2848.850000000004,0.0,354151.75,0.0,373998.1585728045,0.9469344751628207
2018-06-04,360120.79999999993,-2848.850000000004,0.0,357271.94999999995,0.0,373998.1585728045,0.955277296988219
2018-06-05,383466.6,-2776.0300000000043,20000.0,380690.56999999995,20936.329234511948,394934.4878073164,0.9639334668228167
2018-06-06,382800.89999999997,-2776.0300000000043,0.0,380024.86999999994,0.0,394934.4878073164,0.9622478708048645
2018-06-07,382503.30000000005,-2776.0300000000043,0.0,379727.27,0.0,394934.4878073164,0.9614943281055368
2018-06-08,377462.39999999997,-2776.0300000000043,0.0,374686.36999999994,0.0,394934.4878073164,0.9487304390160141
2018-06-11,378126.29999999993,-2776.0300000000043,0.0,375350.2699999999,0.0,394934.4878073164,0.9504114773160266
2018-06-12,381843.6,-2776.0300000000043,0.0,379067.56999999995,0.0,394934.4878073164,0.9598239244807161
2018-06-13,377809.80000000005,-2776.0300000000043,0.0,375033.77,0.0,394934.4878073164,0.9496100785783345
2018-06-14,376849.80000000005,-2776.0300000000043,0.0,374073.77,0.0,394934.4878073164,0.9471792956772768
2018-06-15,375650.1,-2776.0300000000043,0.0,372874.06999999995,0.0,394934.4878073164,0.944141576670611
2018-06-19,361670.7,-2776.0300000000043,0.0,358894.67,0.0,394934.4878073164,0.9087448199132718
2018-06-20,361973.1,-2773.7000000000044,0.0,359199.39999999997,0.0,394934.4878073164,0.909516416239771
2018-06-21,358671.0,-2773.7000000000044,0.0,355897.3,0.0,394934.4878073164,0.9011552826797892
2018-06-22,360547.2,-2773.7000000000044,0.0,357773.5,0.0,394934.4878073164,0.9059059440120438
2018-06-25,355657.5,-2773.7000000000044,0.0,352883.8,0.0,394934.4878073164,0.8935249032294378
2018-06-26,392929.1,-2866.820000000007,40000.0,390062.27999999997,44766.51949534849,439701.0073026649,0.8871079973021383
2018-06-27,383978.9,-2866.820000000007,0.0,381112.08,0.0,439701.0073026649,0.8667528017229771
2018-06-28,381706.9,-2866.820000000007,0.0,378840.08,0.0,439701.0073026649,0.8615856541334422
2018-06-29,392082.3,-2866.820000000007,0.0,389215.48,0.0,439701.0073026649,0.8851821431741375
2018-07-02,382027.6,-2866.820000000007,0.0,379160.77999999997,0.0,439701.0073026649,0.8623150133904685
2018-07-03,381073.7,-2866.820000000007,0.0,378206.88,0.0,439701.0073026649,0.8601455846555842
2018-07-04,376965.19999999995,-2866.820000000007,0.0,374098.37999999995,0.0,439701.0073026649,0.8508017352402655
2018-07-05,373230.0,-2866.820000000007,0.0,370363.18,0.0,439701.0073026649,0.8423068718263437
2018-07-06,376171.6,-2866.820000000007,0.0,373304.77999999997,0.0,439701.0073026649,0.848996872420259
2018-07-09,387027.4,-2866.820000000007,0.0,384160.58,0.0,439701.0073026649,0.8736859220692345
2018-07-10,388119.1,-2866.820000000007,0.0,385252.27999999997,0.0,439701.0073026649,0.8761687455830968
2018-07-11,381612.2,-2866.820000000007,0.0,378745.38,0.0,439701.0073026649,0.8613702805081214
2018-07-12,390978.0,-2866.820000000007,0.0,388111.18,0.0,439701.0073026649,0.8826706638241713
2018-07-13,391672.2,-2866.820000000007,0.0,388805.38,0.0,439701.0073026649,0.8842494639371357
2018-07-16,390194.99999999994,-2866.820000000007,0.0,387328.17999999993,0.0,439701.0073026649,0.8808899082948551
2018-07-17,387853.3,-2866.820000000007,0.0,384986.48,0.0,439701.0073026649,0.8755642438976661
2018-07-18,386073.50000000006,-2866.820000000007,0.0,383206.68000000005,0.0,439701.0073026649,0.8715164933343502
2018-07-19,405838.80000000005,-2822.8100000000086,20000.0,403015.99000000005,22948.504305961727,462649.51160862664,0.8711043238729863
2018-07-20,413409.8,-2702.8100000000086,0.0,410706.99,0.0,462649.51160862664,0.8877281391089701
2018-07-23,416122.19999999995,-2447.8100000000086,0.0,413674.38999999996,0.0,462649.51160862664,0.8941420656895523
2018-07-24,423750.3,-2447.8100000000086,0.0,421302.49,0.0,462649.51160862664,0.9106299248758233
2018-07-25,423649.89999999997,-2447.8100000000086,0.0,421202.08999999997,0.0,462649.51160862664,0.9104129139475053
2018-07-26,418427.10000000003,-2447.8100000000086,0.0,415979.29000000004,0.0,462649.51160862664,0.899124022748117
2018-07-27,417284.1,-2447.8100000000086,0.0,414836.29,0.0,462649.51160862664,0.896653470048243
2018-07-30,414620.89999999997,-2447.8100000000086,0.0,412173.08999999997,0.0,462649.51160862664,0.8908970606429027
2018-07-31,416083.6,-2447.8100000000086,0.0,413635.79,0.0,462649.51160862664,0.8940586332011752
2018-08-01,407005.8,-2447.8100000000086,0.0,404557.99,0.0,462649.51160862664,0.8744373004812149
2018-08-02,397895.69999999995,-2447.8100000000086,0.0,395447.88999999996,0.0,462649.51160862664,0.854746152492483
2018-08-03,392452.8,-2447.8100000000086,0.0,390004.99,0.0,462649.51160862664,0.8429815231922703
2018-08-06,427577.69999999995,-2102.910000000007,40000.0,425474.7899999999,47450.62483519779,510100.13644382445,0.8341005218430401
2018-08-07,439267.19999999995,-2102.910000000007,0.0,437164.2899999999,0.0,510100.13644382445,0.8570166105966986
2018-08-08,432995.1,-2102.910000000007,0.0,430892.18999999994,0.0,510100.13644382445,0.8447207895374728
2018-08-09,443251.2,-2102.910000000007,0.0,441148.29,0.0,510100.13644382445,0.8648268417951739
2018-08-10,443961.6,-2102.910000000007,0.0,441858.68999999994,0.0,510100.13644382445,0.8662195095269501
2018-08-13,463180.39999999997,-2818.6200000000063,20000.0,460361.77999999997,23088.835774343355,533188.9722181679,0.8634120433601752
2018-08-14,461163.8,-2818.6200000000063,0.0,458345.18,0.0,533188.9722181679,0.8596298946191565
2018-08-15,450410.19999999995,-2818.6200000000063,0.0,447591.57999999996,0.0,533188.9722181679,0.8394614354793078
2018-08-16,448497.8,-2818.6200000000063,0.0,445679.18,0.0,533188.9722181679,0.835874714636144
2018-08-17,441722.0,-2818.6200000000063,0.0,438903.38,0.0,533188.9722181679,0.8231666498541375
2018-08-20,446230.6,-2857.780000000006,0.0,443372.81999999995,0.0,533188.9722181679,0.8315491187964456
2018-08-21,453283.5,-2857.780000000006,0.0,450425.72,0.0,533188.9722181679,0.8447768867501948
2018-08-22,452335.1,-2857.780000000006,0.0,449477.31999999995,0.0,533188.9722181679,0.8429981552883371
2018-08-23,453712.8,-2857.780000000006,0.0,450855.01999999996,0.0,533188.9722181679,0.8455820421873264
2018-08-24,454156.39999999997,-2857.780000000006,0.0,451298.61999999994,0.0,533188.9722181679,0.8464140173839522
2018-08-27,465142.10000000003,-2857.780000000006,0.0,462284.32,0.0,533188.9722181679,0.8670177818509806
2018-08-28,464157.3,-2907.780000000006,-50.0,461249.51999999996,-57.66894410545526,533131.3032740623,0.8651705821199722
2018-08-29,462493.5,-2907.780000000006,0.0,459585.72,0.0,533131.3032740623,0.86204977493836
2018-08-30,458036.4,-2907.780000000006,0.0,455128.62,0.0,533131.3032740623,0.8536895455302796
2018-08-31,454523.5,-2907.780000000006,0.0,451615.72,0.0,533131.3032740623,0.8471003620056459
2018-09-03,493374.9,-2530.160000000007,40000.0,490844.74,47219.906629827885,580351.2099038903,0.8457718905786151
2018-09-04,498841.00000000006,-2530.160000000007,0.0,496310.84,0.0,580351.2099038903,0.8551904976336522
2018-09-05,509542.5,-2899.070000000007,20000.0,506643.43,23386.602231129596,603737.8121350198,0.8391779010964023
2018-09-06,506105.8,-2891.6400000000067,0.0,503214.16,0.0,603737.8121350198,0.8334978361227129
2018-09-07,507963.5,-2891.6400000000067,0.0,505071.86,0.0,603737.8121350198,0.8365748340556908
2018-09-10,500875.9,-2891.6400000000067,0.0,497984.26,0.0,603737.8121350198,0.8248353010041898
2018-09-11,500284.6,-2891.6400000000067,0.0,497392.95999999996,0.0,603737.8121350198,0.8238559023511403
2018-09-12,498253.99999999994,-2891.6400000000067,0.0,495362.3599999999,0.0,603737.8121350198,0.82049252182538
2018-09-13,503553.9,-2891.6400000000067,0.0,500662.26,0.0,603737.8121350198,0.829271001313451
2018-09-14,501792.19999999995,-2905.4000000000087,0.0,498886.79999999993,0.0,603737.8121350198,0.82633022145121
2018-09-17,497296.0,-2905.4000000000087,0.0,494390.6,0.0,603737.8121350198,0.8188829489603586
2018-09-18,505945.2,-2905.4000000000087,0.0,503039.8,0.0,603737.8121350198,0.8332090352616514
2018-09-19,512456.5,-2905.4000000000087,0.0,509551.1,0.0,603737.8121350198,0.843994014882149
2018-09-20,511020.60000000003,-2903.470000000009,0.0,508117.13,0.0,603737.8121350198,0.8416188613450052
2018-09-21,524159.4,-2903.470000000009,0.0,521255.93,0.0,603737.8121350198,0.8633812882394493
2018-09-25,520461.2,-2903.470000000009,0.0,517557.73,0.0,603737.8121350198,0.8572557815614396
2018-09-26,524862.6000000001,-2903.470000000009,0.0,521959.13000000006,0.0,603737.8121350198,0.8645460322489611
2018-09-27,521292.89999999997,-2903.470000000009,0.0,518389.42999999993,0.0,603737.8121350198,0.8586333663064778
2018-09-28,525943.7999999999,-2903.470000000009,0.0,523040.3299999999,0.0,603737.8121350198,0.8663368758540293
2018-10-08,503344.4,-2903.470000000009,0.0,500440.93,0.0,603737.8121350198,0.828904401780423
2018-10-09,502030.5,-2903.470000000009,0.0,499127.02999999997,0.0,603737.8121350198,0.8267281259640158
2018-10-10,502673.0,-2903.470000000009,0.0,499769.52999999997,0.0,603737.8121350198,0.8277923296416485
2018-10-11,474089.2,-2903.470000000009,0.0,471185.73,0.0,603737.8121350198,0.7804476057806101
2018-10-12,482148.6,-2903.470000000009,0.0,479245.12999999995,0.0,603737.8121350198,0.7937967779510581
2018-10-15,475973.00000000006,-2903.470000000009,0.0,473069.53,0.0,603737.8121350198,0.7835678343999478
2018-10-16,472123.7,-2903.470000000009,0.0,469220.23,0.0,603737.8121350198,0.777192053518529
2018-10-17,473896.6,-2903.470000000009,0.0,470993.12999999995,0.0,603737.8121350198,0.7801285931295407
2018-10-18,463551.50000000006,-2903.470000000009,0.0,460648.03,0.0,603737.8121350198,0.7629935060237386
2018-10-19,474472.2,-2903.470000000009,0.0,471568.73,0.0,603737.8121350198,0.7810819871168487
2018-10-22,498200.2,-2903.470000000009,0.0,495296.73,0.0,603737.8121350198,0.8203838156971887
2018-10-23,483715.8,-2903.470000000009,0.0,480812.32999999996,0.0,603737.8121350198,0.7963926067504137
2018-10-24,484556.89999999997,-2903.470000000009,0.0,481653.42999999993,0.0,603737.8121350198,0.797785761167934
2018-10-25,484896.0,-2903.470000000009,0.0,481992.52999999997,0.0,603737.8121350198,0.7983474288209851
2018-10-26,481068.2,-2903.470000000009,0.0,478164.73,0.0,603737.8121350198,0.7920072594244989
2018-10-29,468996.80000000005,47096.52999999999,50000.0,516093.33,63130.734478787235,666868.5466138071,0.7739056409551685
2018-10-30,474018.1,47096.52999999999,0.0,521114.62999999995,0.0,666868.5466138071,0.7814353108211366
2018-10-31,479479.30000000005,47096.52999999999,0.0,526575.8300000001,0.0,666868.5466138071,0.7896246309318702
2018-11-01,483053.5,47096.52999999999,0.0,530150.03,0.0,666868.5466138071,0.794984307914911
2018-11-02,501061.60000000003,47096.52999999999,0.0,548158.13,0.0,666868.5466138071,0.8219882805740515
2018-11-05,496153.19999999995,47096.52999999999,0.0,543249.73,0.0,666868.5466138071,0.8146279094410543
2018-11-06,493860.9,47096.52999999999,0.0,540957.43,0.0,666868.5466138071,0.8111905003570008
2018-11-07,490134.39999999997,47096.52999999999,0.0,537230.9299999999,0.0,666868.5466138071,0.805602442532228
2018-11-08,489073.0999999999,47096.52999999999,0.0,536169.6299999999,0.0,666868.5466138071,0.8040109744604632
2018-11-09,484075.69999999995,97096.53,50000.0,581172.23,62188.205868151024,729056.7524819581,0.7971563640573813
2018-11-12,490344.89999999997,97096.53,0.0,587441.4299999999,0.0,729056.7524819581,0.8057554202744145
2018-11-13,494797.4,97096.53,0.0,591893.93,0.0,729056.7524819581,0.811862626585641
2018-11-14,489602.2,97096.53,0.0,586698.73,0.0,729056.7524819581,0.8047367067140894
2018-11-15,496730.19999999995,97096.53,0.0,593826.73,0.0,729056.7524819581,0.8145137233533755
2018-11-16,497888.4,97096.53,0.0,594984.93,0.0,729056.7524819581,0.8161023513937264
2018-11-19,502266.0,97096.53,0.0,599362.53,0.0,729056.7524819581,0.8221068222186617
2018-11-20,492706.39999999997,97096.53,0.0,589802.9299999999,0.0,729056.7524819581,0.8089945371085439
2018-11-21,492688.7,97096.53,0.0,589785.23,0.0,729056.7524819581,0.8089702591631854
2018-11-22,491813.5,97096.53,0.0,588910.03,0.0,729056.7524819581,0.8077698039215043
2018-11-23,478084.29999999993,97096.53,0.0,575180.83,0.0,729056.7524819581,0.7889383481352967
2018-11-26,478769.5999999999,97096.53,0.0,575866.1299999999,0.0,729056.7524819581,0.7898783298276231
2018-11-27,479610.4,127096.53,30000.0,606706.93,37980.533035444794,767037.2855174029,0.790974495575854
2018-11-28,486189.9,127096.53,0.0,613286.43,0.0,767037.2855174029,0.7995523054479801
2018-11-29,481214.10000000003,127096.53,0.0,608310.63,0.0,767037.2855174029,0.7930652674721878
2018-11-30,485275.7,127096.53,0.0,612372.23,0.0,767037.2855174029,0.7983604468287692
2018-12-03,497937.0,127096.53,0.0,625033.53,0.0,767037.2855174029,0.8148672063293316
2018-12-04,497960.1,127096.53,0.0,625056.63,0.0,767037.2855174029,0.814897322205621
2018-12-05,494974.0999999999,127586.53,0.0,622560.6299999999,0.0,767037.2855174029,0.8116432431052596
2018-12-06,486225.29999999993,127586.53,0.0,613811.83,0.0,767037.2855174029,0.8002372786688653
2018-12-07,485439.4,127586.53,0.0,613025.93,0.0,767037.2855174029,0.7992126870162316
2018-12-10,479959.4,127586.53,0.0,607545.93,0.0,767037.2855174029,0.7920683146324257
2018-12-11,482253.4000000001,127586.53,0.0,609839.93,0.0,767037.2855174029,0.7950590427799532
2018-12-12,483200.3,127586.53,0.0,610786.83,0.0,767037.2855174029,0.7962935329643009
2018-12-13,490698.5,127586.53,0.0,618285.03,0.0,767037.2855174029,0.8060690681847852
2018-12-14,501826.2,148116.69,40000.0,649942.89,49623.53919630905,816660.824713712,0.7958541298070022
2018-12-17,500938.5,148116.69,0.0,649055.19,0.0,816660.824713712,0.7947671424394972
2018-12-18,514125.50000000006,128874.92,0.0,643000.42,0.0,816660.824713712,0.787353085322061
2018-12-19,508435.4,68874.92,-60000.0,577310.3200000001,-76204.69281003381,740456.1319036782,0.7796684977349869
2018-12-20,505094.6,68927.45,0.0,574022.0499999999,0.0,740456.1319036782,0.7752276269550447
2018-12-21,499121.00000000006,68927.45,0.0,568048.4500000001,0.0,740456.1319036782,0.7671601672601104
2018-12-24,500683.89999999997,68927.45,0.0,569611.35,0.0,740456.1319036782,0.7692708932473228
2018-12-25,497059.1,68927.45,0.0,565986.5499999999,0.0,740456.1319036782,0.7643755323423076
2018-12-26,494297.5,68927.45,0.0,563224.95,0.0,740456.1319036782,0.7606459393508902
2018-12-27,493467.89999999997,68927.45,0.0,562395.35,0.0,740456.1319036782,0.7595255488722982
2018-12-28,494642.29999999993,68927.45,0.0,563569.7499999999,0.0,740456.1319036782,0.7611115982672577
2019-01-02,489508.10000000003,68927.45,0.0,558435.55,0.0,740456.1319036782,0.7541777641361255
2019-01-03,551700.4,110283.26000000001,101693.91,661983.66,134840.76942587335,875296.9013295516,0.7562961310550343
2019-01-04,564834.0,110283.26000000001,0.0,675117.26,0.0,875296.9013295516,0.7713008682819689
2019-01-07,570435.6,110283.26000000001,0.0,680718.86,0.0,875296.9013295516,0.7777005253486069
2019-01-08,569250.7999999999,110283.26000000001,0.0,679534.0599999999,0.0,875296.9013295516,0.7763469275028926
2019-01-09,572231.3,110283.26000000001,0.0,682514.56,0.0,875296.9013295516,0.779752057802649
2019-01-10,571960.3,110283.26000000001,0.0,682243.56,0.0,875296.9013295516,0.77944244857224
2019-01-11,577037.3,110283.26000000001,0.0,687320.56,0.0,875296.9013295516,0.7852427661470974
2019-01-14,572057.1,110283.26000000001,0.0,682340.36,0.0,875296.9013295516,0.7795530396183786
2019-01-15,581567.9,110283.26000000001,0.0,691851.16,0.0,875296.9013295516,0.7904188383954032
2019-01-16,572958.8999999999,110283.26000000001,0.0,683242.1599999999,0.0,875296.9013295516,0.780583318599865
2019-01-17,569290.8,110283.26000000001,0.0,679574.06,0.0,875296.9013295516,0.7763926262822889
2019-01-18,578226.1,118354.46,0.0,696580.5599999999,0.0,875296.9013295516,0.7958220335773079
2019-01-21,581338.3999999999,118354.46,0.0,699692.8599999999,0.0,875296.9013295516,0.7993777413551744
2019-01-22,573982.6000000001,118354.46,0.0,692337.06,0.0,875296.9013295516,0.7909739643181181
2019-01-23,572988.8999999999,118354.46,0.0,691343.3599999999,0.0,875296.9013295516,0.7898386923909688
2019-01-24,577594.2999999999,118354.46,0.0,695948.7599999999,0.0,875296.9013295516,0.7951002213567455
2019-01-25,580618.0,118354.46,0.0,698972.46,0.0,875296.9013295516,0.7985547063382497
2019-01-28,579546.3999999999,118354.46,0.0,697900.8599999999,0.0,875296.9013295516,0.7973304360382265
2019-01-29,579685.9,118354.46,0.0,698040.36,0.0,875296.9013295516,0.7974898105313707
2019-01-30,576631.2,118354.46,0.0,694985.6599999999,0.0,875296.9013295516,0.7939999089958345
2019-01-31,580515.5,118354.46,0.0,698869.96,0.0,875296.9013295516,0.798437603216047
2019-02-01,590572.8,118354.46,0.0,708927.26,0.0,875296.9013295516,0.8099277615665716
2019-02-11,598996.7999999999,118354.46,0.0,717351.2599999999,0.0,875296.9013295516,0.8195519245074023
2019-02-12,603274.2999999999,118354.46,0.0,721628.7599999999,0.0,875296.9013295516,0.824438837729079
2019-02-13,615428.4,118354.46,0.0,733782.86,0.0,875296.9013295516,0.8383245260955503
2019-02-14,616116.6,118354.46,0.0,734471.0599999999,0.0,875296.9013295516,0.8391107735950611
2019-02-15,607026.8,118354.46,0.0,725381.26,0.0,875296.9013295516,0.8287259544711812
2019-02-18,625554.7999999999,118354.46,0.0,743909.2599999999,0.0,875296.9013295516,0.8498936290874816
2019-02-19,625346.9999999999,118354.46,0.0,743701.4599999998,0.0,875296.9013295516,0.8496562239285185
2019-02-20,625882.8,118354.46,0.0,744237.26,0.0,875296.9013295516,0.8502683590785303
2019-02-21,624329.7,118354.46,0.0,742684.1599999999,0.0,875296.9013295516,0.8484939897215258
2019-02-22,640051.8,118354.46,0.0,758406.26,0.0,875296.9013295516,0.8664560092101343
2019-02-25,683168.7,118354.46,0.0,801523.1599999999,0.0,875296.9013295516,0.9157157517437895
2019-02-26,668740.0,118354.46,0.0,787094.46,0.0,875296.9013295516,0.8992314022869559
2019-02-27,667482.5000000001,118354.46,0.0,785836.9600000001,0.0,875296.9013295516,0.8977947469096893
2019-02-28,666027.6,118354.46,0.0,784382.0599999999,0.0,875296.9013295516,0.8961325680561024
2019-03-01,565902.3999999999,229021.25,0.0,794923.6499999999,0.0,875296.9013295516,0.9081760129534711
2019-03-04,572057.0,229021.25,0.0,801078.25,0.0,875296.9013295516,0.9152074556452611
2019-03-05,578331.2,229021.25,0.0,807352.45,0.0,875296.9013295516,0.9223755376874454
2019-03-06,582634.9,229021.25,0.0,811656.15,0.0,875296.9013295516,0.9272923836096266
2019-03-07,576958.6000000001,229021.25,0.0,805979.8500000001,0.0,875296.9013295516,0.9208073840724663
2019-03-08,558016.7999999999,229021.25,0.0,787038.0499999999,0.0,875296.9013295516,0.8991669555833125
2019-03-11,568096.8,229021.25,0.0,797118.05,0.0,875296.9013295516,0.9106830479911444
2019-03-12,575279.5,229021.25,0.0,804300.75,0.0,875296.9013295516,0.918889063560364
2019-03-13,569619.1000000001,229021.25,0.0,798640.3500000001,0.0,875296.9013295516,0.9124222292880138
2019-03-14,563381.6000000001,229021.25,0.0,792402.8500000001,0.0,875296.9013295516,0.9052960758759253
2019-03-15,569031.8,229021.25,0.0,798053.05,0.0,875296.9013295516,0.9117512569595296
2019-03-18,584713.1000000001,229021.25,0.0,813734.3500000001,0.0,875296.9013295516,0.9296666636931541
2019-03-19,582893.0,229021.25,0.0,811914.25,0.0,875296.9013295516,0.9275872549836802
2019-03-20,581433.9,229106.31,0.0,810540.21,0.0,875296.9013295516,0.9260174562126428
2019-03-21,582408.6,229106.31,0.0,811514.9099999999,0.0,875296.9013295516,0.9271310212195786
2019-03-22,584044.7999999999,229106.31,0.0,813151.1099999999,0.0,875296.9013295516,0.9290003297907784
2019-03-25,576765.1,229106.31,0.0,805871.4099999999,0.0,875296.9013295516,0.9206834946815232
2019-03-26,566541.1,229106.31,0.0,795647.4099999999,0.0,875296.9013295516,0.9090028866678651
2019-03-27,569526.2,229106.31,0.0,798632.51,0.0,875296.9013295516,0.912413272327252
2019-03-28,567298.2000000001,229106.31,0.0,796404.51,0.0,875296.9013295516,0.909867850314886
2019-03-29,589395.2,229106.31,0.0,818501.51,0.0,875296.9013295516,0.9351129985228087
2019-04-01,607026.1000000001,229106.31,0.0,836132.4100000001,0.0,875296.9013295516,0.955255763764202
2019-04-02,606403.3999999999,229106.31,0.0,835509.71,0.0,875296.9013295516,0.9545443480159521
2019-04-03,613674.2,229106.31,0.0,842780.51,0.0,875296.9013295516,0.9628510151467918
2019-04-04,619640.3,229106.31,0.0,848746.6100000001,0.0,875296.9013295516,0.9696671023406774
2019-04-08,614724.2000000001,229106.31,0.0,843830.51,0.0,875296.9013295516,0.964050608105941
2019-04-09,616824.1,229106.31,0.0,845930.4099999999,0.0,875296.9013295516,0.9664496797772907
2019-04-10,616769.0,229106.31,0.0,845875.31,0.0,875296.9013295516,0.9663867297086726
2019-04-11,606331.2000000001,229106.31,0.0,835437.51,0.0,875296.9013295516,0.954461861719142
2019-04-12,604609.6,229106.31,0.0,833715.9099999999,0.0,875296.9013295516,0.9524949862539314
2019-04-15,601334.9,229106.31,0.0,830441.21,0.0,875296.9013295516,0.9487537414317164
2019-04-16,617482.6,229106.31,0.0,846588.9099999999,0.0,875296.9013295516,0.9672019959331
2019-04-17,616426.3,229106.31,0.0,845532.6100000001,0.0,875296.9013295516,0.9659952054161961
2019-04-18,616175.0,229106.31,0.0,845281.31,0.0,875296.9013295516,0.9657081028346397
2019-04-19,622869.7000000001,229106.31,0.0,851976.01,0.0,875296.9013295516,0.9733565932952262
2019-04-22,609492.0999999999,229106.31,0.0,838598.4099999999,0.0,875296.9013295516,0.9580730935139748
2019-04-23,604721.8,229106.31,0.0,833828.1100000001,0.0,875296.9013295516,0.9526231713301377
2019-04-24,606717.4999999999,229106.31,0.0,835823.8099999998,0.0,875296.9013295516,0.9549031976811603
2019-04-25,592115.3,229106.31,0.0,821221.6100000001,0.0,875296.9013295516,0.938220629768696
2019-04-26,585451.8999999999,229106.31,0.0,814558.21,0.0,875296.9013295516,0.9306078986029869
2019-04-29,583865.3999999999,229106.31,0.0,812971.71,0.0,875296.9013295516,0.9287953707651868
2019-04-30,585192.2,229106.31,0.0,814298.51,0.0,875296.9013295516,0.9303111992777574
2019-05-06,550806.6,229106.31,0.0,779912.9099999999,0.0,875296.9013295516,0.8910267005576439
2019-05-07,555877.7999999999,229106.31,0.0,784984.1099999999,0.0,875296.9013295516,0.8968203918094887
2019-05-08,572362.8999999999,207031.69,0.0,779394.5899999999,0.0,875296.9013295516,0.8904345357742284
2019-05-09,566036.7000000001,207031.69,0.0,773068.3900000001,0.0,875296.9013295516,0.8832070453188293
2019-05-10,584223.4,207031.69,0.0,791255.0900000001,0.0,875296.9013295516,0.903984795099932
2019-05-13,575822.9,206456.49,0.0,782279.39,0.0,875296.9013295516,0.8937303317442795
2019-05-14,572320.2,206456.49,0.0,778776.69,0.0,875296.9013295516,0.8897286038795064
2019-05-15,582222.7999999999,206456.49,0.0,788679.2899999999,0.0,875296.9013295516,0.9010420222007162
2019-05-16,586636.4999999999,206456.49,0.0,793092.9899999999,0.0,875296.9013295516,0.9060845397662367
2019-05-17,572441.6000000001,206456.49,0.0,778898.0900000001,0.0,875296.9013295516,0.8898672996749738
2019-05-20,572372.6,206456.49,0.0,778829.09,0.0,875296.9013295516,0.8897884692805154
2019-05-21,579168.7,206456.49,0.0,785625.19,0.0,875296.9013295516,0.897552806146871
2019-05-22,577223.3,206456.49,0.0,783679.79,0.0,875296.9013295516,0.895330246010939
2019-05-23,569044.7999999999,206456.49,0.0,775501.2899999999,0.0,875296.9013295516,0.8859865593286519
2019-05-24,564542.7,206456.49,0.0,770999.19,0.0,875296.9013295516,0.8808430474606658
2019-05-27,575676.1,206456.49,0.0,782132.59,0.0,875296.9013295516,0.8935626172238955
2019-05-28,576352.9,206456.49,0.0,782809.39,0.0,875296.9013295516,0.8943358405712786
2019-05-29,576941.7000000001,206456.49,0.0,783398.1900000001,0.0,875296.9013295516,0.8950085266039901
2019-05-30,575078.1,206456.49,0.0,781534.59,0.0,875296.9013295516,0.8928794204719229
2019-05-31,573156.2999999999,206456.49,0.0,779612.7899999999,0.0,875296.9013295516,0.8906838226158345
2019-06-03,571651.0,206456.49,0.0,778107.49,0.0,875296.9013295516,0.8889640633002086
2019-06-04,564601.8999999999,206456.49,0.0,771058.3899999999,0.0,875296.9013295516,0.8809106816541721
2019-06-05,563320.1,206456.49,0.0,769776.59,0.0,875296.9013295516,0.8794462642684223
2019-06-06,556168.4999999999,206456.49,0.0,762624.9899999999,0.0,875296.9013295516,0.8712757795001831
2019-06-10,562737.2000000001,206456.49,0.0,769193.6900000001,0.0,875296.9013295516,0.8787803188056719
2019-06-11,579650.2999999999,206456.49,0.0,786106.7899999999,0.0,875296.9013295516,0.8981030194508007
2019-06-12,683011.7000000001,103286.63999999998,0.0,786298.3400000001,0.0,875296.9013295516,0.8983218594806344
2019-06-13,680916.3,103286.63999999998,0.0,784202.9400000001,0.0,875296.9013295516,0.8959279289219666
2019-06-14,672271.8,103286.63999999998,0.0,775558.4400000001,0.0,875296.9013295516,0.8860518514597143
2019-06-17,646982.7,125300.02999999998,0.0,772282.73,0.0,875296.9013295516,0.8823094527433195
2019-06-18,644426.3,45300.029999999984,-80000.0,689726.3300000001,-90671.13556503346,784625.7657645182,0.8790513389882747
2019-06-19,658155.3,45300.029999999984,0.0,703455.3300000001,0.0,784625.7657645182,0.8965488525788752
2019-06-20,672013.4,45400.429999999986,0.0,717413.83,0.0,784625.7657645182,0.9143388622994955
2019-06-21,679052.0,45400.429999999986,0.0,724452.4299999999,0.0,784625.7657645182,0.9233095083158696
2019-06-24,678639.9,45400.429999999986,0.0,724040.33,0.0,784625.7657645182,0.9227842897747751
2019-06-25,671474.8999999999,45400.429999999986,0.0,716875.3299999998,0.0,784625.7657645182,0.9136525478506251
2019-06-26,675275.7,45400.429999999986,0.0,720676.1299999999,0.0,784625.7657645182,0.9184966406217778
2019-06-27,683601.1000000001,45400.429999999986,0.0,729001.53,0.0,784625.7657645182,0.9291073041549694
2019-06-28,677441.2999999999,45400.429999999986,0.0,722841.7299999999,0.0,784625.7657645182,0.9212566825353771
2019-07-01,697176.7,45400.429999999986,0.0,742577.1299999999,0.0,784625.7657645182,0.9464093105283801
2019-07-02,696073.0,45400.429999999986,0.0,741473.4299999999,0.0,784625.7657645182,0.9450026526691081
2019-07-03,693676.0,45400.429999999986,0.0,739076.4299999999,0.0,784625.7657645182,0.9419476930889006
2019-07-04,692646.5,45400.429999999986,0.0,738046.9299999999,0.0,784625.7657645182,0.9406356026058702
2019-07-05,694856.0000000001,45400.429999999986,0.0,740256.43,0.0,784625.7657645182,0.9434515947595911
2019-07-08,672645.2000000001,45400.429999999986,0.0,718045.63,0.0,784625.7657645182,0.9151440869397856
2019-07-09,673597.1,45400.429999999986,0.0,718997.5299999999,0.0,784625.7657645182,0.9163572767705737
2019-07-10,674435.6,45400.429999999986,0.0,719836.0299999999,0.0,784625.7657645182,0.9174259391018228
2019-07-11,672779.5,45400.429999999986,0.0,718179.9299999999,0.0,784625.7657645182,0.915315251341797
2019-07-12,675320.8,45400.429999999986,0.0,720721.23,0.0,784625.7657645182,0.918554120253429
2019-07-15,685444.6000000001,45400.429999999986,0.0,730845.03,0.0,784625.7657645182,0.931456831892188
2019-07-16,685691.7000000001,45400.429999999986,0.0,731092.13,0.0,784625.7657645182,0.931771759097974
2019-07-17,448612.4,286578.05,0.0,735190.45,0.0,784625.7657645182,0.9369950390090112
2019-07-18,441317.89999999997,6578.049999999988,-280000.0,447895.94999999995,-298827.62271199946,485798.1430525187,0.9219795431609519
2019-07-19,444375.89999999997,6578.049999999988,0.0,450953.94999999995,0.0,485798.1430525187,0.9282743387334195
2019-07-22,436737.10000000003,6578.049999999988,0.0,443315.15,0.0,485798.1430525187,0.9125501123047193
2019-07-23,445284.9,6578.049999999988,0.0,451862.95,0.0,485798.1430525187,0.9301454862727829
2019-07-24,453449.8,6578.049999999988,0.0,460027.85,0.0,485798.1430525187,0.9469526727899972
2019-07-25,458248.7,6578.049999999988,0.0,464826.75,0.0,485798.1430525187,0.9568310555475887
2019-07-26,460287.9,6578.049999999988,0.0,466865.95,0.0,485798.1430525187,0.9610286837789086
2019-07-29,462796.0,6578.049999999988,0.0,469374.05,0.0,485798.1430525187,0.9661915277211277
2019-07-30,461104.3,6578.049999999988,0.0,467682.35,0.0,485798.1430525187,0.9627092171684973
2019-07-31,462445.79999999993,6578.049999999988,0.0,469023.8499999999,0.0,485798.1430525187,0.9654706521784597
2019-08-01,458562.9,6578.049999999988,0.0,465140.95,0.0,485798.1430525187,0.9574778262372124
2019-08-02,451949.6000000001,6578.049999999988,0.0,458527.6500000001,0.0,485798.1430525187,0.9438645588861988
2019-08-05,448398.8,6578.049999999988,0.0,454976.85,0.0,485798.1430525187,0.9365553502142829
2019-08-06,438000.30000000005,6578.049999999988,0.0,444578.35000000003,0.0,485798.1430525187,0.9151503692593109
2019-08-07,430790.7,6578.049999999988,0.0,437368.75,0.0,485798.1430525187,0.9003096373563472
2019-08-08,440952.30000000005,6578.049999999988,0.0,447530.35000000003,0.0,485798.1430525187,0.9212269672089265
2019-08-09,433951.39999999997,6578.049999999988,0.0,440529.44999999995,0.0,485798.1430525187,0.9068158376068044
2019-08-12,445478.60000000003,6578.049999999988,0.0,452056.65,0.0,485798.1430525187,0.930544211551523
2019-08-13,442400.89999999997,6675.549999999988,0.0,449076.44999999995,0.0,485798.1430525187,0.9244095648003561
2019-08-14,445975.6,6675.549999999988,0.0,452651.14999999997,0.0,485798.1430525187,0.9317679708608205
2019-08-15,449352.20000000007,6675.549999999988,0.0,456027.75000000006,0.0,485798.1430525187,0.9387185943827285
2019-08-16,450864.89999999997,6675.549999999988,0.0,457540.44999999995,0.0,485798.1430525187,0.9418324391382783
2019-08-19,467926.30000000005,6675.549999999988,0.0,474601.85000000003,0.0,485798.1430525187,0.9769527874640141
2019-08-20,467613.10000000003,6675.549999999988,0.0,474288.65,0.0,485798.1430525187,0.9763080752425305
2019-08-21,469095.4,6675.549999999988,0.0,475770.95,0.0,485798.1430525187,0.9793593425666209
2019-08-22,471662.19999999995,46675.54999999999,40000.0,518337.74999999994,40843.0269273497,526641.1699798685,0.9842332494054995
2019-08-23,468730.7,46675.54999999999,0.0,515406.25,0.0,526641.1699798685,0.9786668406871838
2019-08-26,467366.8,46675.54999999999,0.0,514042.35,0.0,526641.1699798685,0.976077031766525
2019-08-27,476926.4,46675.54999999999,0.0,523601.95,0.0,526641.1699798685,0.994229049772192
2019-08-28,476272.0,46675.54999999999,0.0,522947.55,0.0,526641.1699798685,0.9929864579709754
2019-08-29,459794.5,266689.54,200000.0,726484.04,201412.6158464146,728053.785826283,0.9978439150281988
2019-08-30,674336.9,56687.22999999998,15.92,731024.13,15.954399040004272,728069.740225323,1.0040578389836152
2019-09-02,694525.8,58524.21999999998,1836.99,753050.02,1829.5659161025453,729899.3061414255,1.0317176816908618
2019-09-03,677892.5,80210.70999999998,0.0,758103.21,0.0,729899.3061414255,1.038640814727819
2019-09-04,683158.7,80210.70999999998,0.0,763369.4099999999,0.0,729899.3061414255,1.0458557825400772
2019-09-05,523486.9,245018.69,735.52,768505.5900000001,703.2709598006309,730602.5771012261,1.0518791119642088
2019-09-06,471208.5,299487.34,0.0,770695.8400000001,0.0,730602.5771012261,1.0548769798456639
2019-09-09,479860.89999999997,299487.34,0.0,779348.24,0.0,730602.5771012261,1.0667198069464516
2019-09-10,418847.0,356491.23000000004,0.0,775338.23,0.0,730602.5771012261,1.0612311731451445
2019-09-11,112323.70000000001,675489.17,15567.3,787812.8700000001,14669.094155860103,745271.6712570862,1.0570814648987765
2019-09-12,112969.4,675489.17,0.0,788458.5700000001,0.0,745271.6712570862,1.0579478603689154
2019-09-16,112772.2,675489.17,0.0,788261.37,0.0,745271.6712570862,1.0576832588717628
2019-09-17,109704.5,675489.17,0.0,785193.67,0.0,745271.6712570862,1.0535670417682392
2019-09-18,109469.4,675489.17,0.0,784958.5700000001,0.0,745271.6712570862,1.0532515863322325
2019-09-19,181370.5,605870.0900000001,0.0,787240.5900000001,0.0,745271.6712570862,1.0563135838400013
2019-09-20,183225.8,605885.78,0.0,789111.5800000001,0.0,745271.6712570862,1.0588240643428282
2019-09-23,185847.0,605885.78,0.0,791732.78,0.0,745271.6712570862,1.062341171058529
2019-09-24,185884.90000000002,605885.78,0.0,791770.68,0.0,745271.6712570862,1.0623920249973835
2019-09-25,179406.5,605885.78,0.0,785292.28,0.0,745271.6712570862,1.0536993559347414
2019-09-26,29302.5,750017.63,0.0,779320.13,0.0,745271.6712570862,1.045685969366691
2019-09-27,29370.000000000004,750017.63,0.0,779387.63,0.0,745271.6712570862,1.0457765403659698
2019-09-30,29017.5,750017.63,0.0,779035.13,0.0,745271.6712570862,1.0453035584808468
2019-10-08,29204.999999999996,750017.63,0.0,779222.63,0.0,745271.6712570862,1.0455551445899547
2019-10-09,29287.5,750017.63,0.0,779305.13,0.0,745271.6712570862,1.0456658424779623
2019-10-10,29497.500000000004,750017.63,0.0,779515.13,0.0,745271.6712570862,1.0459476189201633
2019-10-11,29857.500000000004,750017.63,0.0,779875.13,0.0,745271.6712570862,1.0464306642496506
2019-10-14,148225.0,630831.88,0.0,779056.88,0.0,745271.6712570862,1.0453327424695034
2019-10-15,147317.5,530831.88,-100000.0,678149.38,-95663.31937882201,649608.3518782642,1.0439357468838153
2019-10-16,207492.5,470613.82,0.0,678106.3200000001,0.0,649608.3518782642,1.04386946079024
2019-10-17,232717.5,445186.19,0.0,677903.69,0.0,649608.3518782642,1.0435575343819443
2019-10-18,230502.5,445186.19,0.0,675688.69,0.0,649608.3518782642,1.040147787580513
2019-10-21,227870.0,445186.19,0.0,673056.19,0.0,649608.3518782642,1.0360953458402113
2019-10-22,231262.5,445186.19,0.0,676448.69,0.0,649608.3518782642,1.041317723277618
2019-10-23,227345.0,445186.19,0.0,672531.19,0.0,649608.3518782642,1.035287166575764
2019-10-24,313232.5,358890.3,0.0,672122.8,0.0,649608.3518782642,1.0346584954713682
2019-10-25,315902.5,358890.3,0.0,674792.8,0.0,649608.3518782642,1.0387686643019876
2019-10-28,446355.0,233902.81,0.0,680257.81,0.0,649608.3518782642,1.0471814409915092
2019-10-29,441037.5,233902.81,0.0,674940.31,0.0,649608.3518782642,1.0389957395844611
2019-10-30,439042.5,303902.81,70000.0,742945.31,67372.74979394622,716981.1016722105,1.0362132394664705
2019-10-31,441667.5,303902.81,0.0,745570.31,0.0,716981.1016722105,1.0398744238322477
2019-11-01,446935.0,303902.81,0.0,750837.81,0.0,716981.1016722105,1.0472212004595738
2019-11-04,451442.49999999994,283902.81,-20000.0,735345.3099999999,-19098.161869930616,697882.9398022799,1.0536800200451004
2019-11-05,454245.0,283902.81,0.0,738147.81,0.0,697882.9398022799,1.0576957364928963
2019-11-06,448847.5,283902.81,0.0,732750.31,0.0,697882.9398022799,1.0499616313985245
2019-11-07,451865.0,283902.81,0.0,735767.81,0.0,697882.9398022799,1.0542854224355354
2019-11-08,449455.0,283902.81,0.0,733357.81,0.0,697882.9398022799,1.050832121226191
2019-11-11,439842.5,283902.81,0.0,723745.31,0.0,697882.9398022799,1.037058321278132
2019-11-12,440225.0,283902.81,0.0,724127.81,0.0,697882.9398022799,1.0376064074659221
2019-11-13,445392.5,283902.81,0.0,729295.31,0.0,697882.9398022799,1.0450109443950868
2019-11-14,410040.0,324570.61,0.0,734610.61,0.0,697882.9398022799,1.0526272646930237
2019-11-15,407972.5,324570.61,0.0,732543.11,0.0,697882.9398022799,1.0496647334688247
2019-11-18,408537.5,404570.61,80000.0,813108.11,76214.8116909903,774097.7514932703,1.0503946154493757
2019-11-19,415752.5,404570.61,0.0,820323.11,0.0,774097.7514932703,1.0597151437496866
2019-11-20,412955.0,404570.61,0.0,817525.61,0.0,774097.7514932703,1.0561012590760732
2019-11-21,411465.0,404570.61,0.0,816035.61,0.0,774097.7514932703,1.0541764375698413
2019-11-22,398195.0,404570.61,0.0,802765.61,0.0,774097.7514932703,1.0370338997257493
2019-11-25,391395.0,404570.61,0.0,795965.61,0.0,774097.7514932703,1.028249479428852
2019-11-26,390760.0,404570.61,0.0,795330.61,0.0,774097.7514932703,1.0274291695923035
2019-11-27,394985.0,404570.61,0.0,799555.61,0.0,774097.7514932703,1.032887136615008
2019-11-28,395450.0,404570.61,0.0,800020.61,0.0,774097.7514932703,1.0334878359441342
2019-11-29,390742.5,404570.61,0.0,795313.11,0.0,774097.7514932703,1.0274065626283042
2019-12-02,389862.5,404570.61,0.0,794433.11,0.0,774097.7514932703,1.0262697552957645
2019-12-03,422042.5,378396.24,0.0,800438.74,0.0,774097.7514932703,1.0340279873645373
2019-12-04,537012.5,265402.35,0.0,802414.85,0.0,774097.7514932703,1.0365807786576111
2019-12-05,545610.0,265402.35,0.0,811012.35,0.0,774097.7514932703,1.047687257113872
2019-12-06,555165.0,265402.35,0.0,820567.35,0.0,774097.7514932703,1.0600306594575268
2019-12-09,557777.5,265402.35,0.0,823179.85,0.0,774097.7514932703,1.0634055562260039
2019-12-10,670030.0,165792.47999999998,0.0,835822.48,0.0,774097.7514932703,1.0797376408698511
2019-12-11,666090.0,165792.47999999998,0.0,831882.48,0.0,774097.7514932703,1.0746478444037078
2019-12-12,681102.5,165792.47999999998,0.0,846894.98,0.0,774097.7514932703,1.09404138994888
2019-12-13,687710.0,166257.47999999998,0.0,853967.48,0.0,774097.7514932703,1.10317783297091
2019-12-16,697345.0,166257.47999999998,0.0,863602.48,0.0,774097.7514932703,1.1156245814357049
2019-12-17,862744.5000000001,3241.5899999999674,0.0,865986.0900000001,0.0,774097.7514932703,1.1187037920333356
2019-12-18,460329.3,479709.9099999999,80000.0,940039.21,71511.33353592505,845609.0850291953,1.111671133438147
2019-12-19,454426.2,479709.9099999999,0.0,934136.1099999999,0.0,845609.0850291953,1.104690248175075
2019-12-20,451321.6,567746.9999999999,87999.88,1019068.5999999999,79660.2306803866,925269.3157095818,1.1013751160855088
2019-12-23,174910.0,832246.6299999999,0.0,1007156.6299999999,0.0,925269.3157095818,1.0885010589891002
2019-12-24,177962.5,832246.6299999999,0.0,1010209.1299999999,0.0,925269.3157095818,1.0918000984667673
2019-12-25,258844.40000000002,752631.7499999999,0.0,1011476.1499999999,0.0,925269.3157095818,1.0931694511281904
2019-12-26,261333.3,752631.7499999999,0.0,1013965.0499999998,0.0,925269.3157095818,1.0958593706551243
2019-12-27,520586.1,485158.9299999999,0.0,1005745.0299999998,0.0,925269.3157095818,1.0869754491195915
2019-12-30,786562.9,232744.3599999999,0.0,1019307.2599999999,0.0,925269.3157095818,1.1016330517977904
2019-12-31,786705.8,232744.3599999999,0.0,1019450.1599999999,0.0,925269.3157095818,1.1017874933183012
2020-01-02,851053.3,181598.7199999999,0.0,1032652.02,0.0,925269.3157095818,1.116055620204013
2020-01-03,849545.6,181598.7199999999,0.0,1031144.3199999998,0.0,925269.3157095818,1.1144261486821523
2020-01-06,933378.8999999999,103948.22999999991,0.0,1037327.1299999998,0.0,925269.3157095818,1.1211083220721327
2020-01-07,941803.7,103948.22999999991,0.0,1045751.9299999998,0.0,925269.3157095818,1.1302135629538528
2020-01-08,923706.6999999998,103948.22999999991,0.0,1027654.9299999997,0.0,925269.3157095818,1.1106549331660254
2020-01-09,942815.3,103948.22999999991,0.0,1046763.5299999999,0.0,925269.3157095818,1.1313068662579016
2020-01-10,945930.2000000001,103948.22999999991,0.0,1049878.43,0.0,925269.3157095818,1.1346733455597804
2020-01-13,849024.9,277434.1699999999,60000.0,1126459.0699999998,52878.65466725983,978147.9703768416,1.1516244005148013
2020-01-14,934844.9000000001,185028.4599999999,0.0,1119873.36,0.0,978147.9703768416,1.144891564380139
2020-01-15,937693.3999999999,185028.4599999999,0.0,1122721.8599999999,0.0,978147.9703768416,1.1478037004641124
2020-01-16,1022773.3999999999,98790.0999999999,0.0,1121563.4999999998,0.0,978147.9703768416,1.1466194624601693
2020-01-17,1021507.4,98790.0999999999,0.0,1120297.5,0.0,978147.9703768416,1.1453251797561812
2020-01-20,1050073.4000000001,98790.0999999999,0.0,1148863.5,0.0,978147.9703768416,1.1745293501528082
2020-01-21,1111691.9000000001,27662.22999999991,0.0,1139354.1300000001,0.0,978147.9703768416,1.1648075388440997
2020-01-22,860203.7,452071.9099999999,155799.19,1312275.6099999999,133755.30703948552,1111903.277416327,1.1802066210734334
2020-01-23,1034124.0,244299.78999999992,0.0,1278423.79,0.0,1111903.277416327,1.1497616887780098
2020-02-03,1078911.6,105635.61999999994,113.45,1184547.22,98.67262155914847,1112001.9500378862,1.0652384377200437
2020-02-04,620482.2,644240.21,29098.59,1264722.41,27316.503957818528,1139318.4539957047,1.1100692748059078
2020-02-05,508792.5,771975.45,0.0,1280767.95,0.0,1139318.4539957047,1.124152729650097
2020-02-06,525365.1000000001,771975.45,0.0,1297340.55,0.0,1139318.4539957047,1.138698794397735
2020-02-07,732548.6,565272.0599999999,0.0,1297820.66,0.0,1139318.4539957047,1.139120195454056
2020-02-10,818945.2999999999,485763.20999999996,0.0,1304708.5099999998,0.0,1139318.4539957047,1.1451657834771793
2020-02-11,831595.2999999999,470678.20999999996,0.0,1302273.5099999998,0.0,1139318.4539957047,1.1430285408199923
2020-02-12,1052938.5,275358.63,0.0,1328297.13,0.0,1139318.4539957047,1.165869933328586
2020-02-13,1104875.4,216540.99,0.0,1321416.39,0.0,1139318.4539957047,1.159830585878478
2020-02-14,1162005.1,158581.61,0.0,1320586.71,0.0,1139318.4539957047,1.1591023610374862
2020-02-17,1282644.8,79857.99999999999,0.0,1362502.8,0.0,1139318.4539957047,1.195892856138304
2020-02-18,1350249.3,32562.869999999995,0.0,1382812.17,0.0,1139318.4539957047,1.2137187501442974
2020-02-19,1363413.6,1975.0099999999948,0.0,1365388.61,0.0,1139318.4539957047,1.198425782722508
2020-02-20,1405380.3,1975.0099999999948,0.0,1407355.31,0.0,1139318.4539957047,1.2352606991173216
2020-02-21,1431200.1,1975.0099999999948,0.0,1433175.11,0.0,1139318.4539957047,1.2579231951994725
2020-02-24,1472041.2000000002,101975.01,100000.0,1574016.2100000002,79496.10944580978,1218814.5634415145,1.2914320662164702
2020-02-25,1104528.976,445854.3600000001,0.0,1550383.3360000001,0.0,1218814.5634415145,1.272042017304297
2020-02-26,0.0,1512758.33,0.0,1512758.33,0.0,1218814.5634415145,1.2411718528604458
2020-02-27,0.0,1512758.33,0.0,1512758.33,0.0,1218814.5634415145,1.2411718528604458
2020-02-28,0.0,1512758.33,0.0,1512758.33,0.0,1218814.5634415145,1.2411718528604458
2020-03-02,0.0,1512758.33,0.0,1512758.33,0.0,1218814.5634415145,1.2411718528604458
2020-03-03,0.0,1512758.33,0.0,1512758.33,0.0,1218814.5634415145,1.2411718528604458
2020-03-04,0.0,1512758.33,0.0,1512758.33,0.0,1218814.5634415145,1.2411718528604458
2020-03-05,0.0,1512758.33,0.0,1512758.33,0.0,1218814.5634415145,1.2411718528604458
2020-03-06,103808.0,1407638.8,0.0,1511446.8,0.0,1218814.5634415145,1.2400957826859178
2020-03-09,173634.0,1332245.6800000002,0.0,1505879.6800000002,0.0,1218814.5634415145,1.2355281313245159
2020-03-10,176962.0,1332245.6800000002,0.0,1509207.6800000002,0.0,1218814.5634415145,1.2382586533414197
2020-03-11,174014.0,1132245.6800000002,-200000.0,1306259.6800000002,-161517.14301394418,1057297.4204275704,1.2354704123573381
2020-03-12,71295.0,1229112.61,0.0,1300407.61,0.0,1057297.4204275704,1.2299354797197142
2020-03-13,78473.0,1229112.61,0.0,1307585.61,0.0,1057297.4204275704,1.236724487109042
2020-03-16,0.0,1305447.7200000002,0.0,1305447.7200000002,0.0,1057297.4204275704,1.234702454369063
2020-03-17,0.0,1305447.7200000002,0.0,1305447.7200000002,0.0,1057297.4204275704,1.234702454369063
2020-03-18,0.0,1305447.7200000002,0.0,1305447.7200000002,0.0,1057297.4204275704,1.234702454369063
2020-03-19,0.0,1305447.7200000002,0.0,1305447.7200000002,0.0,1057297.4204275704,1.234702454369063
2020-03-20,0.0,1305480.2200000002,0.0,1305480.2200000002,0.0,1057297.4204275704,1.2347331931180394
2020-03-23,0.0,305480.2200000002,-1000000.0,305480.2200000002,-809891.5665130264,247405.853914544,1.2347331931180399
2020-03-24,0.0,305480.2200000002,0.0,305480.2200000002,0.0,247405.853914544,1.2347331931180399
2020-03-25,0.0,305480.2200000002,0.0,305480.2200000002,0.0,247405.853914544,1.2347331931180399
2020-03-26,0.0,305480.2200000002,0.0,305480.2200000002,0.0,247405.853914544,1.2347331931180399
2020-03-27,0.0,305480.2200000002,0.0,305480.2200000002,0.0,247405.853914544,1.2347331931180399
2020-03-30,0.0,305480.2200000002,0.0,305480.2200000002,0.0,247405.853914544,1.2347331931180399
2020-03-31,0.0,405480.2200000002,100000.0,405480.2200000002,80989.1566513026,328395.0105658466,1.2347331931180399
2020-04-01,0.0,405480.2200000002,0.0,405480.2200000002,0.0,328395.0105658466,1.2347331931180399
2020-04-02,0.0,405480.2200000002,0.0,405480.2200000002,0.0,328395.0105658466,1.2347331931180399
2020-04-03,0.0,405480.2200000002,0.0,405480.2200000002,0.0,328395.0105658466,1.2347331931180399
2020-04-07,0.0,405480.2200000002,0.0,405480.2200000002,0.0,328395.0105658466,1.2347331931180399
2020-04-08,0.0,405480.2200000002,0.0,405480.2200000002,0.0,328395.0105658466,1.2347331931180399
2020-04-09,148067.0,257393.80000000022,0.0,405460.8000000002,0.0,328395.0105658466,1.2346740570186012
2020-04-10,146462.0,257393.80000000022,0.0,403855.8000000002,0.0,328395.0105658466,1.2297866502421266
2020-04-13,145705.0,257393.80000000022,0.0,403098.8000000002,0.0,328395.0105658466,1.227481499507054
2020-04-14,230689.0,175649.2800000002,0.0,406338.2800000002,0.0,328395.0105658466,1.2373460829988012
2020-04-15,345554.4,258420.1200000002,200000.0,603974.5200000003,161636.2655105231,490031.2760763697,1.2325223908889296
2020-04-16,346017.0,258420.1200000002,0.0,604437.1200000002,0.0,490031.2760763697,1.2334664122658996
2020-04-17,624170.7,82691.6200000002,100000.0,706862.3200000002,81072.33322737846,571103.6093037481,1.2377129271897969
2020-04-20,901085.6,8312.530000000203,200000.0,909398.1300000001,161588.3583393575,732691.9676431057,1.241173876827551
2020-04-21,894067.8,8312.530000000203,0.0,902380.3300000003,0.0,732691.9676431057,1.2315957726447329
2020-04-22,897816.1,208312.5300000002,200000.0,1106128.6300000001,162390.94388130234,895082.911524408,1.2357834293989167
2020-04-23,899243.5000000001,208312.5300000002,0.0,1107556.0300000003,0.0,895082.911524408,1.2373781420022096
2020-04-24,895230.9,208312.5300000002,0.0,1103543.4300000002,0.0,895082.911524408,1.2328952053397655
2020-04-27,790539.7000000001,317754.6900000002,0.0,1108294.3900000001,0.0,895082.911524408,1.2382030488242408
2020-04-28,755026.5000000001,351225.1100000002,0.0,1106251.6100000003,0.0,895082.911524408,1.2359208244920603
2020-04-29,944133.3,163861.92000000022,0.0,1107995.2200000002,0.0,895082.911524408,1.2378688116310734
2020-04-30,1070784.8000000003,51407.19000000022,0.0,1122191.9900000005,0.0,895082.911524408,1.2537296551542974
2020-05-06,1179246.8,91194.14000000022,150000.0,1270440.9400000002,119643.01824027557,1014725.9297646836,1.2520040167837412
2020-05-07,1173629.7,121194.14000000022,30000.0,1294823.84,23961.584466052,1038687.5142307356,1.2465961343137566
2020-05-08,1183517.0,121194.14000000022,0.0,1304711.1400000001,0.0,1038687.5142307356,1.256115166616097
2020-05-11,1181200.9,121194.14000000022,0.0,1302395.04,0.0,1038687.5142307356,1.2538853333233426
2020-05-12,1180640.2000000002,121194.14000000022,0.0,1301834.3400000003,0.0,1038687.5142307356,1.2533455174573407
2020-05-13,1186668.7999999998,121194.14000000022,0.0,1307862.94,0.0,1038687.5142307356,1.259149572976834
2020-05-14,1176963.4000000001,121194.14000000022,0.0,1298157.5400000003,0.0,1038687.5142307356,1.2498056655291858
2020-05-15,1180138.0999999999,121194.14000000022,0.0,1301332.24,0.0,1038687.5142307356,1.2528621189441969
2020-05-18,1182633.7999999998,121194.14000000022,0.0,1303827.94,0.0,1038687.5142307356,1.255264862758681
2020-05-19,1195399.7,1194.1400000002177,-120000.0,1196593.84,-95597.35443902842,943090.1597917072,1.2688011083312356
2020-05-20,1189915.3,1194.1400000002177,0.0,1191109.4400000002,0.0,943090.1597917072,1.2629857576534051
2020-05-21,1034823.3,148887.21000000022,0.0,1183710.5100000002,0.0,943090.1597917072,1.2551403465618143
2020-05-22,415480.29999999993,748470.8700000002,0.0,1163951.1700000002,0.0,943090.1597917072,1.2341886487894993
2020-05-25,416415.80000000005,748470.8700000002,0.0,1164886.6700000004,0.0,943090.1597917072,1.2351806006090442
2020-05-26,543563.4,630643.7200000002,0.0,1174207.12,0.0,943090.1597917072,1.2450634839190113
2020-05-27,534782.8,630643.7200000002,0.0,1165426.5200000003,0.0,943090.1597917072,1.2357530273217978
2020-05-28,533273.0,630643.7200000002,0.0,1163916.7200000002,0.0,943090.1597917072,1.2341521199384216
2020-05-29,537014.9,630643.7200000002,0.0,1167658.62,0.0,943090.1597917072,1.238119821182199
2020-06-01,846661.2999999999,341000.43000000017,0.0,1187661.73,0.0,943090.1597917072,1.25932999901336
2020-06-02,842234.0999999999,341000.43000000017,0.0,1183234.53,0.0,943090.1597917072,1.2546356440208555
2020-06-03,837366.4000000001,341000.43000000017,0.0,1178366.8300000003,0.0,943090.1597917072,1.2494742074927987
2020-06-04,839167.2999999999,341000.43000000017,0.0,1180167.73,0.0,943090.1597917072,1.2513837810169224
2020-06-05,845610.4,341000.43000000017,0.0,1186610.83,0.0,943090.1597917072,1.2582156834952847
2020-06-08,959146.5,218805.09000000017,0.0,1177951.59,0.0,943090.1597917072,1.2490339102468897
2020-06-09,971725.7,218805.09000000017,0.0,1190530.79,0.0,943090.1597917072,1.2623721895931383
2020-06-10,1107443.6,95419.85000000017,0.0,1202863.4500000002,0.0,943090.1597917072,1.2754490517276387
2020-06-11,1395507.0,112138.23000000016,300000.0,1507645.2300000002,235211.27683903946,1178301.4366307466,1.2795072492748412
2020-06-12,1409502.8,112138.23000000016,0.0,1521641.0300000003,0.0,1178301.4366307466,1.2913851945653263
2020-06-15,1512036.5999999999,4361.290000000154,0.0,1516397.8900000001,0.0,1178301.4366307466,1.2869354503513224
2020-06-16,1542233.0,4361.290000000154,0.0,1546594.29,0.0,1178301.4366307466,1.312562508981026
2020-06-17,1538913.0,4361.290000000154,0.0,1543274.29,0.0,1178301.4366307466,1.3097448938133034
2020-06-18,1548873.0000000002,4361.290000000154,0.0,1553234.2900000005,0.0,1178301.4366307466,1.3181977393164712
2020-06-19,1587753.5999999999,4538.520000000153,177.23,1592292.12,134.44872094220065,1178435.8853516888,1.3511911337669433
2020-06-22,1521070.4000000001,4538.520000000153,0.0,1525608.9200000004,0.0,1178435.8853516888,1.2946049411459515
2020-06-23,1551357.2000000002,4538.520000000153,0.0,1555895.7200000004,0.0,1178435.8853516888,1.3203057878160793
2020-06-24,1089174.5999999999,461924.14000000013,0.0,1551098.74,0.0,1178435.8853516888,1.3162351548188764
2020-06-29,1197091.2,393074.4300000001,50000.0,1590165.6300000001,37987.133087081515,1216423.0184387704,1.3072472371008839
2020-06-30,1635727.7999999998,91.9100000000908,0.0,1635819.71,0.0,1216423.0184387704,1.3447786544680058
2020-07-01,1616647.2000000002,89000.6800000001,0.0,1705647.8800000004,0.0,1216423.0184387704,1.4021831666660913
2020-07-02,1627054.7999999998,89000.6800000001,0.0,1716055.48,0.0,1216423.0184387704,1.4107390718423658
2020-07-03,1740636.8,56.05000000009022,0.0,1740692.85,0.0,1216423.0184387704,1.4309930210249628
