date,amount,close,code,high,low,open,turnoverratio,volume
2015-11-20 14:55,,8.15,600145,8.16,8.15,8.15,,1868.0
2015-11-20 14:55,{},8.15,600145,8.16,8.15,8.15,1.2528,1868.0
2015-11-20 15:00,,8.15,600145,8.16,8.13,8.15,,1609.0
2015-11-20 15:00,{},8.15,600145,8.16,8.13,8.15,1.0791,1609.0
2015-11-23 09:35,,8.1,600145,8.15,8.03,8.03,,11104.0
2015-11-23 09:35,{},8.1,600145,8.15,8.03,8.03,7.4468,11104.0
2015-11-23 09:40,,8.12,600145,8.14,8.09,8.1,,5234.0
2015-11-23 09:40,{},8.12,600145,8.14,8.09,8.1,3.5102,5234.0
2015-11-23 09:45,,8.15,600145,8.16,8.12,8.12,,4352.0
2015-11-23 09:45,{},8.15,600145,8.16,8.12,8.12,2.9186,4352.0
2015-11-23 09:50,,8.19,600145,8.19,8.15,8.15,,2718.0
2015-11-23 09:50,{},8.19,600145,8.19,8.15,8.15,1.8228,2718.0
2015-11-23 09:55,,8.18,600145,8.24,8.17,8.19,,4204.0
2015-11-23 09:55,{},8.18,600145,8.24,8.17,8.19,2.8194,4204.0
2015-11-23 10:00,,8.16,600145,8.2,8.16,8.18,,3327.0
2015-11-23 10:00,{},8.16,600145,8.2,8.16,8.18,2.2312,3327.0
2015-11-23 10:05,{},8.13,600145,8.16,8.13,8.16,1.1247,1677.0
2015-11-23 10:05,,8.13,600145,8.16,8.13,8.16,,1677.0
2015-11-23 10:10,{},8.12,600145,8.14,8.12,8.13,1.7685,2637.0
2015-11-23 10:10,,8.12,600145,8.14,8.12,8.13,,2637.0
2015-11-23 10:15,{},8.13,600145,8.13,8.11,8.12,1.9408,2894.0
2015-11-23 10:15,,8.13,600145,8.13,8.11,8.12,,2894.0
2015-11-23 10:20,,8.12,600145,8.14,8.11,8.13,,1261.0
2015-11-23 10:20,{},8.12,600145,8.14,8.11,8.13,0.8457,1261.0
2015-11-23 10:25,,8.13,600145,8.14,8.12,8.12,,1328.0
2015-11-23 10:25,{},8.13,600145,8.14,8.12,8.12,0.8906,1328.0
2015-11-23 10:30,,8.11,600145,8.14,8.1,8.13,,2014.0
2015-11-23 10:30,{},8.11,600145,8.14,8.1,8.13,1.3507,2014.0
2015-11-23 10:35,,8.14,600145,8.14,8.11,8.11,,549.0
2015-11-23 10:35,{},8.14,600145,8.14,8.11,8.11,0.3682,549.0
2015-11-23 10:40,,8.12,600145,8.14,8.11,8.14,,1269.0
2015-11-23 10:40,{},8.12,600145,8.14,8.11,8.14,0.851,1269.0
2015-11-23 10:45,,8.13,600145,8.15,8.12,8.12,,411.0
2015-11-23 10:45,{},8.13,600145,8.15,8.12,8.12,0.2756,411.0
2015-11-23 10:50,{},8.15,600145,8.15,8.13,8.13,0.3474,518.0
2015-11-23 10:50,,8.15,600145,8.15,8.13,8.13,,518.0
2015-11-23 10:55,,8.14,600145,8.18,8.14,8.15,,2524.0
2015-11-23 10:55,{},8.14,600145,8.18,8.14,8.15,1.6927,2524.0
2015-11-23 11:00,{},8.14,600145,8.14,8.12,8.14,0.6955,1037.0
2015-11-23 11:00,,8.14,600145,8.14,8.12,8.14,,1037.0
2015-11-23 11:05,,8.15,600145,8.15,8.14,8.14,,905.0
2015-11-23 11:05,{},8.15,600145,8.15,8.14,8.14,0.6069,905.0
2015-11-23 11:10,,8.16,600145,8.16,8.13,8.15,,839.0
2015-11-23 11:10,{},8.16,600145,8.16,8.13,8.15,0.5627,839.0
2015-11-23 11:15,{},8.15,600145,8.16,8.14,8.16,0.5224,779.0
2015-11-23 11:15,,8.15,600145,8.16,8.14,8.16,,779.0
2015-11-23 11:20,,8.16,600145,8.16,8.15,8.15,,633.0
2015-11-23 11:20,{},8.16,600145,8.16,8.15,8.15,0.4245,633.0
2015-11-23 11:25,{},8.13,600145,8.16,8.13,8.16,0.8779,1309.0
2015-11-23 11:25,,8.13,600145,8.16,8.13,8.16,,1309.0
2015-11-23 11:30,{},8.13,600145,8.14,8.12,8.13,0.8276,1234.0
2015-11-23 11:30,,8.13,600145,8.14,8.12,8.13,,1234.0
2015-11-23 13:05,,8.13,600145,8.14,8.12,8.13,,448.0
2015-11-23 13:05,{},8.13,600145,8.14,8.12,8.13,0.3004,448.0
2015-11-23 13:10,{},8.15,600145,8.15,8.12,8.13,0.6492,968.0
2015-11-23 13:10,,8.15,600145,8.15,8.12,8.13,,968.0
2015-11-23 13:15,,8.12,600145,8.15,8.12,8.15,,1583.0
2015-11-23 13:15,{},8.12,600145,8.15,8.12,8.15,1.0616,1583.0
2015-11-23 13:20,{},8.14,600145,8.14,8.12,8.12,0.4158,620.0
2015-11-23 13:20,,8.14,600145,8.14,8.12,8.12,,620.0
2015-11-23 13:25,,8.13,600145,8.14,8.12,8.14,,712.0
2015-11-23 13:25,{},8.13,600145,8.14,8.12,8.14,0.4775,712.0
2015-11-23 13:30,{},8.13,600145,8.14,8.12,8.13,0.33799999999999997,504.0
2015-11-23 13:30,{},8.13,600145,8.14,8.12,8.13,0.338,504.0
2015-11-23 13:30,,8.13,600145,8.14,8.12,8.13,,504.0
2015-11-23 13:35,,8.11,600145,8.13,8.1,8.13,,1805.0
2015-11-23 13:35,{},8.11,600145,8.13,8.1,8.13,1.2105,1805.0
2015-11-23 13:40,,8.14,600145,8.14,8.11,8.11,,1001.0
2015-11-23 13:40,{},8.14,600145,8.14,8.11,8.11,0.6713,1001.0
2015-11-23 13:45,{},8.13,600145,8.14,8.12,8.14,0.4031,601.0
2015-11-23 13:45,,8.13,600145,8.14,8.12,8.14,,601.0
2015-11-23 13:50,{},8.17,600145,8.17,8.13,8.13,1.509,2250.0
2015-11-23 13:50,{},8.17,600145,8.17,8.13,8.13,1.5090000000000001,2250.0
2015-11-23 13:50,,8.17,600145,8.17,8.13,8.13,,2250.0
2015-11-23 13:55,{},8.14,600145,8.19,8.14,8.17,1.6987,2533.0
2015-11-23 13:55,,8.14,600145,8.19,8.14,8.17,,2533.0
2015-11-23 14:00,,8.15,600145,8.18,8.14,8.14,,1515.0
2015-11-23 14:00,{},8.15,600145,8.18,8.14,8.14,1.016,1515.0
2015-11-23 14:05,,8.16,600145,8.16,8.14,8.15,,3144.0
2015-11-23 14:05,{},8.16,600145,8.16,8.14,8.15,2.1085,3144.0
2015-11-23 14:10,{},8.11,600145,8.16,8.11,8.16,1.4895,2221.0
2015-11-23 14:10,,8.11,600145,8.16,8.11,8.16,,2221.0
2015-11-23 14:15,,8.13,600145,8.13,8.11,8.11,,1059.0
2015-11-23 14:15,{},8.13,600145,8.13,8.11,8.11,0.7102,1059.0
2015-11-23 14:20,{},8.11,600145,8.13,8.11,8.13,0.9107,1358.0
2015-11-23 14:20,,8.11,600145,8.13,8.11,8.13,,1358.0
2015-11-23 14:25,{},8.12,600145,8.12,8.11,8.11,0.4138,617.0
2015-11-23 14:25,,8.12,600145,8.12,8.11,8.11,,617.0
2015-11-23 14:30,{},8.14,600145,8.14,8.11,8.12,0.7987,1191.0
2015-11-23 14:30,,8.14,600145,8.14,8.11,8.12,,1191.0
2015-11-23 14:35,,8.14,600145,8.14,8.11,8.14,,970.0
2015-11-23 14:35,{},8.14,600145,8.14,8.11,8.14,0.6505,970.0
2015-11-23 14:40,{},8.1,600145,8.14,8.09,8.14,1.9180000000000001,2860.0
2015-11-23 14:40,{},8.1,600145,8.14,8.09,8.14,1.918,2860.0
2015-11-23 14:40,,8.1,600145,8.14,8.09,8.14,,2860.0
2015-11-23 14:45,{},8.11,600145,8.12,8.1,8.1,0.6706,1000.0
2015-11-23 14:45,,8.11,600145,8.12,8.1,8.1,,1000.0
2015-11-23 14:50,,8.05,600145,8.11,8.05,8.11,,4229.0
2015-11-23 14:50,{},8.05,600145,8.11,8.05,8.11,2.8362,4229.0
2015-11-23 14:55,{},8.07,600145,8.08,8.04,8.05,1.4633,2182.0
2015-11-23 14:55,,8.07,600145,8.08,8.04,8.05,,2182.0
2015-11-23 15:00,{},8.07,600145,8.09,8.07,8.07,1.2702,1894.0
2015-11-23 15:00,,8.07,600145,8.09,8.07,8.07,,1894.0
2015-11-24 09:35,{},8.1,600145,8.13,7.88,8.1,2.8898,4309.0
2015-11-24 09:35,,8.1,600145,8.13,7.88,8.1,,4309.0
2015-11-24 09:40,{},8.08,600145,8.11,8.08,8.1,2.9549,4406.0
2015-11-24 09:40,,8.08,600145,8.11,8.08,8.1,,4406.0
2015-11-24 09:45,,8.05,600145,8.08,8.0,8.08,,3151.0
2015-11-24 09:45,{},8.05,600145,8.08,8.0,8.08,2.1132,3151.0
2015-11-24 09:50,,8.01,600145,8.07,8.0,8.05,,3288.0
2015-11-24 09:50,{},8.01,600145,8.07,8.0,8.05,2.2051,3288.0
2015-11-24 09:55,,7.94,600145,8.01,7.9,8.01,,6307.0
2015-11-24 09:55,{},7.94,600145,8.01,7.9,8.01,4.2298,6307.0
2015-11-24 10:00,,7.82,600145,7.98,7.82,7.94,,6439.0
2015-11-24 10:00,{},7.82,600145,7.98,7.82,7.94,4.3183,6439.0
2015-11-24 10:05,{},7.85,600145,7.9,7.81,7.82,3.2989,4919.0
2015-11-24 10:05,,7.85,600145,7.9,7.81,7.82,,4919.0
2015-11-24 10:10,{},7.9,600145,7.9,7.84,7.85,4.3351,6464.0
2015-11-24 10:10,,7.9,600145,7.9,7.84,7.85,,6464.0
2015-11-24 10:15,,7.87,600145,7.91,7.86,7.9,,2392.0
2015-11-24 10:15,{},7.87,600145,7.91,7.86,7.9,1.6042,2392.0
2015-11-24 10:20,{},7.87,600145,7.88,7.84,7.86,2.1474,3202.0
2015-11-24 10:20,,7.87,600145,7.88,7.84,7.86,,3202.0
2015-11-24 10:25,{},7.87,600145,7.87,7.85,7.87,0.568,847.0
2015-11-24 10:25,,7.87,600145,7.87,7.85,7.87,,847.0
2015-11-24 10:30,{},7.9,600145,7.9,7.86,7.87,1.3265,1978.0
2015-11-24 10:30,,7.9,600145,7.9,7.86,7.87,,1978.0
2015-11-24 10:35,,7.85,600145,7.92,7.85,7.9,,2905.0
2015-11-24 10:35,{},7.85,600145,7.92,7.85,7.9,1.9482,2905.0
2015-11-24 10:40,,7.88,600145,7.89,7.85,7.85,,496.0
2015-11-24 10:40,{},7.88,600145,7.89,7.85,7.85,0.3326,496.0
2015-11-24 10:45,{},7.78,600145,7.88,7.77,7.88,4.7522,7086.0
2015-11-24 10:45,,7.78,600145,7.88,7.77,7.88,,7086.0
2015-11-24 10:50,,7.84,600145,7.84,7.77,7.78,,4801.0
2015-11-24 10:50,{},7.84,600145,7.84,7.77,7.78,3.2198,4801.0
2015-11-24 10:55,,7.85,600145,7.85,7.78,7.84,,2413.0
2015-11-24 10:55,{},7.85,600145,7.85,7.78,7.84,1.6183,2413.0
2015-11-24 11:00,{},7.8,600145,7.87,7.8,7.85,1.4385,2145.0
2015-11-24 11:00,,7.8,600145,7.87,7.8,7.85,,2145.0
2015-11-24 11:05,,7.82,600145,7.82,7.79,7.8,,2316.0
2015-11-24 11:05,{},7.82,600145,7.82,7.79,7.8,1.5532,2316.0
2015-11-24 11:10,,7.82,600145,7.84,7.81,7.82,,1188.0
2015-11-24 11:10,{},7.82,600145,7.84,7.81,7.82,0.7967,1188.0
2015-11-24 11:15,,7.83,600145,7.83,7.81,7.82,,1518.0
2015-11-24 11:15,{},7.83,600145,7.83,7.81,7.82,1.018,1518.0
2015-11-24 11:20,,7.84,600145,7.85,7.83,7.83,,1725.0
2015-11-24 11:20,{},7.84,600145,7.85,7.83,7.83,1.1569,1725.0
2015-11-24 11:25,,7.84,600145,7.84,7.83,7.84,,490.0
2015-11-24 11:25,{},7.84,600145,7.84,7.83,7.84,0.3286,490.0
2015-11-24 11:30,,7.82,600145,7.84,7.81,7.84,,682.0
2015-11-24 11:30,{},7.82,600145,7.84,7.81,7.84,0.4574,682.0
2015-11-24 13:05,,7.75,600145,7.82,7.73,7.82,,7928.0
2015-11-24 13:05,{},7.75,600145,7.82,7.73,7.82,5.3169,7928.0
2015-11-24 13:10,{},7.67,600145,7.75,7.67,7.75,11.4452,17066.0
2015-11-24 13:10,,7.67,600145,7.75,7.67,7.75,,17066.0
2015-11-24 13:15,,7.67,600145,7.67,7.67,7.67,,14401.0
2015-11-24 13:15,{},7.67,600145,7.67,7.67,7.67,9.658,14401.0
2015-11-24 13:20,,7.75,600145,7.83,7.67,7.67,,4564.0
2015-11-24 13:20,{},7.75,600145,7.83,7.67,7.67,3.0608,4564.0
2015-11-24 13:25,{},7.75,600145,7.79,7.74,7.75,1.5452,2304.0
2015-11-24 13:25,,7.75,600145,7.79,7.74,7.75,,2304.0
2015-11-24 13:30,,7.77,600145,7.77,7.71,7.75,,2770.0
2015-11-24 13:30,{},7.77,600145,7.77,7.71,7.75,1.8577,2770.0
2015-11-24 13:35,,7.8,600145,7.82,7.75,7.77,,1519.0
2015-11-24 13:35,{},7.8,600145,7.82,7.75,7.77,1.0187,1519.0
2015-11-24 13:40,,7.75,600145,7.8,7.73,7.8,,3034.0
2015-11-24 13:40,{},7.75,600145,7.8,7.73,7.8,2.0347,3034.0
2015-11-24 13:45,{},7.73,600145,7.77,7.73,7.75,1.5157,2260.0
2015-11-24 13:45,,7.73,600145,7.77,7.73,7.75,,2260.0
2015-11-24 13:50,{},7.74,600145,7.74,7.71,7.73,1.7316,2582.0
2015-11-24 13:50,,7.74,600145,7.74,7.71,7.73,,2582.0
2015-11-24 13:55,{},7.69,600145,7.74,7.69,7.74,2.2648,3377.0
2015-11-24 13:55,,7.69,600145,7.74,7.69,7.74,,3377.0
2015-11-24 14:00,,7.67,600145,7.7,7.67,7.69,,11219.0
2015-11-24 14:00,{},7.67,600145,7.7,7.67,7.69,7.524,11219.0
2015-11-24 14:05,,7.67,600145,7.68,7.67,7.67,,4134.0
2015-11-24 14:05,{},7.67,600145,7.68,7.67,7.67,2.7724,4134.0
2015-11-24 14:10,,7.67,600145,7.67,7.67,7.67,,1692.0
2015-11-24 14:10,{},7.67,600145,7.67,7.67,7.67,1.1347,1692.0
2015-11-24 14:15,,7.67,600145,7.68,7.67,7.67,,5610.0
2015-11-24 14:15,{},7.67,600145,7.68,7.67,7.67,3.7623,5610.0
2015-11-24 14:20,,7.72,600145,7.73,7.67,7.67,,5005.0
2015-11-24 14:20,{},7.72,600145,7.73,7.67,7.67,3.3566,5005.0
2015-11-24 14:25,{},7.68,600145,7.73,7.67,7.72,2.4177,3605.0
2015-11-24 14:25,,7.68,600145,7.73,7.67,7.72,,3605.0
2015-11-24 14:30,{},7.67,600145,7.68,7.67,7.68,3.0642,4569.0
2015-11-24 14:30,,7.67,600145,7.68,7.67,7.68,,4569.0
2015-11-24 14:35,,7.68,600145,7.69,7.67,7.67,,2180.0
2015-11-24 14:35,{},7.68,600145,7.69,7.67,7.67,1.462,2180.0
2015-11-24 14:40,{},7.7,600145,7.7,7.67,7.68,1.8879,2815.0
2015-11-24 14:40,,7.7,600145,7.7,7.67,7.68,,2815.0
2015-11-24 14:45,{},7.7,600145,7.74,7.69,7.7,2.0609,3073.0
2015-11-24 14:45,,7.7,600145,7.74,7.69,7.7,,3073.0
2015-11-24 14:50,{},7.67,600145,7.71,7.67,7.7,1.7034,2540.0
2015-11-24 14:50,,7.67,600145,7.71,7.67,7.7,,2540.0
2015-11-24 14:55,,7.67,600145,7.7,7.67,7.67,,3739.0
2015-11-24 14:55,{},7.67,600145,7.7,7.67,7.67,2.5075,3739.0
2015-11-24 15:00,,7.73,600145,7.74,7.67,7.67,,3931.0
2015-11-24 15:00,{},7.73,600145,7.74,7.67,7.67,2.6363,3931.0
2015-11-25 09:35,{},7.34,600145,7.73,7.34,7.34,43.3633,64659.0
2015-11-25 09:35,,7.34,600145,7.73,7.34,7.34,,64659.0
2015-11-25 09:40,,7.34,600145,7.44,7.34,7.34,,90655.0
2015-11-25 09:40,{},7.34,600145,7.44,7.34,7.34,60.7974,90655.0
2015-11-25 09:45,{},7.34,600145,7.34,7.34,7.34,2.702,4029.0
2015-11-25 09:45,,7.34,600145,7.34,7.34,7.34,,4029.0
2015-11-25 09:50,,7.34,600145,7.34,7.34,7.34,,1772.0
2015-11-25 09:50,{},7.34,600145,7.34,7.34,7.34,1.1884,1772.0
2015-11-25 09:55,{},7.34,600145,7.34,7.34,7.34,1.9053,2841.0
2015-11-25 09:55,,7.34,600145,7.34,7.34,7.34,,2841.0
2015-11-25 10:00,,7.34,600145,7.34,7.34,7.34,,1952.0
2015-11-25 10:00,{},7.34,600145,7.34,7.34,7.34,1.3091,1952.0
2015-11-25 10:05,,7.34,600145,7.34,7.34,7.34,,550.0
2015-11-25 10:05,{},7.34,600145,7.34,7.34,7.34,0.3689,550.0
2015-11-25 10:10,{},7.34,600145,7.34,7.34,7.34,0.106,158.0
2015-11-25 10:10,,7.34,600145,7.34,7.34,7.34,,158.0
2015-11-25 10:15,,7.34,600145,7.34,7.34,7.34,,372.0
2015-11-25 10:15,{},7.34,600145,7.34,7.34,7.34,0.2495,372.0
2015-11-25 10:20,,7.34,600145,7.34,7.34,7.34,,234.0
2015-11-25 10:20,{},7.34,600145,7.34,7.34,7.34,0.1569,234.0
2015-11-25 10:25,,7.34,600145,7.34,7.34,7.34,,1349.0
2015-11-25 10:25,{},7.34,600145,7.34,7.34,7.34,0.9047,1349.0
2015-11-25 10:30,{},7.34,600145,7.34,7.34,7.34,0.3447,514.0
2015-11-25 10:30,,7.34,600145,7.34,7.34,7.34,,514.0
2015-11-25 10:35,,7.34,600145,7.34,7.34,7.34,,689.0
2015-11-25 10:35,{},7.34,600145,7.34,7.34,7.34,0.4621,689.0
2015-11-25 10:40,,7.34,600145,7.34,7.34,7.34,,181.0
2015-11-25 10:40,{},7.34,600145,7.34,7.34,7.34,0.1214,181.0
2015-11-25 10:45,{},7.34,600145,7.34,7.34,7.34,0.1677,250.0
2015-11-25 10:45,,7.34,600145,7.34,7.34,7.34,,250.0
2015-11-25 10:50,{},7.34,600145,7.34,7.34,7.34,0.2414,360.0
2015-11-25 10:50,,7.34,600145,7.34,7.34,7.34,,360.0
2015-11-25 10:55,{},7.34,600145,7.34,7.34,7.34,0.1247,186.0
2015-11-25 10:55,,7.34,600145,7.34,7.34,7.34,,186.0
2015-11-25 11:00,{},7.34,600145,7.34,7.34,7.34,0.4064,606.0
2015-11-25 11:00,,7.34,600145,7.34,7.34,7.34,,606.0
2015-11-25 11:05,{},7.34,600145,7.34,7.34,7.34,0.9919,1479.0
2015-11-25 11:05,,7.34,600145,7.34,7.34,7.34,,1479.0
2015-11-25 11:10,,7.34,600145,7.34,7.34,7.34,,86.0
2015-11-25 11:10,{},7.34,600145,7.34,7.34,7.34,0.0577,86.0
2015-11-25 11:15,,7.34,600145,7.34,7.34,7.34,,55.0
2015-11-25 11:15,{},7.34,600145,7.34,7.34,7.34,0.0369,55.0
2015-11-25 11:20,{},7.34,600145,7.34,7.34,7.34,0.0624,93.0
2015-11-25 11:20,,7.34,600145,7.34,7.34,7.34,,93.0
2015-11-25 11:25,{},7.34,600145,7.34,7.34,7.34,0.0174,26.0
2015-11-25 11:25,,7.34,600145,7.34,7.34,7.34,,26.0
2015-11-25 11:30,,7.34,600145,7.34,7.34,7.34,,18.0
2015-11-25 11:30,{},7.34,600145,7.34,7.34,7.34,0.0121,18.0
2015-11-25 13:05,,7.34,600145,7.34,7.34,7.34,,1073.0
2015-11-25 13:05,{},7.34,600145,7.34,7.34,7.34,0.7196,1073.0
2015-11-25 13:10,,7.34,600145,7.34,7.34,7.34,,1787.0
2015-11-25 13:10,{},7.34,600145,7.34,7.34,7.34,1.1984,1787.0
2015-11-25 13:15,{},7.34,600145,7.34,7.34,7.34,0.2408,359.0
2015-11-25 13:15,,7.34,600145,7.34,7.34,7.34,,359.0
2015-11-25 13:20,{},7.34,600145,7.34,7.34,7.34,0.1388,207.0
2015-11-25 13:20,,7.34,600145,7.34,7.34,7.34,,207.0
2015-11-25 13:25,{},7.34,600145,7.34,7.34,7.34,1.0885,1623.0
2015-11-25 13:25,,7.34,600145,7.34,7.34,7.34,,1623.0
2015-11-25 13:30,,7.34,600145,7.34,7.34,7.34,,802.0
2015-11-25 13:30,{},7.34,600145,7.34,7.34,7.34,0.5379,802.0
2015-11-25 13:35,,7.34,600145,7.34,7.34,7.34,,117.0
2015-11-25 13:35,{},7.34,600145,7.34,7.34,7.34,0.0785,117.0
2015-11-25 13:40,{},7.34,600145,7.34,7.34,7.34,0.5037,751.0
2015-11-25 13:40,,7.34,600145,7.34,7.34,7.34,,751.0
2015-11-25 13:45,,7.34,600145,7.34,7.34,7.34,,277.0
2015-11-25 13:45,{},7.34,600145,7.34,7.34,7.34,0.1858,277.0
2015-11-25 13:50,,7.34,600145,7.34,7.34,7.34,,44.0
2015-11-25 13:50,{},7.34,600145,7.34,7.34,7.34,0.0295,44.0
2015-11-25 13:55,,7.34,600145,7.34,7.34,7.34,,66.0
2015-11-25 13:55,{},7.34,600145,7.34,7.34,7.34,0.0443,66.0
2015-11-25 14:00,,7.34,600145,7.34,7.34,7.34,,1445.0
2015-11-25 14:00,{},7.34,600145,7.34,7.34,7.34,0.9691,1445.0
2015-11-25 14:05,,7.34,600145,7.34,7.34,7.34,,1132.0
2015-11-25 14:05,{},7.34,600145,7.34,7.34,7.34,0.7592,1132.0
2015-11-25 14:10,,7.34,600145,7.34,7.34,7.34,,91.0
2015-11-25 14:10,{},7.34,600145,7.34,7.34,7.34,0.061,91.0
2015-11-25 14:15,{},7.34,600145,7.34,7.34,7.34,0.0201,30.0
2015-11-25 14:15,,7.34,600145,7.34,7.34,7.34,,30.0
2015-11-25 14:20,{},7.34,600145,7.34,7.34,7.34,0.1529,228.0
2015-11-25 14:20,,7.34,600145,7.34,7.34,7.34,,228.0
2015-11-25 14:30,{},7.34,600145,7.34,7.34,7.34,0.0879,131.0
2015-11-25 14:30,,7.34,600145,7.34,7.34,7.34,,131.0
2015-11-25 14:35,,7.34,600145,7.34,7.34,7.34,,43.0
2015-11-25 14:35,{},7.34,600145,7.34,7.34,7.34,0.0288,43.0
2015-11-25 14:50,{},7.34,600145,7.34,7.34,7.34,0.1395,208.0
2015-11-25 14:50,,7.34,600145,7.34,7.34,7.34,,208.0
2015-11-25 15:00,{},7.34,600145,7.34,7.34,7.34,0.1522,227.0
2015-11-25 15:00,,7.34,600145,7.34,7.34,7.34,,227.0
2015-11-26 09:35,,6.97,600145,7.14,6.97,6.98,,173955.0
2015-11-26 09:35,{},6.97,600145,7.14,6.97,6.98,116.6622,173955.0
2015-11-26 09:40,,6.97,600145,6.97,6.97,6.97,,3864.0
2015-11-26 09:40,{},6.97,600145,6.97,6.97,6.97,2.5914,3864.0
2015-11-26 09:45,{},6.97,600145,6.97,6.97,6.97,1.3004,1939.0
2015-11-26 09:45,,6.97,600145,6.97,6.97,6.97,,1939.0
2015-11-26 09:50,{},6.97,600145,6.97,6.97,6.97,3.1366,4677.0
2015-11-26 09:50,,6.97,600145,6.97,6.97,6.97,,4677.0
2015-11-26 09:55,,7.03,600145,7.07,6.97,6.97,,56563.0
2015-11-26 09:55,{},7.03,600145,7.07,6.97,6.97,37.9337,56563.0
2015-11-26 10:00,,6.98,600145,7.03,6.97,7.03,,21466.0
2015-11-26 10:00,{},6.98,600145,7.03,6.97,7.03,14.3961,21466.0
2015-11-26 10:05,,6.97,600145,6.98,6.97,6.98,,15960.0
2015-11-26 10:05,{},6.97,600145,6.98,6.97,6.98,10.7035,15960.0
2015-11-26 10:10,{},7.04,600145,7.05,6.97,6.97,6.634,9892.0
2015-11-26 10:10,{},7.04,600145,7.05,6.97,6.97,6.6339999999999995,9892.0
2015-11-26 10:10,,7.04,600145,7.05,6.97,6.97,,9892.0
2015-11-26 10:15,,7.03,600145,7.1,7.03,7.04,,8519.0
2015-11-26 10:15,{},7.03,600145,7.1,7.03,7.04,5.7132,8519.0
2015-11-26 10:20,,7.05,600145,7.06,7.02,7.03,,7126.0
2015-11-26 10:20,{},7.05,600145,7.06,7.02,7.03,4.779,7126.0
2015-11-26 10:25,,7.02,600145,7.05,7.02,7.05,,6856.0
2015-11-26 10:25,{},7.02,600145,7.05,7.02,7.05,4.5979,6856.0
2015-11-26 10:30,,7.02,600145,7.04,7.02,7.02,,7853.0
2015-11-26 10:30,{},7.02,600145,7.04,7.02,7.02,5.2666,7853.0
2015-11-26 10:35,{},7.01,600145,7.03,6.99,7.02,3.3955,5063.0
2015-11-26 10:35,,7.01,600145,7.03,6.99,7.02,,5063.0
2015-11-26 10:40,{},6.98,600145,7.01,6.97,7.01,6.1592,9184.0
2015-11-26 10:40,,6.98,600145,7.01,6.97,7.01,,9184.0
2015-11-26 10:45,{},6.97,600145,6.98,6.97,6.98,8.3824,12499.0
2015-11-26 10:45,,6.97,600145,6.98,6.97,6.98,,12499.0
2015-11-26 10:50,,6.98,600145,6.98,6.97,6.97,,5463.0
2015-11-26 10:50,{},6.98,600145,6.98,6.97,6.97,3.6637,5463.0
2015-11-26 10:55,{},6.97,600145,6.98,6.97,6.98,2.8087,4188.0
2015-11-26 10:55,,6.97,600145,6.98,6.97,6.98,,4188.0
2015-11-26 11:00,{},6.98,600145,6.99,6.97,6.97,1.8396,2743.0
2015-11-26 11:00,,6.98,600145,6.99,6.97,6.97,,2743.0
2015-11-26 11:05,{},6.99,600145,6.99,6.98,6.98,1.7926,2673.0
2015-11-26 11:05,,6.99,600145,6.99,6.98,6.98,,2673.0
2015-11-26 11:10,{},7.05,600145,7.05,6.99,6.99,3.6825,5491.0
2015-11-26 11:10,,7.05,600145,7.05,6.99,6.99,,5491.0
2015-11-26 11:15,{},7.04,600145,7.06,7.02,7.05,1.2514,1866.0
2015-11-26 11:15,,7.04,600145,7.06,7.02,7.05,,1866.0
2015-11-26 11:20,{},7.1,600145,7.1,7.03,7.04,1.2246,1826.0
2015-11-26 11:20,,7.1,600145,7.1,7.03,7.04,,1826.0
2015-11-26 11:25,{},7.14,600145,7.14,7.08,7.1,3.8824,5789.0
2015-11-26 11:25,,7.14,600145,7.14,7.08,7.1,,5789.0
2015-11-26 11:30,,7.09,600145,7.14,7.09,7.14,,3019.0
2015-11-26 11:30,{},7.09,600145,7.14,7.09,7.14,2.0247,3019.0
2015-11-26 13:05,{},7.07,600145,7.09,7.06,7.09,2.5371,3783.0
2015-11-26 13:05,,7.07,600145,7.09,7.06,7.09,,3783.0
2015-11-26 13:10,{},7.07,600145,7.09,7.07,7.07,2.521,3759.0
2015-11-26 13:10,,7.07,600145,7.09,7.07,7.07,,3759.0
2015-11-26 13:15,,7.09,600145,7.09,7.06,7.07,,1192.0
2015-11-26 13:15,{},7.09,600145,7.09,7.06,7.07,0.7994,1192.0
2015-11-26 13:20,,7.08,600145,7.09,7.07,7.09,,1551.0
2015-11-26 13:20,{},7.08,600145,7.09,7.07,7.09,1.0402,1551.0
2015-11-26 13:25,{},7.1,600145,7.1,7.07,7.08,0.8101,1208.0
2015-11-26 13:25,,7.1,600145,7.1,7.07,7.08,,1208.0
2015-11-26 13:30,,7.08,600145,7.11,7.07,7.1,,2591.0
2015-11-26 13:30,{},7.08,600145,7.11,7.07,7.1,1.7376,2591.0
2015-11-26 13:35,{},7.11,600145,7.11,7.08,7.08,1.2125,1808.0
2015-11-26 13:35,,7.11,600145,7.11,7.08,7.08,,1808.0
2015-11-26 13:40,{},7.22,600145,7.22,7.1,7.11,3.0897,4607.0
2015-11-26 13:40,,7.22,600145,7.22,7.1,7.11,,4607.0
2015-11-26 13:45,,7.16,600145,7.27,7.15,7.22,,7771.0
2015-11-26 13:45,{},7.16,600145,7.27,7.15,7.22,5.2116,7771.0
2015-11-26 13:50,{},7.24,600145,7.25,7.15,7.16,2.1072,3142.0
2015-11-26 13:50,,7.24,600145,7.25,7.15,7.16,,3142.0
2015-11-26 13:55,,7.2,600145,7.24,7.16,7.24,,3267.0
2015-11-26 13:55,{},7.2,600145,7.24,7.16,7.24,2.191,3267.0
2015-11-26 14:00,,7.27,600145,7.27,7.2,7.2,,3929.0
2015-11-26 14:00,{},7.27,600145,7.27,7.2,7.2,2.635,3929.0
2015-11-26 14:05,,7.22,600145,7.32,7.22,7.27,,5496.0
2015-11-26 14:05,{},7.22,600145,7.32,7.22,7.27,3.6859,5496.0
2015-11-26 14:10,,7.33,600145,7.33,7.2,7.22,,2859.0
2015-11-26 14:10,{},7.33,600145,7.33,7.2,7.22,1.9174,2859.0
2015-11-26 14:15,,7.25,600145,7.33,7.22,7.33,,2474.0
2015-11-26 14:15,{},7.25,600145,7.33,7.22,7.33,1.6592,2474.0
2015-11-26 14:20,{},7.27,600145,7.28,7.24,7.25,0.8457,1261.0
2015-11-26 14:20,,7.27,600145,7.28,7.24,7.25,,1261.0
2015-11-26 14:25,{},7.27,600145,7.28,7.26,7.27,1.1206,1671.0
2015-11-26 14:25,,7.27,600145,7.28,7.26,7.27,,1671.0
2015-11-26 14:30,,7.23,600145,7.27,7.22,7.27,,1989.0
2015-11-26 14:30,{},7.23,600145,7.27,7.22,7.27,1.3339,1989.0
2015-11-26 14:35,{},7.22,600145,7.24,7.21,7.23,1.0341,1542.0
2015-11-26 14:35,,7.22,600145,7.24,7.21,7.23,,1542.0
2015-11-26 14:40,,7.25,600145,7.26,7.22,7.22,,1992.0
2015-11-26 14:40,{},7.25,600145,7.26,7.22,7.22,1.3359,1992.0
2015-11-26 14:45,,7.22,600145,7.25,7.22,7.25,,2205.0
2015-11-26 14:45,{},7.22,600145,7.25,7.22,7.25,1.4788,2205.0
2015-11-26 14:50,{},7.17,600145,7.22,7.15,7.22,4.2103,6278.0
2015-11-26 14:50,,7.17,600145,7.22,7.15,7.22,,6278.0
2015-11-26 14:55,,7.18,600145,7.21,7.17,7.17,,2798.0
2015-11-26 14:55,{},7.18,600145,7.21,7.17,7.17,1.8765,2798.0
2015-11-26 15:00,{},7.15,600145,7.18,7.15,7.18,2.9093,4338.0
2015-11-26 15:00,,7.15,600145,7.18,7.15,7.18,,4338.0
2015-11-27 09:35,{},7.06,600145,7.12,7.05,7.09,22.811999999999998,34015.0
2015-11-27 09:35,,7.06,600145,7.12,7.05,7.09,,34015.0
2015-11-27 09:35,{},7.06,600145,7.12,7.05,7.09,22.812,34015.0
2015-11-27 09:40,,7.04,600145,7.09,7.04,7.06,,8347.0
2015-11-27 09:40,{},7.04,600145,7.09,7.04,7.06,5.5979,8347.0
2015-11-27 09:45,,7.0,600145,7.06,7.0,7.04,,10241.0
2015-11-27 09:45,{},7.0,600145,7.06,7.0,7.04,6.8681,10241.0
2015-11-27 09:50,{},6.97,600145,7.01,6.91,7.0,8.6218,12856.0
2015-11-27 09:50,,6.97,600145,7.01,6.91,7.0,,12856.0
2015-11-27 09:55,{},6.96,600145,6.98,6.95,6.97,3.594,5359.0
2015-11-27 09:55,,6.96,600145,6.98,6.95,6.97,,5359.0
2015-11-27 10:00,,7.0,600145,7.03,6.96,6.96,,5458.0
2015-11-27 10:00,{},7.0,600145,7.03,6.96,6.96,3.6604,5458.0
2015-11-27 10:05,{},7.02,600145,7.04,6.99,7.0,3.4029,5074.0
2015-11-27 10:05,,7.02,600145,7.04,6.99,7.0,,5074.0
2015-11-27 10:10,,7.02,600145,7.04,7.01,7.02,,7132.0
2015-11-27 10:10,{},7.02,600145,7.04,7.01,7.02,4.783,7132.0
2015-11-27 10:15,,7.0,600145,7.02,6.99,7.02,,4265.0
2015-11-27 10:15,{},7.0,600145,7.02,6.99,7.02,2.8603,4265.0
2015-11-27 10:20,{},7.05,600145,7.06,7.0,7.0,2.5585,3815.0
2015-11-27 10:20,,7.05,600145,7.06,7.0,7.0,,3815.0
2015-11-27 10:25,,7.02,600145,7.05,7.02,7.05,,4112.0
2015-11-27 10:25,{},7.02,600145,7.05,7.02,7.05,2.7577,4112.0
2015-11-27 10:30,,7.07,600145,7.07,7.02,7.02,,4279.0
2015-11-27 10:30,{},7.07,600145,7.07,7.02,7.02,2.8697,4279.0
2015-11-27 10:35,,7.05,600145,7.07,7.04,7.07,,2602.0
2015-11-27 10:35,{},7.05,600145,7.07,7.04,7.07,1.745,2602.0
2015-11-27 10:40,{},7.06,600145,7.07,7.05,7.05,2.1233,3166.0
2015-11-27 10:40,,7.06,600145,7.07,7.05,7.05,,3166.0
2015-11-27 10:45,{},7.05,600145,7.06,7.04,7.06,1.0737,1601.0
2015-11-27 10:45,,7.05,600145,7.06,7.04,7.06,,1601.0
2015-11-27 10:50,,7.05,600145,7.06,7.04,7.05,,2711.0
2015-11-27 10:50,{},7.05,600145,7.06,7.04,7.05,1.8181,2711.0
2015-11-27 10:55,{},7.04,600145,7.05,7.04,7.05,1.2031,1794.0
2015-11-27 10:55,,7.04,600145,7.05,7.04,7.05,,1794.0
2015-11-27 11:00,,7.05,600145,7.06,7.04,7.04,,1350.0
2015-11-27 11:00,{},7.05,600145,7.06,7.04,7.04,0.9054,1350.0
2015-11-27 11:05,{},7.03,600145,7.05,6.99,7.05,4.3136,6432.0
2015-11-27 11:05,,7.03,600145,7.05,6.99,7.05,,6432.0
2015-11-27 11:10,,7.0,600145,7.03,7.0,7.03,,1650.0
2015-11-27 11:10,{},7.0,600145,7.03,7.0,7.03,1.1066,1650.0
2015-11-27 11:15,{},7.02,600145,7.02,7.0,7.0,1.6303,2431.0
2015-11-27 11:15,,7.02,600145,7.02,7.0,7.0,,2431.0
2015-11-27 11:20,{},6.95,600145,7.02,6.95,7.02,6.4,9543.0
2015-11-27 11:20,,6.95,600145,7.02,6.95,7.02,,9543.0
2015-11-27 11:25,{},6.95,600145,6.96,6.93,6.95,3.2339,4822.0
2015-11-27 11:25,,6.95,600145,6.96,6.93,6.95,,4822.0
2015-11-27 11:30,{},6.97,600145,6.98,6.94,6.95,1.3923,2076.0
2015-11-27 11:30,,6.97,600145,6.98,6.94,6.95,,2076.0
2015-11-27 13:05,,6.92,600145,6.98,6.92,6.97,,8145.0
2015-11-27 13:05,{},6.92,600145,6.98,6.92,6.97,5.4624,8145.0
2015-11-27 13:10,{},6.92,600145,6.93,6.9,6.92,4.6503,6934.0
2015-11-27 13:10,,6.92,600145,6.93,6.9,6.92,,6934.0
2015-11-27 13:15,{},6.92,600145,6.95,6.91,6.92,2.9314,4371.0
2015-11-27 13:15,,6.92,600145,6.95,6.91,6.92,,4371.0
2015-11-27 13:20,{},6.94,600145,6.96,6.92,6.92,1.0784,1608.0
2015-11-27 13:20,,6.94,600145,6.96,6.92,6.92,,1608.0
2015-11-27 13:25,,6.85,600145,6.96,6.84,6.94,,5639.0
2015-11-27 13:25,{},6.85,600145,6.96,6.84,6.94,3.7818,5639.0
2015-11-27 13:30,,6.8,600145,6.85,6.79,6.85,,32629.0
2015-11-27 13:30,{},6.8,600145,6.85,6.79,6.85,21.8825,32629.0
2015-11-27 13:35,,6.83,600145,6.87,6.8,6.8,,3050.0
2015-11-27 13:35,{},6.83,600145,6.87,6.8,6.8,2.0455,3050.0
2015-11-27 13:40,,6.82,600145,6.83,6.8,6.83,,7008.0
2015-11-27 13:40,{},6.82,600145,6.83,6.8,6.83,4.6999,7008.0
2015-11-27 13:45,{},6.83,600145,6.86,6.81,6.82,1.8859,2812.0
2015-11-27 13:45,,6.83,600145,6.86,6.81,6.82,,2812.0
2015-11-27 13:50,,6.84,600145,6.84,6.82,6.83,,2171.0
2015-11-27 13:50,{},6.84,600145,6.84,6.82,6.83,1.456,2171.0
2015-11-27 13:55,{},6.79,600145,6.84,6.79,6.84,7.9116,11797.0
2015-11-27 13:55,,6.79,600145,6.84,6.79,6.84,,11797.0
2015-11-27 14:00,{},6.79,600145,6.79,6.79,6.79,2.5511,3804.0
2015-11-27 14:00,,6.79,600145,6.79,6.79,6.79,,3804.0
2015-11-27 14:05,{},6.8,600145,6.81,6.79,6.79,11.3265,16889.0
2015-11-27 14:05,,6.8,600145,6.81,6.79,6.79,,16889.0
2015-11-27 14:10,,6.79,600145,6.8,6.79,6.8,,5138.0
2015-11-27 14:10,{},6.79,600145,6.8,6.79,6.8,3.4458,5138.0
2015-11-27 14:15,{},6.79,600145,6.79,6.79,6.79,0.391,583.0
2015-11-27 14:15,,6.79,600145,6.79,6.79,6.79,,583.0
2015-11-27 14:20,{},6.79,600145,6.79,6.79,6.79,0.6559,978.0
2015-11-27 14:20,,6.79,600145,6.79,6.79,6.79,,978.0
2015-11-27 14:25,{},6.79,600145,6.79,6.79,6.79,0.6465,964.0
2015-11-27 14:25,,6.79,600145,6.79,6.79,6.79,,964.0
2015-11-27 14:30,{},6.79,600145,6.79,6.79,6.79,0.8048,1200.0
2015-11-27 14:30,,6.79,600145,6.79,6.79,6.79,,1200.0
2015-11-27 14:35,,6.79,600145,6.79,6.79,6.79,,630.0
2015-11-27 14:35,{},6.79,600145,6.79,6.79,6.79,0.4225,630.0
2015-11-27 14:40,{},6.79,600145,6.79,6.79,6.79,0.4064,606.0
2015-11-27 14:40,,6.79,600145,6.79,6.79,6.79,,606.0
2015-11-27 14:45,{},6.79,600145,6.79,6.79,6.79,0.1891,282.0
2015-11-27 14:45,,6.79,600145,6.79,6.79,6.79,,282.0
2015-11-27 14:50,,6.79,600145,6.79,6.79,6.79,,61.0
2015-11-27 14:50,{},6.79,600145,6.79,6.79,6.79,0.0409,61.0
2015-11-27 14:55,{},6.79,600145,6.79,6.79,6.79,1.0174,1517.0
2015-11-27 14:55,,6.79,600145,6.79,6.79,6.79,,1517.0
2015-11-27 15:00,,6.79,600145,6.79,6.79,6.79,,616.0
2015-11-27 15:00,{},6.79,600145,6.79,6.79,6.79,0.4131,616.0
2015-11-30 09:35,{},6.54,600145,6.72,6.54,6.61,27.4193,40885.0
2015-11-30 09:35,,6.54,600145,6.72,6.54,6.61,,40885.0
2015-11-30 09:40,,6.5,600145,6.55,6.45,6.54,,36947.0
2015-11-30 09:40,{},6.5,600145,6.55,6.45,6.54,24.7783,36947.0
2015-11-30 09:45,,6.5,600145,6.53,6.49,6.52,,10434.0
2015-11-30 09:45,{},6.5,600145,6.53,6.49,6.52,6.9975,10434.0
2015-11-30 09:50,{},6.55,600145,6.55,6.5,6.5,4.0071,5975.0
2015-11-30 09:50,,6.55,600145,6.55,6.5,6.5,,5975.0
2015-11-30 09:55,{},6.56,600145,6.63,6.52,6.55,6.9398,10348.0
2015-11-30 09:55,,6.56,600145,6.63,6.52,6.55,,10348.0
2015-11-30 10:00,{},6.59,600145,6.61,6.56,6.56,2.6102,3892.0
2015-11-30 10:00,,6.59,600145,6.61,6.56,6.56,,3892.0
2015-11-30 10:05,,6.59,600145,6.64,6.56,6.59,,4944.0
2015-11-30 10:05,{},6.59,600145,6.64,6.56,6.59,3.3157,4944.0
2015-11-30 10:10,,6.53,600145,6.59,6.53,6.59,,4849.0
2015-11-30 10:10,{},6.53,600145,6.59,6.53,6.59,3.252,4849.0
2015-11-30 10:15,{},6.54,600145,6.57,6.52,6.53,3.262,4864.0
2015-11-30 10:15,,6.54,600145,6.57,6.52,6.53,,4864.0
2015-11-30 10:20,,6.47,600145,6.55,6.46,6.54,,7042.0
2015-11-30 10:20,{},6.47,600145,6.55,6.46,6.54,4.7227,7042.0
2015-11-30 10:25,{},6.49,600145,6.49,6.45,6.47,10.5204,15687.0
2015-11-30 10:25,,6.49,600145,6.49,6.45,6.47,,15687.0
2015-11-30 10:30,{},6.46,600145,6.49,6.45,6.49,10.9456,16321.0
2015-11-30 10:30,,6.46,600145,6.49,6.45,6.49,,16321.0
2015-11-30 10:35,,6.47,600145,6.47,6.45,6.46,,5697.0
2015-11-30 10:35,{},6.47,600145,6.47,6.45,6.46,3.8207,5697.0
2015-11-30 10:40,,6.45,600145,6.47,6.45,6.47,,3955.0
2015-11-30 10:40,{},6.45,600145,6.47,6.45,6.47,2.6524,3955.0
2015-11-30 10:45,{},6.45,600145,6.47,6.45,6.45,2.3043,3436.0
2015-11-30 10:45,,6.45,600145,6.47,6.45,6.45,,3436.0
2015-11-30 10:50,,6.45,600145,6.46,6.45,6.45,,5136.0
2015-11-30 10:50,{},6.45,600145,6.46,6.45,6.45,3.4444,5136.0
2015-11-30 10:55,,6.45,600145,6.45,6.45,6.45,,609.0
2015-11-30 10:55,{},6.45,600145,6.45,6.45,6.45,0.4084,609.0
2015-11-30 11:00,{},6.45,600145,6.45,6.45,6.45,0.3494,521.0
2015-11-30 11:00,,6.45,600145,6.45,6.45,6.45,,521.0
2015-11-30 11:05,{},6.45,600145,6.45,6.45,6.45,0.3025,451.0
2015-11-30 11:05,,6.45,600145,6.45,6.45,6.45,,451.0
2015-11-30 11:10,{},6.45,600145,6.45,6.45,6.45,0.0791,118.0
2015-11-30 11:10,,6.45,600145,6.45,6.45,6.45,,118.0
2015-11-30 11:15,,6.45,600145,6.45,6.45,6.45,,136.0
2015-11-30 11:15,{},6.45,600145,6.45,6.45,6.45,0.0912,136.0
2015-11-30 11:20,,6.45,600145,6.45,6.45,6.45,,346.0
2015-11-30 11:20,{},6.45,600145,6.45,6.45,6.45,0.23199999999999998,346.0
2015-11-30 11:20,{},6.45,600145,6.45,6.45,6.45,0.232,346.0
2015-11-30 11:25,{},6.45,600145,6.45,6.45,6.45,0.22399999999999998,334.0
2015-11-30 11:25,,6.45,600145,6.45,6.45,6.45,,334.0
2015-11-30 11:25,{},6.45,600145,6.45,6.45,6.45,0.224,334.0
2015-11-30 11:30,,6.45,600145,6.45,6.45,6.45,,97.0
2015-11-30 11:30,{},6.45,600145,6.45,6.45,6.45,0.0651,97.0
2015-11-30 13:05,{},6.45,600145,6.45,6.45,6.45,1.2829,1913.0
2015-11-30 13:05,,6.45,600145,6.45,6.45,6.45,,1913.0
2015-11-30 13:10,{},6.45,600145,6.45,6.45,6.45,0.1911,285.0
2015-11-30 13:10,,6.45,600145,6.45,6.45,6.45,,285.0
2015-11-30 13:15,,6.45,600145,6.45,6.45,6.45,,199.0
2015-11-30 13:15,{},6.45,600145,6.45,6.45,6.45,0.1335,199.0
2015-11-30 13:20,{},6.45,600145,6.45,6.45,6.45,0.0677,101.0
2015-11-30 13:20,,6.45,600145,6.45,6.45,6.45,,101.0
2015-11-30 13:25,{},6.45,600145,6.45,6.45,6.45,0.0423,63.0
2015-11-30 13:25,,6.45,600145,6.45,6.45,6.45,,63.0
2015-11-30 13:30,,6.45,600145,6.45,6.45,6.45,,278.0
2015-11-30 13:30,{},6.45,600145,6.45,6.45,6.45,0.1864,278.0
2015-11-30 13:35,{},6.45,600145,6.45,6.45,6.45,0.0402,60.0
2015-11-30 13:35,,6.45,600145,6.45,6.45,6.45,,60.0
2015-11-30 13:40,{},6.45,600145,6.45,6.45,6.45,0.2743,409.0
2015-11-30 13:40,,6.45,600145,6.45,6.45,6.45,,409.0
2015-11-30 13:45,{},6.45,600145,6.45,6.45,6.45,0.2931,437.0
2015-11-30 13:45,,6.45,600145,6.45,6.45,6.45,,437.0
2015-11-30 13:50,,6.45,600145,6.45,6.45,6.45,,539.0
2015-11-30 13:50,{},6.45,600145,6.45,6.45,6.45,0.3615,539.0
2015-11-30 13:55,,6.45,600145,6.45,6.45,6.45,,256.0
2015-11-30 13:55,{},6.45,600145,6.45,6.45,6.45,0.1717,256.0
2015-11-30 14:00,{},6.45,600145,6.45,6.45,6.45,0.4359,650.0
2015-11-30 14:00,,6.45,600145,6.45,6.45,6.45,,650.0
2015-11-30 14:05,{},6.45,600145,6.45,6.45,6.45,0.2428,362.0
2015-11-30 14:05,,6.45,600145,6.45,6.45,6.45,,362.0
2015-11-30 14:15,,6.45,600145,6.45,6.45,6.45,,450.0
2015-11-30 14:15,{},6.45,600145,6.45,6.45,6.45,0.3018,450.0
2015-11-30 14:20,{},6.45,600145,6.45,6.45,6.45,0.0443,66.0
2015-11-30 14:20,,6.45,600145,6.45,6.45,6.45,,66.0
2015-11-30 14:25,{},6.45,600145,6.45,6.45,6.45,0.9872,1472.0
2015-11-30 14:25,,6.45,600145,6.45,6.45,6.45,,1472.0
2015-11-30 14:30,{},6.45,600145,6.51,6.45,6.45,31.3574,46757.0
2015-11-30 14:30,,6.45,600145,6.51,6.45,6.45,,46757.0
2015-11-30 14:35,,6.49,600145,6.49,6.45,6.45,,10034.0
2015-11-30 14:35,{},6.49,600145,6.49,6.45,6.45,6.7293,10034.0
2015-11-30 14:40,{},6.45,600145,6.5,6.45,6.49,7.8157,11654.0
2015-11-30 14:40,,6.45,600145,6.5,6.45,6.49,,11654.0
2015-11-30 14:45,{},6.46,600145,6.47,6.45,6.45,3.4438,5135.0
2015-11-30 14:45,,6.46,600145,6.47,6.45,6.45,,5135.0
2015-11-30 14:50,,6.45,600145,6.46,6.45,6.46,,9385.0
2015-11-30 14:50,{},6.45,600145,6.46,6.45,6.46,6.294,9385.0
2015-11-30 14:55,{},6.45,600145,6.45,6.45,6.45,3.3868,5050.0
2015-11-30 14:55,,6.45,600145,6.45,6.45,6.45,,5050.0
2015-11-30 15:00,{},6.45,600145,6.45,6.45,6.45,0.6566,979.0
2015-11-30 15:00,,6.45,600145,6.45,6.45,6.45,,979.0
2015-12-01 09:35,,6.77,600145,6.77,6.5,6.53,,54538.0
2015-12-01 09:35,{},6.77,600145,6.77,6.5,6.53,36.5757,54538.0
2015-12-01 09:40,{},6.77,600145,6.77,6.77,6.77,5.9258,8836.0
2015-12-01 09:40,,6.77,600145,6.77,6.77,6.77,,8836.0
2015-12-01 09:45,,6.77,600145,6.77,6.77,6.77,,3412.0
2015-12-01 09:45,{},6.77,600145,6.77,6.77,6.77,2.2882,3412.0
2015-12-01 09:50,,6.77,600145,6.77,6.77,6.77,,489.0
2015-12-01 09:50,{},6.77,600145,6.77,6.77,6.77,0.3279,489.0
2015-12-01 09:55,{},6.77,600145,6.77,6.77,6.77,0.4815,718.0
2015-12-01 09:55,,6.77,600145,6.77,6.77,6.77,,718.0
2015-12-01 10:00,,6.77,600145,6.77,6.77,6.77,,237.0
2015-12-01 10:00,{},6.77,600145,6.77,6.77,6.77,0.1589,237.0
2015-12-01 10:05,{},6.77,600145,6.77,6.77,6.77,0.3259,486.0
2015-12-01 10:05,,6.77,600145,6.77,6.77,6.77,,486.0
2015-12-01 10:10,{},6.77,600145,6.77,6.77,6.77,0.9443,1408.0
2015-12-01 10:10,,6.77,600145,6.77,6.77,6.77,,1408.0
2015-12-01 10:15,,6.77,600145,6.77,6.77,6.77,,119.0
2015-12-01 10:15,{},6.77,600145,6.77,6.77,6.77,0.0798,119.0
2015-12-01 10:20,{},6.77,600145,6.77,6.77,6.77,0.11599999999999999,173.0
2015-12-01 10:20,{},6.77,600145,6.77,6.77,6.77,0.116,173.0
2015-12-01 10:20,,6.77,600145,6.77,6.77,6.77,,173.0
2015-12-01 10:25,,6.77,600145,6.77,6.77,6.77,,97.0
2015-12-01 10:25,{},6.77,600145,6.77,6.77,6.77,0.0651,97.0
2015-12-01 10:30,,6.77,600145,6.77,6.77,6.77,,583.0
2015-12-01 10:30,{},6.77,600145,6.77,6.77,6.77,0.391,583.0
2015-12-01 10:35,{},6.77,600145,6.77,6.77,6.77,0.0067,10.0
2015-12-01 10:35,,6.77,600145,6.77,6.77,6.77,,10.0
2015-12-01 10:40,{},6.77,600145,6.77,6.77,6.77,0.0194,29.0
2015-12-01 10:40,,6.77,600145,6.77,6.77,6.77,,29.0
2015-12-01 10:50,{},6.77,600145,6.77,6.77,6.77,0.0523,78.0
2015-12-01 10:50,,6.77,600145,6.77,6.77,6.77,,78.0
2015-12-01 10:55,,6.77,600145,6.77,6.77,6.77,,936.0
2015-12-01 10:55,{},6.77,600145,6.77,6.77,6.77,0.6277,936.0
2015-12-01 11:00,,6.77,600145,6.77,6.77,6.77,,362.0
2015-12-01 11:00,{},6.77,600145,6.77,6.77,6.77,0.2428,362.0
2015-12-01 11:05,{},6.77,600145,6.77,6.77,6.77,0.1603,239.0
2015-12-01 11:05,,6.77,600145,6.77,6.77,6.77,,239.0
2015-12-01 11:10,,6.77,600145,6.77,6.77,6.77,,33.0
2015-12-01 11:10,{},6.77,600145,6.77,6.77,6.77,0.0221,33.0
2015-12-01 11:15,,6.77,600145,6.77,6.77,6.77,,63.0
2015-12-01 11:15,{},6.77,600145,6.77,6.77,6.77,0.0423,63.0
2015-12-01 11:20,,6.77,600145,6.77,6.77,6.77,,384.0
2015-12-01 11:20,{},6.77,600145,6.77,6.77,6.77,0.2575,384.0
2015-12-01 11:30,{},6.77,600145,6.77,6.77,6.77,0.0275,41.0
2015-12-01 11:30,,6.77,600145,6.77,6.77,6.77,,41.0
2015-12-01 13:05,{},6.77,600145,6.77,6.77,6.77,0.338,504.0
2015-12-01 13:05,,6.77,600145,6.77,6.77,6.77,,504.0
2015-12-01 13:05,{},6.77,600145,6.77,6.77,6.77,0.33799999999999997,504.0
2015-12-01 13:10,{},6.77,600145,6.77,6.77,6.77,0.0342,51.0
2015-12-01 13:10,,6.77,600145,6.77,6.77,6.77,,51.0
2015-12-01 13:15,,6.77,600145,6.77,6.77,6.77,,98.0
2015-12-01 13:15,{},6.77,600145,6.77,6.77,6.77,0.0657,98.0
2015-12-01 13:20,{},6.77,600145,6.77,6.77,6.77,0.0751,112.0
2015-12-01 13:20,,6.77,600145,6.77,6.77,6.77,,112.0
2015-12-01 13:25,{},6.77,600145,6.77,6.77,6.77,0.1093,163.0
2015-12-01 13:25,,6.77,600145,6.77,6.77,6.77,,163.0
2015-12-01 13:30,{},6.77,600145,6.77,6.77,6.77,0.0094,14.0
2015-12-01 13:30,,6.77,600145,6.77,6.77,6.77,,14.0
2015-12-01 13:40,,6.77,600145,6.77,6.77,6.77,,9.0
2015-12-01 13:40,{},6.77,600145,6.77,6.77,6.77,0.006,9.0
2015-12-01 13:45,{},6.77,600145,6.77,6.77,6.77,0.0107,16.0
2015-12-01 13:45,,6.77,600145,6.77,6.77,6.77,,16.0
2015-12-01 13:50,,6.77,600145,6.77,6.77,6.77,,4.0
2015-12-01 13:50,{},6.77,600145,6.77,6.77,6.77,0.0027,4.0
2015-12-01 13:55,,6.77,600145,6.77,6.77,6.77,,6.0
2015-12-01 13:55,{},6.77,600145,6.77,6.77,6.77,0.004,6.0
2015-12-01 14:00,,6.77,600145,6.77,6.77,6.77,,49.0
2015-12-01 14:00,{},6.77,600145,6.77,6.77,6.77,0.0329,49.0
2015-12-01 14:05,,6.77,600145,6.77,6.77,6.77,,19.0
2015-12-01 14:05,{},6.77,600145,6.77,6.77,6.77,0.0127,19.0
2015-12-01 14:10,,6.77,600145,6.77,6.77,6.77,,216.0
2015-12-01 14:10,{},6.77,600145,6.77,6.77,6.77,0.1449,216.0
2015-12-01 14:15,,6.77,600145,6.77,6.77,6.77,,412.0
2015-12-01 14:15,{},6.77,600145,6.77,6.77,6.77,0.2763,412.0
2015-12-01 14:20,,6.77,600145,6.77,6.77,6.77,,314.0
2015-12-01 14:20,{},6.77,600145,6.77,6.77,6.77,0.2106,314.0
2015-12-01 14:25,{},6.77,600145,6.77,6.77,6.77,0.0744,111.0
2015-12-01 14:25,,6.77,600145,6.77,6.77,6.77,,111.0
2015-12-01 14:30,,6.77,600145,6.77,6.77,6.77,,765.0
2015-12-01 14:30,{},6.77,600145,6.77,6.77,6.77,0.513,765.0
2015-12-01 14:35,{},6.77,600145,6.77,6.77,6.77,0.2622,391.0
2015-12-01 14:35,,6.77,600145,6.77,6.77,6.77,,391.0
2015-12-01 14:45,,6.77,600145,6.77,6.77,6.77,,1005.0
2015-12-01 14:45,{},6.77,600145,6.77,6.77,6.77,0.674,1005.0
2015-12-01 14:50,,6.77,600145,6.77,6.77,6.77,,45.0
2015-12-01 14:50,{},6.77,600145,6.77,6.77,6.77,0.0302,45.0
2015-12-01 14:55,{},6.77,600145,6.77,6.77,6.77,0.008,12.0
2015-12-01 14:55,,6.77,600145,6.77,6.77,6.77,,12.0
2015-12-01 15:00,{},6.77,600145,6.77,6.77,6.77,0.1462,218.0
2015-12-01 15:00,,6.77,600145,6.77,6.77,6.77,,218.0
2015-12-02 09:35,,7.11,600145,7.11,6.88,7.01,,105336.0
2015-12-02 09:35,{},7.11,600145,7.11,6.88,7.01,70.6431,105336.0
2015-12-02 09:40,,7.11,600145,7.11,7.11,7.11,,2121.0
2015-12-02 09:40,{},7.11,600145,7.11,7.11,7.11,1.4224,2121.0
2015-12-02 09:45,,7.11,600145,7.11,7.11,7.11,,1047.0
2015-12-02 09:45,{},7.11,600145,7.11,7.11,7.11,0.7022,1047.0
2015-12-02 09:50,{},7.11,600145,7.11,7.11,7.11,1.4479,2159.0
2015-12-02 09:50,,7.11,600145,7.11,7.11,7.11,,2159.0
2015-12-02 09:55,,7.11,600145,7.11,7.11,7.11,,258.0
2015-12-02 09:55,{},7.11,600145,7.11,7.11,7.11,0.17300000000000001,258.0
2015-12-02 09:55,{},7.11,600145,7.11,7.11,7.11,0.173,258.0
2015-12-02 10:00,,7.11,600145,7.11,7.11,7.11,,424.0
2015-12-02 10:00,{},7.11,600145,7.11,7.11,7.11,0.2844,424.0
2015-12-02 10:05,,7.11,600145,7.11,7.11,7.11,,266.0
2015-12-02 10:05,{},7.11,600145,7.11,7.11,7.11,0.1784,266.0
2015-12-02 10:10,{},7.11,600145,7.11,7.11,7.11,0.0054,8.0
2015-12-02 10:10,,7.11,600145,7.11,7.11,7.11,,8.0
2015-12-02 10:15,{},7.11,600145,7.11,7.11,7.11,0.0872,130.0
2015-12-02 10:15,,7.11,600145,7.11,7.11,7.11,,130.0
2015-12-02 10:20,,7.11,600145,7.11,7.11,7.11,,57.0
2015-12-02 10:20,{},7.11,600145,7.11,7.11,7.11,0.0382,57.0
2015-12-02 10:25,,7.11,600145,7.11,7.11,7.11,,68.0
2015-12-02 10:25,{},7.11,600145,7.11,7.11,7.11,0.0456,68.0
2015-12-02 10:30,{},7.11,600145,7.11,7.11,7.11,0.0402,60.0
2015-12-02 10:30,,7.11,600145,7.11,7.11,7.11,,60.0
2015-12-02 10:35,,7.11,600145,7.11,7.11,7.11,,479.0
2015-12-02 10:35,{},7.11,600145,7.11,7.11,7.11,0.3212,479.0
2015-12-02 10:40,,7.11,600145,7.11,7.11,7.11,,163.0
2015-12-02 10:40,{},7.11,600145,7.11,7.11,7.11,0.1093,163.0
2015-12-02 10:45,{},7.05,600145,7.11,7.05,7.11,24.8018,36982.0
2015-12-02 10:45,,7.05,600145,7.11,7.05,7.11,,36982.0
2015-12-02 10:50,,7.08,600145,7.09,6.95,7.05,,22869.0
2015-12-02 10:50,{},7.08,600145,7.09,6.95,7.05,15.337,22869.0
2015-12-02 10:55,,7.08,600145,7.1,7.02,7.08,,22388.0
2015-12-02 10:55,{},7.08,600145,7.1,7.02,7.08,15.0144,22388.0
2015-12-02 11:00,,7.09,600145,7.09,7.04,7.08,,14329.0
2015-12-02 11:00,{},7.09,600145,7.09,7.04,7.08,9.6097,14329.0
2015-12-02 11:05,,7.1,600145,7.11,7.08,7.09,,14615.0
2015-12-02 11:05,{},7.1,600145,7.11,7.08,7.09,9.8015,14615.0
2015-12-02 11:10,{},7.09,600145,7.11,7.01,7.1,7.915,11802.0
2015-12-02 11:10,,7.09,600145,7.11,7.01,7.1,,11802.0
2015-12-02 11:15,{},7.07,600145,7.11,7.06,7.09,6.4758,9656.0
2015-12-02 11:15,,7.07,600145,7.11,7.06,7.09,,9656.0
2015-12-02 11:20,,7.11,600145,7.11,7.06,7.07,,7074.0
2015-12-02 11:20,{},7.11,600145,7.11,7.06,7.07,4.7441,7074.0
2015-12-02 11:25,,7.11,600145,7.11,7.09,7.11,,11063.0
2015-12-02 11:25,{},7.11,600145,7.11,7.09,7.11,7.4194,11063.0
2015-12-02 11:30,{},7.11,600145,7.11,7.1,7.11,4.4082,6573.0
2015-12-02 11:30,,7.11,600145,7.11,7.1,7.11,,6573.0
2015-12-02 13:05,{},7.1,600145,7.11,7.07,7.11,5.6247,8387.0
2015-12-02 13:05,,7.1,600145,7.11,7.07,7.11,,8387.0
2015-12-02 13:10,{},7.11,600145,7.11,7.08,7.1,4.4175,6587.0
2015-12-02 13:10,,7.11,600145,7.11,7.08,7.1,,6587.0
2015-12-02 13:15,,7.1,600145,7.11,7.09,7.11,,5246.0
2015-12-02 13:15,{},7.1,600145,7.11,7.09,7.11,3.5182,5246.0
2015-12-02 13:20,{},7.11,600145,7.11,7.08,7.1,3.7643,5613.0
2015-12-02 13:20,,7.11,600145,7.11,7.08,7.1,,5613.0
2015-12-02 13:25,{},7.09,600145,7.11,7.08,7.11,1.2575,1875.0
2015-12-02 13:25,,7.09,600145,7.11,7.08,7.11,,1875.0
2015-12-02 13:30,,7.1,600145,7.11,7.08,7.09,,4123.0
2015-12-02 13:30,{},7.1,600145,7.11,7.08,7.09,2.7651,4123.0
2015-12-02 13:35,{},7.1,600145,7.11,7.09,7.1,2.3479,3501.0
2015-12-02 13:35,,7.1,600145,7.11,7.09,7.1,,3501.0
2015-12-02 13:40,{},7.08,600145,7.1,7.08,7.1,2.8596,4264.0
2015-12-02 13:40,,7.08,600145,7.1,7.08,7.1,,4264.0
2015-12-02 13:45,{},7.11,600145,7.11,7.08,7.08,1.5344,2288.0
2015-12-02 13:45,,7.11,600145,7.11,7.08,7.08,,2288.0
2015-12-02 13:50,{},7.11,600145,7.11,7.1,7.11,0.8356,1246.0
2015-12-02 13:50,,7.11,600145,7.11,7.1,7.11,,1246.0
2015-12-02 13:55,{},7.11,600145,7.11,7.1,7.11,1.6679,2487.0
2015-12-02 13:55,,7.11,600145,7.11,7.1,7.11,,2487.0
2015-12-02 14:00,{},7.1,600145,7.11,7.1,7.11,2.1052,3139.0
2015-12-02 14:00,,7.1,600145,7.11,7.1,7.11,,3139.0
2015-12-02 14:05,{},7.11,600145,7.11,7.1,7.1,5.1418,7667.0
2015-12-02 14:05,,7.11,600145,7.11,7.1,7.1,,7667.0
2015-12-02 14:10,,7.11,600145,7.11,7.11,7.11,,1068.0
2015-12-02 14:10,{},7.11,600145,7.11,7.11,7.11,0.7162,1068.0
2015-12-02 14:15,,7.11,600145,7.11,7.11,7.11,,65.0
2015-12-02 14:15,{},7.11,600145,7.11,7.11,7.11,0.0436,65.0
2015-12-02 14:20,{},7.11,600145,7.11,7.11,7.11,4.1775,6229.0
2015-12-02 14:20,,7.11,600145,7.11,7.11,7.11,,6229.0
2015-12-02 14:25,{},7.11,600145,7.11,7.1,7.11,3.2144,4793.0
2015-12-02 14:25,,7.11,600145,7.11,7.1,7.11,,4793.0
2015-12-02 14:30,{},7.11,600145,7.11,7.11,7.11,0.6177,921.0
2015-12-02 14:30,,7.11,600145,7.11,7.11,7.11,,921.0
2015-12-02 14:35,{},7.11,600145,7.11,7.1,7.11,3.6631,5462.0
2015-12-02 14:35,,7.11,600145,7.11,7.1,7.11,,5462.0
2015-12-02 14:40,,7.1,600145,7.11,7.08,7.11,,4661.0
2015-12-02 14:40,{},7.1,600145,7.11,7.08,7.11,3.1259,4661.0
2015-12-02 14:45,,7.05,600145,7.11,7.05,7.1,,4868.0
2015-12-02 14:45,{},7.05,600145,7.11,7.05,7.1,3.2647,4868.0
2015-12-02 14:50,{},7.06,600145,7.07,7.02,7.05,4.9547,7388.0
2015-12-02 14:50,,7.06,600145,7.07,7.02,7.05,,7388.0
2015-12-02 14:55,{},6.97,600145,7.06,6.93,7.06,8.6567,12908.0
2015-12-02 14:55,,6.97,600145,7.06,6.93,7.06,,12908.0
2015-12-02 15:00,,6.97,600145,7.02,6.96,6.97,,6926.0
2015-12-02 15:00,{},6.97,600145,7.02,6.96,6.97,4.6449,6926.0
2015-12-03 09:35,{},7.04,600145,7.04,6.73,6.73,29.7975,44431.0
2015-12-03 09:35,,7.04,600145,7.04,6.73,6.73,,44431.0
2015-12-03 09:40,,7.09,600145,7.09,6.99,7.09,,28972.0
2015-12-03 09:40,{},7.09,600145,7.09,6.99,7.09,19.4299,28972.0
2015-12-03 09:45,{},7.05,600145,7.12,7.04,7.09,8.0162,11953.0
2015-12-03 09:45,,7.05,600145,7.12,7.04,7.09,,11953.0
2015-12-03 09:50,,6.97,600145,7.08,6.95,7.05,,10277.0
2015-12-03 09:50,{},6.97,600145,7.08,6.95,7.05,6.8922,10277.0
2015-12-03 09:55,{},7.0,600145,7.04,6.97,6.97,3.8448,5733.0
2015-12-03 09:55,,7.0,600145,7.04,6.97,6.97,,5733.0
2015-12-03 10:00,{},6.98,600145,7.02,6.96,7.01,5.4752,8164.0
2015-12-03 10:00,,6.98,600145,7.02,6.96,7.01,,8164.0
2015-12-03 10:05,{},6.95,600145,6.97,6.91,6.97,4.4759,6674.0
2015-12-03 10:05,,6.95,600145,6.97,6.91,6.97,,6674.0
2015-12-03 10:10,{},7.0,600145,7.02,6.94,6.95,3.0313,4520.0
2015-12-03 10:10,,7.0,600145,7.02,6.94,6.95,,4520.0
2015-12-03 10:15,{},7.0,600145,7.0,6.98,7.0,2.4271,3619.0
2015-12-03 10:15,,7.0,600145,7.0,6.98,7.0,,3619.0
2015-12-03 10:20,,6.98,600145,7.0,6.97,7.0,,3761.0
2015-12-03 10:20,{},6.98,600145,7.0,6.97,7.0,2.5223,3761.0
2015-12-03 10:25,{},6.99,600145,6.99,6.97,6.98,2.6041,3883.0
2015-12-03 10:25,,6.99,600145,6.99,6.97,6.98,,3883.0
2015-12-03 10:30,,7.01,600145,7.03,6.99,6.99,,5115.0
2015-12-03 10:30,{},7.01,600145,7.03,6.99,6.99,3.4304,5115.0
2015-12-03 10:35,,7.04,600145,7.04,7.01,7.01,,3637.0
2015-12-03 10:35,{},7.04,600145,7.04,7.01,7.01,2.4391,3637.0
2015-12-03 10:40,{},7.0,600145,7.03,6.99,7.03,2.2869,3410.0
2015-12-03 10:40,,7.0,600145,7.03,6.99,7.03,,3410.0
2015-12-03 10:45,{},6.99,600145,7.0,6.99,7.0,1.5364,2291.0
2015-12-03 10:45,,6.99,600145,7.0,6.99,7.0,,2291.0
2015-12-03 10:50,{},7.02,600145,7.02,6.98,6.99,1.3259,1977.0
2015-12-03 10:50,,7.02,600145,7.02,6.98,6.99,,1977.0
2015-12-03 10:55,{},7.01,600145,7.02,6.99,7.02,3.0058,4482.0
2015-12-03 10:55,,7.01,600145,7.02,6.99,7.02,,4482.0
2015-12-03 11:00,{},7.01,600145,7.01,7.0,7.01,1.0408,1552.0
2015-12-03 11:00,,7.01,600145,7.01,7.0,7.01,,1552.0
2015-12-03 11:05,,7.03,600145,7.04,7.01,7.01,,3641.0
2015-12-03 11:05,{},7.03,600145,7.04,7.01,7.01,2.4418,3641.0
2015-12-03 11:10,,7.04,600145,7.06,7.03,7.03,,6424.0
2015-12-03 11:10,{},7.04,600145,7.06,7.03,7.03,4.3082,6424.0
2015-12-03 11:15,{},7.03,600145,7.05,7.03,7.04,1.5002,2237.0
2015-12-03 11:15,,7.03,600145,7.05,7.03,7.04,,2237.0
2015-12-03 11:20,{},7.04,600145,7.04,7.01,7.03,1.1629,1734.0
2015-12-03 11:20,,7.04,600145,7.04,7.01,7.03,,1734.0
2015-12-03 11:25,,7.01,600145,7.04,7.01,7.04,,2261.0
2015-12-03 11:25,{},7.01,600145,7.04,7.01,7.04,1.5163,2261.0
2015-12-03 11:30,{},7.03,600145,7.03,7.01,7.01,0.68,1014.0
2015-12-03 11:30,,7.03,600145,7.03,7.01,7.01,,1014.0
2015-12-03 13:05,,7.09,600145,7.1,7.03,7.03,,6582.0
2015-12-03 13:05,{},7.09,600145,7.1,7.03,7.03,4.4142,6582.0
2015-12-03 13:10,{},7.08,600145,7.11,7.08,7.09,3.8616,5758.0
2015-12-03 13:10,,7.08,600145,7.11,7.08,7.09,,5758.0
2015-12-03 13:15,{},7.13,600145,7.13,7.08,7.08,3.7576,5603.0
2015-12-03 13:15,,7.13,600145,7.13,7.08,7.08,,5603.0
2015-12-03 13:20,{},7.24,600145,7.26,7.12,7.13,8.1014,12080.0
2015-12-03 13:20,,7.24,600145,7.26,7.12,7.13,,12080.0
2015-12-03 13:25,{},7.19,600145,7.25,7.16,7.24,3.883,5790.0
2015-12-03 13:25,,7.19,600145,7.25,7.16,7.24,,5790.0
2015-12-03 13:30,,7.24,600145,7.26,7.19,7.19,,8496.0
2015-12-03 13:30,{},7.24,600145,7.26,7.19,7.19,5.6978,8496.0
2015-12-03 13:35,,7.25,600145,7.25,7.2,7.24,,4626.0
2015-12-03 13:35,{},7.25,600145,7.25,7.2,7.24,3.1024,4626.0
2015-12-03 13:40,,7.23,600145,7.26,7.22,7.25,,4081.0
2015-12-03 13:40,{},7.23,600145,7.26,7.22,7.25,2.7369,4081.0
2015-12-03 13:45,,7.21,600145,7.24,7.21,7.23,,3652.0
2015-12-03 13:45,{},7.21,600145,7.24,7.21,7.23,2.4492,3652.0
2015-12-03 13:50,,7.19,600145,7.22,7.19,7.21,,3827.0
2015-12-03 13:50,{},7.19,600145,7.22,7.19,7.21,2.5666,3827.0
2015-12-03 13:55,{},7.14,600145,7.2,7.13,7.19,2.7081,4038.0
2015-12-03 13:55,,7.14,600145,7.2,7.13,7.19,,4038.0
2015-12-03 14:00,,7.19,600145,7.19,7.11,7.14,,7929.0
2015-12-03 14:00,{},7.19,600145,7.19,7.11,7.14,5.3175,7929.0
2015-12-03 14:05,,7.18,600145,7.2,7.15,7.19,,5231.0
2015-12-03 14:05,{},7.18,600145,7.2,7.15,7.19,3.5081,5231.0
2015-12-03 14:10,{},7.14,600145,7.18,7.12,7.18,1.9328,2882.0
2015-12-03 14:10,,7.14,600145,7.18,7.12,7.18,,2882.0
2015-12-03 14:15,,7.14,600145,7.16,7.13,7.14,,4687.0
2015-12-03 14:15,{},7.14,600145,7.16,7.13,7.14,3.1433,4687.0
2015-12-03 14:20,{},7.12,600145,7.15,7.1,7.14,1.9878,2964.0
2015-12-03 14:20,,7.12,600145,7.15,7.1,7.14,,2964.0
2015-12-03 14:25,,7.12,600145,7.13,7.12,7.12,,2405.0
2015-12-03 14:25,{},7.12,600145,7.13,7.12,7.12,1.6129,2405.0
2015-12-03 14:30,{},7.1,600145,7.13,7.08,7.12,5.2149,7776.0
2015-12-03 14:30,,7.1,600145,7.13,7.08,7.12,,7776.0
2015-12-03 14:35,{},7.12,600145,7.13,7.09,7.1,5.1935,7744.0
2015-12-03 14:35,,7.12,600145,7.13,7.09,7.1,,7744.0
2015-12-03 14:40,,7.1,600145,7.12,7.09,7.12,,4749.0
2015-12-03 14:40,{},7.1,600145,7.12,7.09,7.12,3.1849,4749.0
2015-12-03 14:45,,7.1,600145,7.1,7.06,7.1,,7782.0
2015-12-03 14:45,{},7.1,600145,7.1,7.06,7.1,5.218999999999999,7782.0
2015-12-03 14:45,{},7.1,600145,7.1,7.06,7.1,5.219,7782.0
2015-12-03 14:50,{},7.1,600145,7.11,7.1,7.1,2.2889,3413.0
2015-12-03 14:50,,7.1,600145,7.11,7.1,7.1,,3413.0
2015-12-03 14:55,,7.09,600145,7.11,7.08,7.1,,10417.0
2015-12-03 14:55,{},7.09,600145,7.11,7.08,7.1,6.9861,10417.0
2015-12-03 15:00,{},7.05,600145,7.09,7.04,7.09,9.5238,14201.0
2015-12-03 15:00,,7.05,600145,7.09,7.04,7.09,,14201.0
2015-12-04 09:35,,7.27,600145,7.34,7.1,7.1,,82411.0
2015-12-04 09:35,{},7.27,600145,7.34,7.1,7.1,55.2686,82411.0
2015-12-04 09:40,{},7.25,600145,7.31,7.25,7.27,18.9652,28279.0
2015-12-04 09:40,,7.25,600145,7.31,7.25,7.27,,28279.0
2015-12-04 09:45,{},7.21,600145,7.25,7.13,7.25,11.6149,17319.0
2015-12-04 09:45,,7.21,600145,7.25,7.13,7.25,,17319.0
2015-12-04 09:50,,7.17,600145,7.24,7.16,7.21,,16484.0
2015-12-04 09:50,{},7.17,600145,7.24,7.16,7.21,11.0549,16484.0
2015-12-04 09:55,,7.19,600145,7.21,7.16,7.17,,9903.0
2015-12-04 09:55,{},7.19,600145,7.21,7.16,7.17,6.6414,9903.0
2015-12-04 10:00,,7.21,600145,7.21,7.17,7.18,,7192.0
2015-12-04 10:00,{},7.21,600145,7.21,7.17,7.18,4.8233,7192.0
2015-12-04 10:05,,7.22,600145,7.22,7.19,7.21,,10799.0
2015-12-04 10:05,{},7.22,600145,7.22,7.19,7.21,7.2423,10799.0
2015-12-04 10:10,{},7.22,600145,7.23,7.22,7.22,6.8942,10280.0
2015-12-04 10:10,,7.22,600145,7.23,7.22,7.22,,10280.0
2015-12-04 10:15,,7.23,600145,7.24,7.19,7.22,,15376.0
2015-12-04 10:15,{},7.23,600145,7.24,7.19,7.22,10.3118,15376.0
2015-12-04 10:20,,7.22,600145,7.23,7.2,7.23,,9661.0
2015-12-04 10:20,{},7.22,600145,7.23,7.2,7.23,6.4791,9661.0
2015-12-04 10:25,{},7.27,600145,7.27,7.21,7.22,4.264,6358.0
2015-12-04 10:25,{},7.27,600145,7.27,7.21,7.22,4.263999999999999,6358.0
2015-12-04 10:25,,7.27,600145,7.27,7.21,7.22,,6358.0
2015-12-04 10:30,{},7.24,600145,7.28,7.24,7.27,7.7815,11603.0
2015-12-04 10:30,,7.24,600145,7.28,7.24,7.27,,11603.0
2015-12-04 10:35,{},7.26,600145,7.26,7.23,7.24,4.5369,6765.0
2015-12-04 10:35,,7.26,600145,7.26,7.23,7.24,,6765.0
2015-12-04 10:40,,7.25,600145,7.26,7.24,7.26,,9108.0
2015-12-04 10:40,{},7.25,600145,7.26,7.24,7.26,6.1082,9108.0
2015-12-04 10:45,,7.24,600145,7.25,7.23,7.24,,3842.0
2015-12-04 10:45,{},7.24,600145,7.25,7.23,7.24,2.5766,3842.0
2015-12-04 10:50,,7.22,600145,7.25,7.22,7.24,,5859.0
2015-12-04 10:50,{},7.22,600145,7.25,7.22,7.24,3.9293,5859.0
2015-12-04 10:55,{},7.21,600145,7.24,7.21,7.22,3.3626,5014.0
2015-12-04 10:55,,7.21,600145,7.24,7.21,7.22,,5014.0
2015-12-04 11:00,{},7.24,600145,7.24,7.21,7.21,3.6778,5484.0
2015-12-04 11:00,,7.24,600145,7.24,7.21,7.21,,5484.0
2015-12-04 11:05,,7.23,600145,7.24,7.21,7.23,,4497.0
2015-12-04 11:05,{},7.23,600145,7.24,7.21,7.23,3.0159,4497.0
2015-12-04 11:10,,7.2,600145,7.23,7.2,7.22,,9404.0
2015-12-04 11:10,{},7.2,600145,7.23,7.2,7.22,6.3068,9404.0
2015-12-04 11:15,,7.17,600145,7.2,7.17,7.2,,7607.0
2015-12-04 11:15,{},7.17,600145,7.2,7.17,7.2,5.1016,7607.0
2015-12-04 11:20,{},7.16,600145,7.18,7.14,7.17,7.7232,11516.0
2015-12-04 11:20,,7.16,600145,7.18,7.14,7.17,,11516.0
2015-12-04 11:25,{},7.22,600145,7.22,7.15,7.16,3.2003,4772.0
2015-12-04 11:25,,7.22,600145,7.22,7.15,7.16,,4772.0
2015-12-04 11:30,,7.21,600145,7.22,7.2,7.22,,3746.0
2015-12-04 11:30,{},7.21,600145,7.22,7.2,7.22,2.5122,3746.0
2015-12-04 13:05,,7.25,600145,7.26,7.21,7.21,,16409.0
2015-12-04 13:05,{},7.25,600145,7.26,7.21,7.21,11.0046,16409.0
2015-12-04 13:10,,7.2,600145,7.25,7.2,7.25,,8162.0
2015-12-04 13:10,{},7.2,600145,7.25,7.2,7.25,5.4738,8162.0
2015-12-04 13:15,{},7.22,600145,7.22,7.2,7.2,4.4055,6569.0
2015-12-04 13:15,,7.22,600145,7.22,7.2,7.2,,6569.0
2015-12-04 13:20,,7.21,600145,7.22,7.2,7.22,,6193.0
2015-12-04 13:20,{},7.21,600145,7.22,7.2,7.22,4.1533,6193.0
2015-12-04 13:25,{},7.22,600145,7.23,7.2,7.21,4.9883,7438.0
2015-12-04 13:25,,7.22,600145,7.23,7.2,7.21,,7438.0
2015-12-04 13:30,{},7.23,600145,7.23,7.22,7.22,3.6805,5488.0
2015-12-04 13:30,,7.23,600145,7.23,7.22,7.22,,5488.0
2015-12-04 13:35,,7.22,600145,7.24,7.22,7.23,,8351.0
2015-12-04 13:35,{},7.22,600145,7.24,7.22,7.23,5.6006,8351.0
2015-12-04 13:40,{},7.22,600145,7.23,7.22,7.22,4.9453,7374.0
2015-12-04 13:40,,7.22,600145,7.23,7.22,7.22,,7374.0
2015-12-04 13:45,{},7.21,600145,7.23,7.19,7.22,9.5319,14213.0
2015-12-04 13:45,,7.21,600145,7.23,7.19,7.22,,14213.0
2015-12-04 13:50,,7.2,600145,7.22,7.19,7.21,,6498.0
2015-12-04 13:50,{},7.2,600145,7.22,7.19,7.21,4.3579,6498.0
2015-12-04 13:55,,7.21,600145,7.22,7.19,7.2,,5016.0
2015-12-04 13:55,{},7.21,600145,7.22,7.19,7.2,3.364,5016.0
2015-12-04 14:00,,7.21,600145,7.22,7.19,7.21,,8372.0
2015-12-04 14:00,{},7.21,600145,7.22,7.19,7.21,5.6146,8372.0
2015-12-04 14:05,,7.2,600145,7.21,7.19,7.21,,10509.0
2015-12-04 14:05,{},7.2,600145,7.21,7.19,7.21,7.0478,10509.0
2015-12-04 14:10,,7.18,600145,7.21,7.18,7.2,,8373.0
2015-12-04 14:10,{},7.18,600145,7.21,7.18,7.2,5.6153,8373.0
2015-12-04 14:15,,7.2,600145,7.2,7.17,7.18,,5877.0
2015-12-04 14:15,{},7.2,600145,7.2,7.17,7.18,3.9414,5877.0
2015-12-04 14:20,,7.2,600145,7.21,7.19,7.2,,8441.0
2015-12-04 14:20,{},7.2,600145,7.21,7.19,7.2,5.6609,8441.0
2015-12-04 14:25,,7.2,600145,7.21,7.19,7.19,,8226.0
2015-12-04 14:25,{},7.2,600145,7.21,7.19,7.19,5.5167,8226.0
2015-12-04 14:30,,7.4,600145,7.4,7.2,7.2,,60083.0
2015-12-04 14:30,{},7.4,600145,7.4,7.2,7.2,40.2944,60083.0
2015-12-04 14:35,{},7.4,600145,7.4,7.36,7.4,27.2376,40614.0
2015-12-04 14:35,,7.4,600145,7.4,7.36,7.4,,40614.0
2015-12-04 14:40,,7.4,600145,7.4,7.39,7.4,,41578.0
2015-12-04 14:40,{},7.4,600145,7.4,7.39,7.4,27.8841,41578.0
2015-12-04 14:45,{},7.4,600145,7.4,7.4,7.4,3.8965,5810.0
2015-12-04 14:45,,7.4,600145,7.4,7.4,7.4,,5810.0
2015-12-04 14:50,,7.4,600145,7.4,7.4,7.4,,11774.0
2015-12-04 14:50,{},7.4,600145,7.4,7.4,7.4,7.8962,11774.0
2015-12-04 14:55,,7.4,600145,7.4,7.39,7.4,,13670.0
2015-12-04 14:55,{},7.4,600145,7.4,7.39,7.4,9.1677,13670.0
2015-12-04 15:00,{},7.4,600145,7.4,7.4,7.4,4.7991,7156.0
2015-12-04 15:00,,7.4,600145,7.4,7.4,7.4,,7156.0
