date,open,close,high,low,volume,amount,turnoverratio,code
2019-08-09 14:55,15.26,15.31,15.31,15.21,515.0,{},2.8317,300384
2019-08-09 15:00,15.31,15.33,15.33,15.25,244.0,{},1.3416,300384
2019-08-12 09:35,15.31,15.27,15.4,15.25,1163.0,{},6.3947,300384
2019-08-12 09:40,15.27,15.24,15.32,15.24,489.0,{},2.6887,300384
2019-08-12 09:45,15.24,15.19,15.27,15.16,661.0,{},3.6345,300384
2019-08-12 09:50,15.19,15.2,15.27,15.14,431.0,{},2.3698,300384
2019-08-12 09:55,15.2,15.24,15.3,15.16,325.0,{},1.7870,300384
2019-08-12 10:00,15.24,15.22,15.28,15.13,392.0,{},2.1554,300384
2019-08-12 10:05,15.22,15.22,15.26,15.19,239.0,{},1.3141,300384
2019-08-12 10:10,15.22,15.26,15.3,15.22,214.0,{},1.1767,300384
2019-08-12 10:15,15.26,15.23,15.26,15.21,127.0,{},0.6983,300384
2019-08-12 10:20,15.23,15.26,15.26,15.22,190.0,{},1.0447,300384
2019-08-12 10:25,15.26,15.28,15.28,15.22,299.0,{},1.6440,300384
2019-08-12 10:30,15.28,15.3,15.31,15.27,453.0,{},2.4908,300384
2019-08-12 10:35,15.3,15.29,15.3,15.27,247.0,{},1.3581,300384
2019-08-12 10:40,15.29,15.31,15.37,15.29,824.0,{},4.5307,300384
2019-08-12 10:45,15.31,15.28,15.34,15.28,155.0,{},0.8523,300384
2019-08-12 10:50,15.28,15.26,15.28,15.26,76.0,{},0.4179,300384
2019-08-12 10:55,15.26,15.23,15.27,15.23,207.0,{},1.1382,300384
2019-08-12 11:00,15.23,15.26,15.28,15.2,267.0,{},1.4681,300384
2019-08-12 11:05,15.26,15.23,15.27,15.23,129.0,{},0.7093,300384
2019-08-12 11:10,15.23,15.29,15.29,15.22,298.0,{},1.6385,300384
2019-08-12 11:15,15.29,15.26,15.31,15.26,59.0,{},0.3244,300384
2019-08-12 11:20,15.26,15.23,15.26,15.21,149.0,{},0.8193,300384
2019-08-12 11:25,15.23,15.24,15.24,15.23,1.0,{},0.0055,300384
2019-08-12 11:30,15.24,15.23,15.24,15.21,132.0,{},0.7258,300384
2019-08-12 13:05,15.23,15.19,15.25,15.18,272.0,{},1.4956,300384
2019-08-12 13:10,15.19,15.19,15.2,15.18,335.0,{},1.8420,300384
2019-08-12 13:15,15.19,15.18,15.19,15.17,349.0,{},1.9189,300384
2019-08-12 13:20,15.18,15.2,15.2,15.17,76.0,{},0.4179,300384
2019-08-12 13:25,15.2,15.15,15.2,15.1,472.0,{},2.5953,300384
2019-08-12 13:30,15.15,15.16,15.2,15.1,410.0,{},2.2544,300384
2019-08-12 13:35,15.16,15.19,15.19,15.1,327.0,{},1.7980,300384
2019-08-12 13:40,15.19,15.19,15.2,15.15,160.0,{},0.8797,300384
2019-08-12 13:45,15.19,15.18,15.19,15.15,464.0,{},2.5513,300384
2019-08-12 13:50,15.18,15.16,15.19,15.15,522.0,{},2.8702,300384
2019-08-12 13:55,15.16,15.2,15.2,15.15,485.0,{},2.6667,300384
2019-08-12 14:00,15.2,15.22,15.23,15.16,379.0,{},2.0839,300384
2019-08-12 14:05,15.22,15.25,15.29,15.19,545.0,{},2.9966,300384
2019-08-12 14:10,15.25,15.21,15.26,15.2,228.0,{},1.2536,300384
2019-08-12 14:15,15.21,15.23,15.25,15.21,176.0,{},0.9677,300384
2019-08-12 14:20,15.23,15.25,15.25,15.21,274.0,{},1.5066,300384
2019-08-12 14:25,15.25,15.33,15.33,15.22,493.0,{},2.7107,300384
2019-08-12 14:30,15.33,15.29,15.33,15.25,514.0,{},2.8262,300384
2019-08-12 14:35,15.29,15.3,15.3,15.26,420.0,{},2.3093,300384
2019-08-12 14:40,15.3,15.27,15.34,15.26,1271.0,{},6.9885,300384
2019-08-12 14:45,15.27,15.32,15.32,15.26,565.0,{},3.1066,300384
2019-08-12 14:50,15.32,15.32,15.32,15.25,1743.0,{},9.5837,300384
2019-08-12 14:55,15.32,15.35,15.37,15.31,1688.0,{},9.2813,300384
2019-08-12 15:00,15.35,15.37,15.37,15.35,743.0,{},4.0853,300384
2019-08-13 09:35,15.38,15.19,15.38,15.17,1309.0,{},7.1974,300384
2019-08-13 09:40,15.19,15.15,15.25,15.1,1085.0,{},5.9658,300384
2019-08-13 09:45,15.15,15.17,15.23,15.14,594.0,{},3.2661,300384
2019-08-13 09:50,15.17,15.18,15.21,15.17,231.0,{},1.2701,300384
2019-08-13 09:55,15.18,15.18,15.22,15.18,250.0,{},1.3746,300384
2019-08-13 10:00,15.18,15.17,15.18,15.13,1161.0,{},6.3837,300384
2019-08-13 10:05,15.17,15.24,15.29,15.13,593.0,{},3.2606,300384
2019-08-13 10:10,15.24,15.19,15.24,15.17,163.0,{},0.8962,300384
2019-08-13 10:15,15.19,15.2,15.2,15.17,51.0,{},0.2804,300384
2019-08-13 10:20,15.2,15.16,15.2,15.15,197.0,{},1.0832,300384
2019-08-13 10:25,15.16,15.15,15.17,15.15,215.0,{},1.1822,300384
2019-08-13 10:30,15.15,15.17,15.17,15.15,114.0,{},0.6268,300384
2019-08-13 10:35,15.17,15.15,15.17,15.15,170.0,{},0.9347,300384
2019-08-13 10:40,15.15,15.14,15.15,15.13,985.0,{},5.4159,300384
2019-08-13 10:45,15.14,15.12,15.16,15.12,249.0,{},1.3691,300384
2019-08-13 10:50,15.12,15.12,15.14,15.12,177.0,{},0.9732,300384
2019-08-13 10:55,15.12,15.14,15.14,15.12,83.0,{},0.4564,300384
2019-08-13 11:00,15.14,15.12,15.14,15.12,189.0,{},1.0392,300384
2019-08-13 11:05,15.12,15.13,15.13,15.12,78.0,{},0.4289,300384
2019-08-13 11:10,15.13,15.17,15.17,15.11,188.0,{},1.0337,300384
2019-08-13 11:15,15.17,15.12,15.18,15.12,178.0,{},0.9787,300384
2019-08-13 11:20,15.12,15.03,15.12,15.03,912.0,{},5.0146,300384
2019-08-13 11:25,15.03,15.1,15.11,15.02,562.0,{},3.0901,300384
2019-08-13 11:30,15.1,15.16,15.16,15.05,232.0,{},1.2756,300384
2019-08-13 13:05,15.16,15.24,15.25,15.08,412.0,{},2.2653,300384
2019-08-13 13:10,15.24,15.18,15.24,15.16,361.0,{},1.9849,300384
2019-08-13 13:15,15.18,15.17,15.21,15.17,90.0,{},0.4949,300384
2019-08-13 13:20,15.17,15.16,15.2,15.16,47.0,{},0.2584,300384
2019-08-13 13:25,15.16,15.15,15.16,15.14,24.0,{},0.1320,300384
2019-08-13 13:30,15.15,15.18,15.19,15.15,98.0,{},0.5388,300384
2019-08-13 13:35,15.18,15.17,15.2,15.17,40.0,{},0.2199,300384
2019-08-13 13:40,15.17,15.11,15.17,15.11,54.0,{},0.2969,300384
2019-08-13 13:45,15.11,15.14,15.14,15.11,14.0,{},0.0770,300384
2019-08-13 13:50,15.14,15.1,15.14,15.1,90.0,{},0.4949,300384
2019-08-13 13:55,15.1,15.18,15.18,15.1,210.0,{},1.1547,300384
2019-08-13 14:00,15.18,15.15,15.19,15.11,110.0,{},0.6048,300384
2019-08-13 14:05,15.15,15.18,15.19,15.12,118.0,{},0.6488,300384
2019-08-13 14:10,15.18,15.21,15.21,15.13,366.0,{},2.0124,300384
2019-08-13 14:15,15.21,15.19,15.24,15.18,549.0,{},3.0186,300384
2019-08-13 14:20,15.19,15.17,15.2,15.17,129.0,{},0.7093,300384
2019-08-13 14:25,15.17,15.16,15.17,15.14,140.0,{},0.7698,300384
2019-08-13 14:30,15.16,15.13,15.2,15.13,351.0,{},1.9299,300384
2019-08-13 14:35,15.13,15.15,15.17,15.13,94.0,{},0.5169,300384
2019-08-13 14:40,15.15,15.14,15.17,15.14,144.0,{},0.7918,300384
2019-08-13 14:45,15.14,15.16,15.16,15.11,435.0,{},2.3918,300384
2019-08-13 14:50,15.16,15.12,15.16,15.11,172.0,{},0.9457,300384
2019-08-13 14:55,15.12,15.19,15.25,15.11,998.0,{},5.4874,300384
2019-08-13 15:00,15.19,15.36,15.36,15.16,1273.0,{},6.9995,300384
2019-08-14 09:35,15.63,15.49,15.63,15.41,1653.0,{},9.0889,300384
2019-08-14 09:40,15.49,15.51,15.53,15.48,1233.0,{},6.7796,300384
2019-08-14 09:45,15.51,15.4,15.51,15.4,931.0,{},5.1190,300384
2019-08-14 09:50,15.4,15.44,15.48,15.37,1556.0,{},8.5555,300384
2019-08-14 09:55,15.44,15.44,15.44,15.4,603.0,{},3.3155,300384
2019-08-14 10:00,15.44,15.38,15.44,15.38,963.0,{},5.2950,300384
2019-08-14 10:05,15.38,15.42,15.44,15.31,893.0,{},4.9101,300384
2019-08-14 10:10,15.42,15.36,15.42,15.35,112.0,{},0.6158,300384
2019-08-14 10:15,15.36,15.39,15.4,15.35,85.0,{},0.4674,300384
2019-08-14 10:20,15.39,15.37,15.4,15.37,193.0,{},1.0612,300384
2019-08-14 10:25,15.37,15.37,15.38,15.36,73.0,{},0.4014,300384
2019-08-14 10:30,15.37,15.33,15.38,15.33,366.0,{},2.0124,300384
2019-08-14 10:35,15.33,15.36,15.38,15.31,353.0,{},1.9409,300384
2019-08-14 10:40,15.36,15.37,15.37,15.33,108.0,{},0.5938,300384
2019-08-14 10:45,15.37,15.35,15.37,15.34,64.0,{},0.3519,300384
2019-08-14 10:50,15.35,15.37,15.37,15.34,257.0,{},1.4131,300384
2019-08-14 10:55,15.37,15.39,15.39,15.35,139.0,{},0.7643,300384
2019-08-14 11:00,15.39,15.37,15.41,15.37,143.0,{},0.7863,300384
2019-08-14 11:05,15.37,15.4,15.4,15.37,37.0,{},0.2034,300384
2019-08-14 11:10,15.4,15.41,15.42,15.39,342.0,{},1.8805,300384
2019-08-14 11:15,15.41,15.4,15.44,15.4,352.0,{},1.9354,300384
2019-08-14 11:20,15.4,15.41,15.44,15.4,438.0,{},2.4083,300384
2019-08-14 11:25,15.41,15.44,15.44,15.41,129.0,{},0.7093,300384
2019-08-14 11:30,15.44,15.46,15.46,15.44,202.0,{},1.1107,300384
2019-08-14 13:05,15.46,15.45,15.49,15.44,914.0,{},5.0256,300384
2019-08-14 13:10,15.45,15.46,15.46,15.45,196.0,{},1.0777,300384
2019-08-14 13:15,15.46,15.44,15.46,15.44,190.0,{},1.0447,300384
2019-08-14 13:20,15.44,15.44,15.45,15.43,250.0,{},1.3746,300384
2019-08-14 13:25,15.44,15.39,15.46,15.38,626.0,{},3.4420,300384
2019-08-14 13:30,15.39,15.37,15.39,15.37,315.0,{},1.7320,300384
2019-08-14 13:35,15.37,15.39,15.4,15.37,130.0,{},0.7148,300384
2019-08-14 13:40,15.39,15.39,15.4,15.39,122.0,{},0.6708,300384
2019-08-14 13:45,15.39,15.4,15.4,15.38,139.0,{},0.7643,300384
2019-08-14 13:50,15.4,15.41,15.43,15.4,199.0,{},1.0942,300384
2019-08-14 13:55,15.41,15.41,15.43,15.41,183.0,{},1.0062,300384
2019-08-14 14:00,15.41,15.42,15.42,15.41,134.0,{},0.7368,300384
2019-08-14 14:05,15.42,15.4,15.44,15.39,394.0,{},2.1664,300384
2019-08-14 14:10,15.4,15.38,15.41,15.38,337.0,{},1.8530,300384
2019-08-14 14:15,15.38,15.37,15.38,15.36,521.0,{},2.8647,300384
2019-08-14 14:20,15.37,15.36,15.41,15.35,372.0,{},2.0454,300384
2019-08-14 14:25,15.36,15.36,15.41,15.36,298.0,{},1.6385,300384
2019-08-14 14:30,15.36,15.36,15.38,15.36,172.0,{},0.9457,300384
2019-08-14 14:35,15.36,15.34,15.4,15.34,875.0,{},4.8111,300384
2019-08-14 14:40,15.34,15.33,15.36,15.33,209.0,{},1.1492,300384
2019-08-14 14:45,15.33,15.35,15.36,15.32,282.0,{},1.5506,300384
2019-08-14 14:50,15.35,15.35,15.36,15.35,202.0,{},1.1107,300384
2019-08-14 14:55,15.35,15.36,15.38,15.34,733.0,{},4.0303,300384
2019-08-14 15:00,15.36,15.38,15.38,15.34,617.0,{},3.3925,300384
2019-08-15 09:35,15.0,15.07,15.15,14.9,1914.0,{},10.5226,300384
2019-08-15 09:40,15.07,15.12,15.14,15.06,775.0,{},4.2607,300384
2019-08-15 09:45,15.12,15.11,15.15,15.1,682.0,{},3.7494,300384
2019-08-15 09:50,15.11,15.11,15.16,15.1,831.0,{},4.5686,300384
2019-08-15 09:55,15.11,15.2,15.2,15.1,697.0,{},3.8319,300384
2019-08-15 10:00,15.2,15.16,15.2,15.15,422.0,{},2.3200,300384
2019-08-15 10:05,15.16,15.18,15.18,15.14,144.0,{},0.7917,300384
2019-08-15 10:10,15.18,15.2,15.2,15.18,151.0,{},0.8302,300384
2019-08-15 10:15,15.2,15.16,15.22,15.16,326.0,{},1.7923,300384
2019-08-15 10:20,15.16,15.17,15.17,15.16,126.0,{},0.6927,300384
2019-08-15 10:25,15.17,15.18,15.23,15.17,167.0,{},0.9181,300384
2019-08-15 10:30,15.18,15.19,15.21,15.18,97.0,{},0.5333,300384
2019-08-15 10:35,15.19,15.16,15.2,15.15,448.0,{},2.4630,300384
2019-08-15 10:40,15.16,15.2,15.24,15.15,435.0,{},2.3915,300384
2019-08-15 10:45,15.2,15.24,15.25,15.2,261.0,{},1.4349,300384
2019-08-15 10:50,15.24,15.3,15.3,15.23,441.0,{},2.4245,300384
2019-08-15 10:55,15.3,15.33,15.33,15.3,222.0,{},1.2205,300384
2019-08-15 11:00,15.33,15.27,15.33,15.27,248.0,{},1.3634,300384
2019-08-15 11:05,15.27,15.23,15.3,15.21,214.0,{},1.1765,300384
2019-08-15 11:10,15.23,15.18,15.23,15.18,269.0,{},1.4789,300384
2019-08-15 11:15,15.18,15.19,15.25,15.18,95.0,{},0.5223,300384
2019-08-15 11:20,15.19,15.19,15.19,15.17,220.0,{},1.2095,300384
2019-08-15 11:25,15.19,15.22,15.25,15.19,112.0,{},0.6157,300384
2019-08-15 11:30,15.22,15.24,15.28,15.22,15.0,{},0.0825,300384
2019-08-15 13:05,15.24,15.21,15.24,15.21,200.0,{},1.0995,300384
2019-08-15 13:10,15.21,15.21,15.22,15.21,49.0,{},0.2694,300384
2019-08-15 13:15,15.21,15.21,15.23,15.21,19.0,{},0.1045,300384
2019-08-15 13:20,15.21,15.26,15.26,15.21,205.0,{},1.1270,300384
2019-08-15 13:25,15.26,15.25,15.26,15.24,28.0,{},0.1539,300384
2019-08-15 13:30,15.25,15.24,15.26,15.24,64.0,{},0.3519,300384
2019-08-15 13:35,15.24,15.27,15.27,15.2,525.0,{},2.8863,300384
2019-08-15 13:40,15.27,15.29,15.29,15.25,184.0,{},1.0116,300384
2019-08-15 13:45,15.29,15.28,15.3,15.26,201.0,{},1.1050,300384
2019-08-15 13:50,15.28,15.27,15.28,15.25,88.0,{},0.4838,300384
2019-08-15 13:55,15.27,15.28,15.28,15.25,122.0,{},0.6707,300384
2019-08-15 14:00,15.28,15.27,15.28,15.26,46.0,{},0.2529,300384
2019-08-15 14:05,15.27,15.28,15.32,15.27,284.0,{},1.5613,300384
2019-08-15 14:10,15.28,15.32,15.36,15.28,546.0,{},3.0017,300384
2019-08-15 14:15,15.32,15.3,15.33,15.3,630.0,{},3.4636,300384
2019-08-15 14:20,15.3,15.46,15.48,15.3,897.0,{},4.9314,300384
2019-08-15 14:25,15.46,15.53,15.55,15.43,1171.0,{},6.4378,300384
2019-08-15 14:30,15.53,15.47,15.53,15.47,501.0,{},2.7543,300384
2019-08-15 14:35,15.47,15.52,15.56,15.43,1304.0,{},7.1690,300384
2019-08-15 14:40,15.52,15.49,15.52,15.46,249.0,{},1.3689,300384
2019-08-15 14:45,15.49,15.47,15.51,15.47,585.0,{},3.2162,300384
2019-08-15 14:50,15.47,15.49,15.49,15.45,854.0,{},4.6950,300384
2019-08-15 14:55,15.49,15.51,15.52,15.49,1078.0,{},5.9265,300384
2019-08-15 15:00,15.51,15.53,15.53,15.49,823.0,{},4.5246,300384
2019-08-16 09:35,15.53,15.57,15.6,15.47,744.0,{},4.0903,300384
2019-08-16 09:40,15.57,15.55,15.57,15.51,256.0,{},1.4074,300384
2019-08-16 09:45,15.55,15.51,15.56,15.47,376.0,{},2.0671,300384
2019-08-16 09:50,15.51,15.53,15.55,15.51,213.0,{},1.1710,300384
2019-08-16 09:55,15.53,15.55,15.55,15.53,238.0,{},1.3085,300384
2019-08-16 10:00,15.55,15.58,15.58,15.5,390.0,{},2.1441,300384
2019-08-16 10:05,15.58,15.57,15.59,15.57,481.0,{},2.6444,300384
2019-08-16 10:10,15.57,15.55,15.58,15.5,997.0,{},5.4812,300384
2019-08-16 10:15,15.55,15.66,15.66,15.54,448.0,{},2.4630,300384
2019-08-16 10:20,15.66,15.68,15.75,15.66,1319.0,{},7.2515,300384
2019-08-16 10:25,15.68,15.67,15.68,15.65,207.0,{},1.1380,300384
2019-08-16 10:30,15.67,15.69,15.7,15.67,534.0,{},2.9358,300384
2019-08-16 10:35,15.69,15.68,15.69,15.68,337.0,{},1.8527,300384
2019-08-16 10:40,15.68,15.71,15.71,15.68,251.0,{},1.3799,300384
2019-08-16 10:45,15.71,15.72,15.73,15.7,420.0,{},2.3090,300384
2019-08-16 10:50,15.72,15.72,15.74,15.71,542.0,{},2.9798,300384
2019-08-16 10:55,15.72,15.7,15.73,15.7,235.0,{},1.2920,300384
2019-08-16 11:00,15.7,15.64,15.7,15.64,633.0,{},3.4800,300384
2019-08-16 11:05,15.64,15.65,15.66,15.64,343.0,{},1.8857,300384
2019-08-16 11:10,15.65,15.63,15.65,15.62,272.0,{},1.4954,300384
2019-08-16 11:15,15.63,15.61,15.65,15.58,586.0,{},3.2217,300384
2019-08-16 11:20,15.61,15.62,15.63,15.6,345.0,{},1.8967,300384
2019-08-16 11:25,15.62,15.63,15.63,15.6,506.0,{},2.7818,300384
2019-08-16 11:30,15.63,15.62,15.65,15.62,451.0,{},2.4795,300384
2019-08-16 13:05,15.62,15.65,15.66,15.62,268.0,{},1.4734,300384
2019-08-16 13:10,15.65,15.64,15.65,15.62,197.0,{},1.0830,300384
2019-08-16 13:15,15.64,15.67,15.67,15.64,289.0,{},1.5888,300384
2019-08-16 13:20,15.67,15.72,15.72,15.66,444.0,{},2.4410,300384
2019-08-16 13:25,15.72,15.7,15.73,15.68,495.0,{},2.7214,300384
2019-08-16 13:30,15.7,15.67,15.7,15.66,564.0,{},3.1007,300384
2019-08-16 13:35,15.67,15.64,15.67,15.63,732.0,{},4.0243,300384
2019-08-16 13:40,15.64,15.64,15.64,15.62,494.0,{},2.7159,300384
2019-08-16 13:45,15.64,15.64,15.65,15.64,48.0,{},0.2639,300384
2019-08-16 13:50,15.64,15.63,15.65,15.63,221.0,{},1.2150,300384
2019-08-16 13:55,15.63,15.61,15.63,15.59,414.0,{},2.2760,300384
2019-08-16 14:00,15.61,15.63,15.63,15.6,270.0,{},1.4844,300384
2019-08-16 14:05,15.63,15.62,15.63,15.6,153.0,{},0.8411,300384
2019-08-16 14:10,15.62,15.6,15.62,15.59,270.0,{},1.4844,300384
2019-08-16 14:15,15.6,15.53,15.6,15.53,737.0,{},4.0518,300384
2019-08-16 14:20,15.53,15.66,15.72,15.51,1311.0,{},7.2075,300384
2019-08-16 14:25,15.66,15.7,15.72,15.63,574.0,{},3.1557,300384
2019-08-16 14:30,15.7,15.7,15.77,15.7,1150.0,{},6.3224,300384
2019-08-16 14:35,15.7,15.74,15.74,15.7,182.0,{},1.0006,300384
2019-08-16 14:40,15.74,15.68,15.74,15.66,269.0,{},1.4789,300384
2019-08-16 14:45,15.68,15.7,15.7,15.65,330.0,{},1.8142,300384
2019-08-16 14:50,15.7,15.71,15.71,15.66,716.0,{},3.9364,300384
2019-08-16 14:55,15.71,15.69,15.72,15.69,682.0,{},3.7494,300384
2019-08-16 15:00,15.69,15.72,15.72,15.69,425.0,{},2.3365,300384
2019-08-19 09:35,15.88,15.79,15.98,15.61,2256.0,{},12.4028,300384
2019-08-19 09:40,15.79,15.74,15.88,15.74,1585.0,{},8.7139,300384
2019-08-19 09:45,15.74,15.82,15.82,15.73,704.0,{},3.8704,300384
2019-08-19 09:50,15.82,15.81,15.85,15.81,222.0,{},1.2205,300384
2019-08-19 09:55,15.81,15.8,15.82,15.76,275.0,{},1.5119,300384
2019-08-19 10:00,15.8,15.86,15.88,15.75,788.0,{},4.3322,300384
2019-08-19 10:05,15.86,15.89,15.9,15.85,381.0,{},2.0946,300384
2019-08-19 10:10,15.89,15.96,15.97,15.88,1015.0,{},5.5802,300384
2019-08-19 10:15,15.96,15.91,15.96,15.9,411.0,{},2.2596,300384
2019-08-19 10:20,15.91,15.93,15.94,15.91,342.0,{},1.8802,300384
2019-08-19 10:25,15.93,15.88,15.93,15.88,376.0,{},2.0671,300384
2019-08-19 10:30,15.88,15.91,15.91,15.85,349.0,{},1.9187,300384
2019-08-19 10:35,15.91,15.91,15.92,15.9,181.0,{},0.9951,300384
2019-08-19 10:40,15.91,15.9,15.91,15.89,372.0,{},2.0451,300384
2019-08-19 10:45,15.9,15.98,15.98,15.9,1034.0,{},5.6846,300384
2019-08-19 10:50,15.98,15.97,16.05,15.96,1111.0,{},6.1079,300384
2019-08-19 10:55,15.97,16.02,16.03,15.97,386.0,{},2.1221,300384
2019-08-19 11:00,16.02,16.05,16.05,16.01,394.0,{},2.1661,300384
2019-08-19 11:05,16.05,16.06,16.06,16.04,404.0,{},2.2211,300384
2019-08-19 11:10,16.06,16.07,16.07,16.05,322.0,{},1.7703,300384
2019-08-19 11:15,16.07,16.11,16.12,16.05,773.0,{},4.2497,300384
2019-08-19 11:20,16.11,16.09,16.17,16.09,732.0,{},4.0243,300384
2019-08-19 11:25,16.09,16.1,16.1,16.07,385.0,{},2.1166,300384
2019-08-19 11:30,16.1,16.09,16.1,16.08,319.0,{},1.7538,300384
2019-08-19 13:05,16.09,16.23,16.26,16.09,1105.0,{},6.0750,300384
2019-08-19 13:10,16.23,16.17,16.25,16.16,487.0,{},2.6774,300384
2019-08-19 13:15,16.17,16.26,16.26,16.17,1425.0,{},7.8342,300384
2019-08-19 13:20,16.26,16.31,16.36,16.25,2092.0,{},11.5012,300384
2019-08-19 13:25,16.31,16.22,16.32,16.22,1573.0,{},8.6479,300384
2019-08-19 13:30,16.22,16.27,16.29,16.21,460.0,{},2.5289,300384
2019-08-19 13:35,16.27,16.22,16.27,16.22,466.0,{},2.5619,300384
2019-08-19 13:40,16.22,16.23,16.26,16.22,332.0,{},1.8252,300384
2019-08-19 13:45,16.23,16.23,16.23,16.2,382.0,{},2.1001,300384
2019-08-19 13:50,16.23,16.29,16.3,16.22,509.0,{},2.7983,300384
2019-08-19 13:55,16.29,16.26,16.33,16.26,897.0,{},4.9314,300384
2019-08-19 14:00,16.26,16.27,16.3,16.26,817.0,{},4.4916,300384
2019-08-19 14:05,16.27,16.26,16.28,16.25,428.0,{},2.3530,300384
2019-08-19 14:10,16.26,16.21,16.26,16.19,407.0,{},2.2376,300384
2019-08-19 14:15,16.21,16.28,16.28,16.2,433.0,{},2.3805,300384
2019-08-19 14:20,16.28,16.31,16.31,16.24,643.0,{},3.5350,300384
2019-08-19 14:25,16.31,16.33,16.36,16.31,795.0,{},4.3707,300384
2019-08-19 14:30,16.33,16.35,16.4,16.33,1265.0,{},6.9546,300384
2019-08-19 14:35,16.35,16.35,16.37,16.32,753.0,{},4.1398,300384
2019-08-19 14:40,16.35,16.34,16.36,16.34,276.0,{},1.5174,300384
2019-08-19 14:45,16.34,16.33,16.35,16.33,384.0,{},2.1111,300384
2019-08-19 14:50,16.33,16.29,16.34,16.27,705.0,{},3.8759,300384
2019-08-19 14:55,16.29,16.31,16.33,16.28,655.0,{},3.6010,300384
2019-08-19 15:00,16.31,16.32,16.32,16.31,394.0,{},2.1661,300384
2019-08-20 09:35,16.32,16.45,16.52,16.17,1960.0,{},10.7755,300384
2019-08-20 09:40,16.45,16.56,16.62,16.44,2155.0,{},11.8475,300384
2019-08-20 09:45,16.56,16.61,16.64,16.51,2232.0,{},12.2709,300384
2019-08-20 09:50,16.61,16.53,16.61,16.53,1369.0,{},7.5264,300384
2019-08-20 09:55,16.53,16.47,16.53,16.45,1165.0,{},6.4048,300384
2019-08-20 10:00,16.47,16.47,16.5,16.44,523.0,{},2.8753,300384
2019-08-20 10:05,16.47,16.43,16.48,16.42,416.0,{},2.2870,300384
2019-08-20 10:10,16.43,16.4,16.43,16.37,525.0,{},2.8863,300384
2019-08-20 10:15,16.4,16.39,16.42,16.38,712.0,{},3.9144,300384
2019-08-20 10:20,16.39,16.34,16.4,16.34,497.0,{},2.7324,300384
2019-08-20 10:25,16.34,16.33,16.35,16.25,527.0,{},2.8973,300384
2019-08-20 10:30,16.33,16.33,16.35,16.33,260.0,{},1.4294,300384
2019-08-20 10:35,16.33,16.3,16.35,16.28,596.0,{},3.2766,300384
2019-08-20 10:40,16.3,16.32,16.37,16.3,248.0,{},1.3634,300384
2019-08-20 10:45,16.32,16.35,16.37,16.32,60.0,{},0.3299,300384
2019-08-20 10:50,16.35,16.31,16.35,16.31,145.0,{},0.7972,300384
2019-08-20 10:55,16.31,16.36,16.38,16.28,452.0,{},2.4850,300384
2019-08-20 11:00,16.36,16.34,16.39,16.32,386.0,{},2.1221,300384
2019-08-20 11:05,16.34,16.38,16.39,16.31,391.0,{},2.1496,300384
2019-08-20 11:10,16.38,16.37,16.38,16.32,191.0,{},1.0501,300384
2019-08-20 11:15,16.37,16.39,16.42,16.37,419.0,{},2.3035,300384
2019-08-20 11:20,16.39,16.38,16.4,16.37,317.0,{},1.7428,300384
2019-08-20 11:25,16.38,16.38,16.39,16.38,181.0,{},0.9951,300384
2019-08-20 11:30,16.38,16.37,16.4,16.37,125.0,{},0.6872,300384
2019-08-20 13:05,16.37,16.39,16.4,16.37,179.0,{},0.9841,300384
2019-08-20 13:10,16.39,16.35,16.39,16.35,302.0,{},1.6603,300384
2019-08-20 13:15,16.35,16.41,16.43,16.34,834.0,{},4.5851,300384
2019-08-20 13:20,16.41,16.39,16.41,16.38,253.0,{},1.3909,300384
2019-08-20 13:25,16.39,16.35,16.39,16.32,475.0,{},2.6114,300384
2019-08-20 13:30,16.35,16.33,16.37,16.29,589.0,{},3.2381,300384
2019-08-20 13:35,16.33,16.29,16.38,16.29,608.0,{},3.3426,300384
2019-08-20 13:40,16.29,16.24,16.3,16.23,750.0,{},4.1233,300384
2019-08-20 13:45,16.24,16.25,16.29,16.24,446.0,{},2.4520,300384
2019-08-20 13:50,16.25,16.24,16.25,16.2,790.0,{},4.3432,300384
2019-08-20 13:55,16.24,16.29,16.33,16.23,477.0,{},2.6224,300384
2019-08-20 14:00,16.29,16.24,16.29,16.17,1098.0,{},6.0365,300384
2019-08-20 14:05,16.24,16.2,16.24,16.13,769.0,{},4.2277,300384
2019-08-20 14:10,16.2,16.17,16.23,16.14,583.0,{},3.2052,300384
2019-08-20 14:15,16.17,16.2,16.22,16.17,428.0,{},2.3530,300384
2019-08-20 14:20,16.2,16.22,16.22,16.2,308.0,{},1.6933,300384
2019-08-20 14:25,16.22,16.19,16.22,16.19,419.0,{},2.3035,300384
2019-08-20 14:30,16.19,16.26,16.32,16.18,737.0,{},4.0518,300384
2019-08-20 14:35,16.26,16.25,16.26,16.23,151.0,{},0.8302,300384
2019-08-20 14:40,16.25,16.28,16.28,16.21,438.0,{},2.4080,300384
2019-08-20 14:45,16.28,16.21,16.28,16.21,158.0,{},0.8686,300384
2019-08-20 14:50,16.21,16.22,16.24,16.15,801.0,{},4.4037,300384
2019-08-20 14:55,16.22,16.22,16.25,16.2,521.0,{},2.8643,300384
2019-08-20 15:00,16.22,16.22,16.22,16.2,438.0,{},2.4080,300384
2019-08-21 09:35,16.22,16.29,16.46,16.16,978.0,{},5.3768,300384
2019-08-21 09:40,16.29,16.31,16.37,16.24,740.0,{},4.0683,300384
2019-08-21 09:45,16.31,16.26,16.34,16.26,595.0,{},3.2711,300384
2019-08-21 09:50,16.26,16.26,16.27,16.24,318.0,{},1.7483,300384
2019-08-21 09:55,16.26,16.24,16.27,16.23,236.0,{},1.2975,300384
2019-08-21 10:00,16.24,16.26,16.31,16.24,459.0,{},2.5234,300384
2019-08-21 10:05,16.26,16.26,16.29,16.25,240.0,{},1.3194,300384
2019-08-21 10:10,16.26,16.25,16.27,16.25,151.0,{},0.8302,300384
2019-08-21 10:15,16.25,16.22,16.25,16.2,485.0,{},2.6664,300384
2019-08-21 10:20,16.22,16.21,16.23,16.2,522.0,{},2.8698,300384
2019-08-21 10:25,16.21,16.19,16.22,16.15,763.0,{},4.1947,300384
2019-08-21 10:30,16.19,16.19,16.19,16.16,98.0,{},0.5388,300384
2019-08-21 10:35,16.19,16.18,16.21,16.17,134.0,{},0.7367,300384
2019-08-21 10:40,16.18,16.22,16.22,16.18,108.0,{},0.5938,300384
2019-08-21 10:45,16.22,16.19,16.22,16.18,62.0,{},0.3409,300384
2019-08-21 10:50,16.19,16.22,16.22,16.19,114.0,{},0.6267,300384
2019-08-21 10:55,16.22,16.22,16.22,16.2,111.0,{},0.6102,300384
2019-08-21 11:00,16.22,16.25,16.31,16.22,920.0,{},5.0579,300384
2019-08-21 11:05,16.25,16.25,16.26,16.24,64.0,{},0.3519,300384
2019-08-21 11:10,16.25,16.26,16.26,16.24,109.0,{},0.5992,300384
2019-08-21 11:15,16.26,16.3,16.31,16.26,358.0,{},1.9682,300384
2019-08-21 11:20,16.3,16.27,16.3,16.27,88.0,{},0.4838,300384
2019-08-21 11:25,16.27,16.25,16.28,16.25,58.0,{},0.3189,300384
2019-08-21 11:30,16.25,16.25,16.25,16.23,30.0,{},0.1649,300384
2019-08-21 13:05,16.25,16.24,16.27,16.24,96.0,{},0.5278,300384
2019-08-21 13:10,16.24,16.26,16.26,16.23,52.0,{},0.2859,300384
2019-08-21 13:15,16.26,16.29,16.3,16.24,290.0,{},1.5943,300384
2019-08-21 13:20,16.29,16.33,16.35,16.28,1286.0,{},7.0700,300384
2019-08-21 13:25,16.33,16.32,16.34,16.28,333.0,{},1.8307,300384
2019-08-21 13:30,16.32,16.28,16.34,16.26,469.0,{},2.5784,300384
2019-08-21 13:35,16.28,16.29,16.32,16.26,157.0,{},0.8631,300384
2019-08-21 13:40,16.29,16.26,16.3,16.24,190.0,{},1.0446,300384
2019-08-21 13:45,16.26,16.23,16.26,16.21,378.0,{},2.0781,300384
2019-08-21 13:50,16.23,16.24,16.26,16.23,174.0,{},0.9566,300384
2019-08-21 13:55,16.24,16.21,16.24,16.2,472.0,{},2.5949,300384
2019-08-21 14:00,16.21,16.23,16.25,16.21,75.0,{},0.4123,300384
2019-08-21 14:05,16.23,16.23,16.23,16.22,58.0,{},0.3189,300384
2019-08-21 14:10,16.23,16.23,16.33,16.23,774.0,{},4.2552,300384
2019-08-21 14:15,16.23,16.24,16.3,16.22,561.0,{},3.0842,300384
2019-08-21 14:20,16.24,16.25,16.25,16.24,75.0,{},0.4123,300384
2019-08-21 14:25,16.25,16.24,16.27,16.24,208.0,{},1.1435,300384
2019-08-21 14:30,16.24,16.23,16.24,16.22,125.0,{},0.6872,300384
2019-08-21 14:35,16.23,16.24,16.25,16.22,183.0,{},1.0061,300384
2019-08-21 14:40,16.24,16.23,16.25,16.23,243.0,{},1.3359,300384
2019-08-21 14:45,16.23,16.23,16.23,16.21,96.0,{},0.5278,300384
2019-08-21 14:50,16.23,16.22,16.24,16.22,76.0,{},0.4178,300384
2019-08-21 14:55,16.22,16.27,16.27,16.2,1096.0,{},6.0255,300384
2019-08-21 15:00,16.27,16.27,16.27,16.26,566.0,{},3.1117,300384
2019-08-22 09:35,16.34,16.18,16.34,16.18,785.0,{},4.3157,300384
2019-08-22 09:40,16.18,16.2,16.21,16.13,1002.0,{},5.5087,300384
2019-08-22 09:45,16.2,16.13,16.2,16.13,731.0,{},4.0188,300384
2019-08-22 09:50,16.13,16.1,16.14,16.08,1321.0,{},7.2625,300384
2019-08-22 09:55,16.1,16.1,16.13,16.09,968.0,{},5.3218,300384
2019-08-22 10:00,16.1,16.11,16.14,16.08,408.0,{},2.2431,300384
2019-08-22 10:05,16.11,16.13,16.13,16.09,424.0,{},2.3310,300384
2019-08-22 10:10,16.13,16.12,16.13,16.1,173.0,{},0.9511,300384
2019-08-22 10:15,16.12,16.13,16.14,16.1,377.0,{},2.0726,300384
2019-08-22 10:20,16.13,16.14,16.14,16.12,87.0,{},0.4783,300384
2019-08-22 10:25,16.14,16.13,16.14,16.12,268.0,{},1.4734,300384
2019-08-22 10:30,16.13,16.11,16.13,16.08,653.0,{},3.5900,300384
2019-08-22 10:35,16.11,16.12,16.15,16.11,150.0,{},0.8247,300384
2019-08-22 10:40,16.12,16.14,16.14,16.11,82.0,{},0.4508,300384
2019-08-22 10:45,16.14,16.15,16.16,16.13,262.0,{},1.4404,300384
2019-08-22 10:50,16.15,16.1,16.15,16.08,472.0,{},2.5949,300384
2019-08-22 10:55,16.1,16.09,16.11,16.09,111.0,{},0.6102,300384
2019-08-22 11:00,16.09,16.1,16.1,16.08,261.0,{},1.4349,300384
2019-08-22 11:05,16.1,16.08,16.11,16.07,182.0,{},1.0006,300384
2019-08-22 11:10,16.08,16.09,16.09,16.06,204.0,{},1.1215,300384
2019-08-22 11:15,16.09,16.08,16.1,16.07,103.0,{},0.5663,300384
2019-08-22 11:20,16.08,16.08,16.11,16.07,84.0,{},0.4618,300384
2019-08-22 11:25,16.08,16.09,16.11,16.07,94.0,{},0.5168,300384
2019-08-22 11:30,16.09,16.09,16.1,16.08,17.0,{},0.0935,300384
2019-08-22 13:05,16.09,16.09,16.09,16.06,135.0,{},0.7422,300384
2019-08-22 13:10,16.09,16.09,16.1,16.09,120.0,{},0.6597,300384
2019-08-22 13:15,16.09,16.1,16.1,16.06,112.0,{},0.6157,300384
2019-08-22 13:20,16.1,16.09,16.12,16.08,379.0,{},2.0836,300384
2019-08-22 13:25,16.09,16.07,16.1,16.06,336.0,{},1.8472,300384
2019-08-22 13:30,16.07,16.07,16.09,16.06,157.0,{},0.8631,300384
2019-08-22 13:35,16.07,16.1,16.1,16.07,249.0,{},1.3689,300384
2019-08-22 13:40,16.1,16.07,16.11,16.06,571.0,{},3.1392,300384
2019-08-22 13:45,16.07,16.08,16.1,16.04,504.0,{},2.7708,300384
2019-08-22 13:50,16.08,16.07,16.08,16.06,270.0,{},1.4844,300384
2019-08-22 13:55,16.07,16.1,16.1,16.06,189.0,{},1.0391,300384
2019-08-22 14:00,16.1,16.1,16.11,16.09,108.0,{},0.5938,300384
2019-08-22 14:05,16.1,16.12,16.14,16.1,268.0,{},1.4734,300384
2019-08-22 14:10,16.12,16.12,16.13,16.1,134.0,{},0.7367,300384
2019-08-22 14:15,16.12,16.13,16.13,16.12,226.0,{},1.2425,300384
2019-08-22 14:20,16.13,16.18,16.19,16.13,193.0,{},1.0611,300384
2019-08-22 14:25,16.18,16.13,16.18,16.13,306.0,{},1.6823,300384
2019-08-22 14:30,16.13,16.11,16.14,16.1,138.0,{},0.7587,300384
2019-08-22 14:35,16.11,16.16,16.16,16.11,188.0,{},1.0336,300384
2019-08-22 14:40,16.16,16.16,16.21,16.14,450.0,{},2.4740,300384
2019-08-22 14:45,16.16,16.19,16.2,16.15,185.0,{},1.0171,300384
2019-08-22 14:50,16.19,16.16,16.19,16.15,294.0,{},1.6163,300384
2019-08-22 14:55,16.16,16.14,16.18,16.12,269.0,{},1.4789,300384
2019-08-22 15:00,16.14,16.18,16.18,16.14,192.0,{},1.0556,300384
2019-08-23 09:35,16.15,16.14,16.2,16.1,387.0,{},2.1276,300384
2019-08-23 09:40,16.14,16.18,16.18,16.07,1365.0,{},7.5044,300384
2019-08-23 09:45,16.18,16.18,16.2,16.14,800.0,{},4.3982,300384
2019-08-23 09:50,16.18,16.16,16.2,16.15,575.0,{},3.1612,300384
2019-08-23 09:55,16.16,16.15,16.16,16.13,558.0,{},3.0677,300384
2019-08-23 10:00,16.15,16.13,16.15,16.13,245.0,{},1.3469,300384
2019-08-23 10:05,16.13,16.06,16.13,16.06,513.0,{},2.8203,300384
2019-08-23 10:10,16.06,16.07,16.11,16.02,473.0,{},2.6004,300384
2019-08-23 10:15,16.07,16.06,16.12,16.05,293.0,{},1.6108,300384
2019-08-23 10:20,16.06,16.04,16.06,16.04,488.0,{},2.6829,300384
2019-08-23 10:25,16.04,16.05,16.08,16.04,266.0,{},1.4624,300384
2019-08-23 10:30,16.05,16.06,16.07,16.04,148.0,{},0.8137,300384
2019-08-23 10:35,16.06,16.13,16.13,16.05,560.0,{},3.0787,300384
2019-08-23 10:40,16.13,16.11,16.13,16.09,273.0,{},1.5009,300384
2019-08-23 10:45,16.11,16.07,16.11,16.06,262.0,{},1.4404,300384
2019-08-23 10:50,16.07,16.07,16.09,16.06,156.0,{},0.8576,300384
2019-08-23 10:55,16.07,16.09,16.1,16.07,51.0,{},0.2804,300384
2019-08-23 11:00,16.09,16.1,16.1,16.06,252.0,{},1.3854,300384
2019-08-23 11:05,16.1,16.09,16.1,16.06,286.0,{},1.5723,300384
2019-08-23 11:10,16.09,16.09,16.11,16.09,52.0,{},0.2859,300384
2019-08-23 11:15,16.09,16.09,16.09,16.07,212.0,{},1.1655,300384
2019-08-23 11:20,16.09,16.08,16.09,16.02,556.0,{},3.0567,300384
2019-08-23 11:25,16.08,16.12,16.12,16.04,367.0,{},2.0177,300384
2019-08-23 11:30,16.12,16.14,16.14,16.1,419.0,{},2.3035,300384
2019-08-23 13:05,16.14,16.26,16.28,16.14,2704.0,{},14.8658,300384
2019-08-23 13:10,16.26,16.25,16.28,16.2,1020.0,{},5.6077,300384
2019-08-23 13:15,16.25,16.26,16.29,16.25,725.0,{},3.9858,300384
2019-08-23 13:20,16.26,16.31,16.34,16.26,1068.0,{},5.8715,300384
2019-08-23 13:25,16.31,16.45,16.45,16.3,1727.0,{},9.4945,300384
2019-08-23 13:30,16.45,16.51,16.51,16.39,3111.0,{},17.1033,300384
2019-08-23 13:35,16.51,16.46,16.52,16.44,2322.0,{},12.7657,300384
2019-08-23 13:40,16.46,16.54,16.57,16.45,1930.0,{},10.6106,300384
2019-08-23 13:45,16.54,16.59,16.69,16.53,3498.0,{},19.2310,300384
2019-08-23 13:50,16.59,16.58,16.6,16.56,1719.0,{},9.4505,300384
2019-08-23 13:55,16.58,16.64,16.65,16.57,1097.0,{},6.0310,300384
2019-08-23 14:00,16.64,16.72,16.72,16.59,2150.0,{},11.8201,300384
2019-08-23 14:05,16.72,16.83,16.83,16.69,2721.0,{},14.9592,300384
2019-08-23 14:10,16.83,16.78,16.85,16.71,1576.0,{},8.6644,300384
2019-08-23 14:15,16.78,16.92,16.92,16.77,2573.0,{},14.1456,300384
2019-08-23 14:20,16.92,17.14,17.16,16.85,3228.0,{},17.7466,300384
2019-08-23 14:25,17.14,17.12,17.15,17.0,2496.0,{},13.7223,300384
2019-08-23 14:30,17.12,17.15,17.15,17.0,1636.0,{},8.9942,300384
2019-08-23 14:35,17.15,17.33,17.4,17.12,2071.0,{},11.3857,300384
2019-08-23 14:40,17.33,17.59,17.69,17.33,4338.0,{},23.8490,300384
2019-08-23 14:45,17.59,17.4,17.61,17.4,1859.0,{},10.2202,300384
2019-08-23 14:50,17.4,17.29,17.43,17.29,1429.0,{},7.8562,300384
2019-08-23 14:55,17.29,17.36,17.4,17.21,1954.0,{},10.7425,300384
2019-08-23 15:00,17.36,17.34,17.36,17.34,1034.0,{},5.6846,300384
